Tanggal,Teks_Ulasan,Rating
2026-05-27 08:39:16,"game pelit, gacha gilt 72× isinya sampah semua",1
2026-05-27 08:33:26,ok juga,2
2026-05-27 08:27:05,mantap banget grafik nya keren,5
2026-05-27 08:11:47,game bagus halalw,5
2026-05-27 06:51:15,game menarik kurangnya event nya yg kurang memuaskan,5
2026-05-27 06:18:52,game kontol,1
2026-05-27 04:53:45,Tch nandayo koitse,4
2026-05-27 04:24:55,di sayang kan sinyalnya di perbaiki,5
2026-05-27 04:20:26,"game ngantuk dan kikir saya heran masih ada yang mau memainkannya, ayo pindah delta force!!!",5
2026-05-27 03:37:53,"wey gimna nih akun ku yg login facebook kok gak bisa di buka,, macam mana ini,, izin login yg bisa cuman lewat gmail,, sedangkan akun ku yg satu nya cuman login FB mana udah top up banyak lagi",2
2026-05-27 03:04:55,seru banget,5
2026-05-27 02:17:45,HAPUS GRADING KNTOLL,1
2026-05-27 00:38:21,"saya gak bisa login , hanya stuck di loading 😓🫩",1
2026-05-27 00:02:37,"cuma buat tes hp baru aja, game play nya jauh lebih enak free fire. petualangannya sih bagus, cuma lebih suka perangnya saja",1
2026-05-26 23:47:35,game rusak,1
2026-05-26 23:25:54,grinding idiot ajg,1
2026-05-26 22:44:58,"makin jelek game pubg sekarang pakai ada greding segala makin kesini makin gak seru kecewa kita dengan game pubg sekarang bukan heppy yg di dapat atau kesenangan ,ada nya greding bikin player makin ngendok bikin bosen gk kaya dulu seson awal² seru",2
2026-05-26 22:32:01,bot nya kurangi lah eventnya jelek lebih baik kasih event tanpa merubah map dengan memberikan loot lebih banyak di daerah tertentu,3
2026-05-26 22:12:17,"gw main dr season 4,Alhamdulillah betah sampe sekarang,min tolong ram nya di perkecil,biar temen gw yg android ram kecil bisa main lagi",5
2026-05-26 21:47:02,gatau males pengin main ml,1
2026-05-26 21:39:21,👍,5
2026-05-26 21:36:08,"seru juga nih, tapi ada masalah di jaringan aja nih tolong di optimalkan",4
2026-05-26 21:16:33,gamenya susah,1
2026-05-26 20:35:37,"tolong lah bug bug nya di hilangkan,nyesek kali rasanya habis top up mau push rank ada aja penyakit nya,paling ngeselin bug jaringan,padahal sinyal bagus tapi bisa bisa nya loading,konyol kali bug nya",1
2026-05-26 19:54:21,"pliss ilangin aja mode grading menurut ku itu cuman bikin turun KD,emang betul Rank yg bakal nambah naik tapi KD ancur2an cumn demi naik rank.. kan orang2 pada ngendok semuaaaa!! pliss lah PUBG plisss hapus grading itu capek nihh😭😭 semenjak ada grading jujur nih KD gw malah hancur..capek ama PUBG skrg..🥱",3
2026-05-26 19:49:19,aku pemain lama udah 8thn kecewa tidak di kasih baju gilt dan xsuitnya kalau nanti tidak di kasih baju gilt ala gladiator fiks saya akan berhenti main pubgm😭😭😭😭😭😭,1
2026-05-26 19:39:54,bagus tapi gak bisa di buka eror,1
2026-05-26 18:42:18,game haram jangan buat mainnin pas bulan ramadhan,1
2026-05-26 18:41:17,matchmaking terlalu lama sampai 9 menit. dan gagal,1
2026-05-26 18:40:43,"aturan tambah gak jelas ini,email bener² aktif di bilang tidak aktif kocak ni server bodoh,peraturan juga bodoh,login email di bilang salah akun koplak🤬🤬",1
2026-05-26 18:18:39,77 8i k,5
2026-05-26 17:16:21,kacau hampir tiap hari updet mulu apk makin berat pantesan player pubg sekarang beekurang trus banyak skin yang aneh aneh kaya game ff gak seruu,1
2026-05-26 16:01:52,pubg game haram mending main game gta san andreas,1
2026-05-26 14:49:26,game baperan,3
2026-05-26 14:14:22,"game ini sangat baik di mainkan dan baik Skali untuk mengasah otak dengan mencari senjata dan menembak musuh baik itu di licik atau di rangjer petanya juga sangat banyak game PUBG ini ngga ada yang kalahin kalau di game game PUBG ini lebih baik dari dari manapun itu kalau dari saya game PUBG ini tetap game nomor 1 se dunia stau SE alam semesta,buat yang membuat game PUBG ini aku berterimakasih sekali kepada xprmbuat game ini, jika game ini tidak ada saya tidak akan merasakan bermain game PUBG.🤍",5
2026-05-26 13:43:38,server bapuk,1
2026-05-26 12:57:56,mirip ff,4
2026-05-26 12:55:55,"kepada game Pubg yang terhormat: TOLONG DITAMBAHKAN TOMBOL (AUTO SCOPE) karena saya player 2 jari, saya kesulitan saat memainkan game ini. mohon tombol auto scopenya ditambahkan, terima kasih.🙂",5
2026-05-26 12:52:19,game burik banyak orang ngedok,1
2026-05-26 12:15:34,Lukman Bima Ntb (Lukman HJaharudin),5
2026-05-26 11:59:16,di hp redmegic lancar jaya grafik super smooth dan extreme,5
2026-05-26 11:42:29,semenjak.4.4 saya main bug dan patah2.ngelat parah.mau beli hp sesuain masi belum mampu.saya pakai samsung m30s sudah tidak kuat lagi untuk bermain,5
2026-05-26 11:19:43,gem ini sangat bagus dan menyenangkan,5
2026-05-26 11:18:22,musuh nya boot semua,2
2026-05-26 10:37:17,miss pubg before,5
2026-05-26 10:27:26,bagus,5
2026-05-26 10:13:28,"tolong developer nya kenapa UC saya tiba² berkurang sendiri pdahal tidak digunakan, tolong lah kita beli UC mengunakan uang sungguhan,UC saya berkurang kisaran 300 UC kurang dikit, tolong perbaiki sistem keamanan",5
2026-05-26 09:17:40,I em like pubg,5
2026-05-26 08:29:08,game mandang sosial,1
2026-05-26 08:08:37,ikut ikutan epep dih,1
2026-05-26 08:03:26,"saat bermain game, saya merekam permainan untuk satu match, tapi hasil rekaman suaranya tidak normal hanya terdengar seperti angin ribut, padahal sebelumnya baik2 saja, mungkin setelah update sedikit pembaruan saat membuka game",3
2026-05-26 07:40:28,game paling pelit yang pernah gua mainin,1
2026-05-26 07:38:20,"Bintang 1. Game penuh manipulasi. Bot-nya bukan buat mengisi slot tapi buat memanipulasi gameplay. Tiba-tiba jadi aimbot (instan headshot) cuma buat bikin player panik dan kalah. Bukan game skill, tapi game scripted. Percuma main serius kalau sistemnya curang. Uninstalled.",1
2026-05-26 06:48:42,Mantap,5
2026-05-26 03:27:37,sangat luar biasa,5
2026-05-25 23:18:40,gua download ini gara-gara encang Smith,4
2026-05-25 23:09:51,Perfect game,5
2026-05-25 22:28:19,"ini kenapa gw nga bisa login, udah di perbarui ulang tetep aja, nyampe 3x login harus ngulang dan ada waktu pula 300 detik gimna lah",3
2026-05-25 22:26:05,kenapa ngak seperti dulu game nya agak aneh rasanya main game ini sekarang musuhnya hebat hebat lagi nggak seperti dulu dulu ngak ada gyiro ataupun pakai handset tapi sekarang pakai handsed😭😭😭,5
2026-05-25 22:21:21,makin kesini chiter makin merajalela aja delover tolong tingkatkan kemanan nya lagi chiter masi aja ada makin malas tuk bermain pubg kalo masih ada chiter dan hilangkan ipen ipen yang tidak jelas,2
2026-05-25 22:20:09,pubg menyenangkan apabila device mendukung,5
2026-05-25 21:54:54,"kalau bikin game yang niat masa poin turun nya banyak banget, sekalinya poin kenaikan nya dikit banget nambah nya, itu yang bikin game lu sepi wkwkwkk🤣🤣🤣",1
2026-05-25 21:34:50,game nya bagus tapi size makin besar.,2
2026-05-25 21:29:33,"ini game kebanyakan download habisin quota kaum miskin Bos.. dikit2 download padahal uda di download ,barusan main aman logout masuk lagi login minta unduh lagi.. skin sama item2 nya Bos",1
2026-05-25 21:19:33,"saya memainkan game ini, update membuat hp saya lag, sinyal terputus, grafis patah patah kejadian ini sangat merugikan saya. saya harap pihak pubg memperbaiki msalah ini secepatnya.",2
2026-05-25 21:18:30,oke,5
2026-05-25 20:27:59,kenapa gak bisa login login sih bug apa ini pubg menggunakan akun lain juga gak bisa login kenapa ini,1
2026-05-25 20:18:04,ok,5
2026-05-25 20:10:28,"mencari lawanya kelamaan hampir dua menit, beda sama game ff",1
2026-05-25 20:10:13,sudah waktunya hapus gem. 8 gb sudah ga mampu bos login aja susah. sudah terlalu lama main mungkin idah waktunya berenti. over even berat,1
2026-05-25 19:59:57,"ini bug servernya parah,login game malah cuma di loading screen lebih dari 10 menit gak masuk2 padahal wifi ok,sinyal jaringan ok perbaiki lah bug nya, jangan cuma banyakin event doang bug malah di biarin",1
2026-05-25 19:55:47,makin ga jelas susah login jaringan bagus lancar ngestug di logo aja,1
2026-05-25 19:50:32,"fix tombol fire nya, kadang nembak kadang enggak",2
2026-05-25 19:44:58,jelek anying,1
2026-05-25 19:40:13,terlalu banyak bot sudah tidak se seru dulu makin lama makin hilang keseruannya,2
2026-05-25 19:17:34,"aneh deh pake wifi gak bisa gabung ke server, tapi pake jaringan data biasa bisa jadi annoying bgt",2
2026-05-25 19:04:30,"setelah ada update pembaruan one ui 8.5 pubgm tidak bisa di buka, apakah ini bug? kalo memang iya tolong diperbaiki",5
2026-05-25 19:04:09,gatau belum nyoba,1
2026-05-25 18:31:57,mantap sob,5
2026-05-25 18:07:53,Pada update berikutnya tolong berikan smooth 120 fps pada Xiaomi Pad 8,5
2026-05-25 16:31:43,"apala cuma dapet fps cuma 30an kadang turun sampe 10, grafik juga udah super smooth😤",1
2026-05-25 16:03:28,teruntuk owner pubg mobile tolong perbaiki bug yang sering terjadi ini pas main mode solo di rank terus ubah ke squad dia malah gaada event & tempat recall suka aneh udah kaya epep aja lu banyak bug,5
2026-05-25 15:07:31,RP sekarang udah tidak bagus..rilis sekin m46.itu pun.lama...sekarang pun makin pahit sekin senjata ya..PUBG sekarang udah tidak memberi kesan bgus.untk di maenkan sama player baru..,5
2026-05-25 15:02:11,"I thank Level Infinite because after Update 4.4, it is a little behind than before, I hope you can improve more changes that can make the game easier and smoother. Another thing I want is how can I stop downloading in pubg, I have stopped the automatic download but why is it still moving to download?",4
2026-05-25 14:37:43,main ge ini dulu 2018 skarang mau main nih game lagi mau masuk aja ribet eror trus.,1
2026-05-25 13:54:31,pubg game bagus sebenarnya gamenya keren,5
2026-05-25 13:42:00,gem ini mantap saya maen dari 2020,5
2026-05-25 13:26:29,halo saya claimed 220 uc di midasbuy tapi uc tidak tertambah setelah menyelesaiakn top up sebanyak 600 uc . di in game status udah ter claimed juga. bisakah saya melihat history gacha atau beli item di dalam game ini? tolong saya ya. atau kasih alamat email yang bisa aku hubungi ( bukan bot ataupun ai),3
2026-05-25 12:12:12,game mati keluar asap wkwk🤪🤣,1
2026-05-25 11:56:24,♡♡♡♡♡ please update fitur rumah rumah,5
2026-05-25 10:52:23,pake jaringan apapun busuk gak bisa masuk,1
2026-05-25 10:22:34,"Min kenapa Poco F7 belum terbuka HDR Extreme+ padahal secara chipset harusnya sudah mumpuni, terima kasih.",3
2026-05-25 09:58:57,bagusss🥰😍,5
2026-05-25 09:27:40,baguslah gamenya,5
2026-05-25 09:02:06,"tidak bisa login menggunakan akun twitter, sudah 2 hari begini terus padahal akun saya dari season 2,mohon diperbaiki !!",1
2026-05-25 08:53:03,kami tim kage PUBG mobile sangan kecewa dengan cerita menjiplak karya seseorang mencurinya secara sewenang-wenang dengan menghilangkan Menggantinya yg baru bahkan jika lebih banyak orang memainkan kage PUBG mobile versi terbaru tim garusoft kami TDK akan ragu menghapus game PUBG mobile di semua negara lagi lagi tim garusoft yg membuat mobile PUBG mobile sangat marah dengan akun bernama ichalkorg,1
2026-05-25 08:19:14,"game ini dulunya sangat bagus dan seru ,namun sekarang saya coba download di Infinix hot 60i sungguh sangat ngepreme ..bahkan makin leg leagi di grafis super semoud Berti PUBG di tahun 2026 ini tidak ada lagi device android bahkan ippone 13 promax tetap leg",1
2026-05-25 08:13:31,game nya seru banget!!!,1
2026-05-25 07:41:33,hallo apkah bisa kolaborasi dengan Alan Walker lagi dengan lagi on my way dengan tema mengenang masalalu dan map.kayak di 2018,5
2026-05-25 07:31:16,lumayan lah game nya tapi tolong pas grading kenapa kaya pada tau gitu pada ngincer,4
2026-05-25 04:48:52,sayangnya bot terlalu banyak jadi tidak seru,4
2026-05-25 04:46:51,"game pubg sekarang sudah tidak sebaik thn 2018-2019.semenjak pubg pindah alam .pubg sekarang makin ngawur,hanya fokus ke iven,bukan lagi kepuasan player bermain.kasian player baru ,oh iya..sekarang pubg tidak melihat tier atau level player meskipun tier player rendah di pertemukan dengan pro player.otomatis tier rendah jadi santapan player pro.ya kan"".proteksi rating yg tidak sepadan.game tolol",1
2026-05-25 01:29:09,Makin hari kenapa makin eror ni pubg dah dekat chiken macam² tu muncul pembritahuan jaringan anda terputus koneksi eror emang tak bisa liat aku kalo main game bahagia kah pubg ni senang sekali aku cakap² emosi tiap hari akhir² ni,3
2026-05-25 00:49:06,"tolong perbaiki system banned kalian saya tidak melakukan apa"" mengapa saya di banned perjam!!",1
2026-05-24 23:38:54,game sampah soalnya akun gw mau lepas ikat Gmail gak bisa padahal Gmail lupa kata sandi nomernya udah hanguss udah beberapa ke customer service tapi no respon udah lah pensi aja maen game ke gini akun gw jadi akun mati Tencent haram,1
2026-05-24 23:34:05,jyjjur seru😙😙..,5
2026-05-24 23:12:39,20000💯💯💯💯💯,3
2026-05-24 22:49:59,"sampah Helios, udh di ngetik jalan malah diem bae",3
2026-05-24 22:41:36,adain lagi rain sama mode night🥺,5
2026-05-24 22:19:24,game paleh,1
2026-05-24 22:14:30,please add errangel map in vs Ai mode like in livik vs Ai maps,5
2026-05-24 22:13:37,"game bapak"",isinya orang"" udah tua,gen melenial😭😭",4
2026-05-24 21:50:18,"Parah UPDATE 250MB , udah 100% malah blom kelar"" ..",5
2026-05-24 21:21:05,mantap dari 2019..,5
2026-05-24 21:02:07,"gem babi udah top up, Yusi nya g masuk",1
2026-05-24 20:33:45,Geme lain memang bagus tapi pubg lebih menggoda,5
2026-05-24 20:26:47,mantap banget skrg fiturnya bagus,5
2026-05-24 20:18:32,tolong lah masih banyak cheater ini,1
2026-05-24 20:06:00,Ok,5
2026-05-24 20:03:51,mantap game ini,5
2026-05-24 19:08:40,saya main,5
2026-05-24 18:31:59,terbaik,5
2026-05-24 18:19:30,game bikin pusing gw aja mau nembak musuh gak tau di mana gw beri bintang 🌟 aja,1
2026-05-24 18:19:09,jelek banget,5
2026-05-24 17:34:36,apalah ini game lagi lagi seru serunya push awal season malah muncul problem gyroscope tiba tiba mati total padahal di pengaturan in game settingannya semua on udah di laporkan di in game langsung masalah tetap sama gimana ini developer mohon segera di perbaiki udah realog pun masih tetap nihil masalah gak kelar kelar,2
2026-05-24 17:08:01,"min anak saya ngeluh terus soal game pubg mobile kata anak saya dia butuh tas, helm dan rompi level 4-6 soal nya klo tas, helm dan rompi cuma sampe level 3 tas nya cepet penuh gitu minn🙏🙏",4
2026-05-24 17:05:39,saya suka game ini,5
2026-05-24 16:36:15,good,5
2026-05-24 16:06:30,epep ini burik,4
2026-05-24 15:49:41,gameplay yang sangat bagus dan penuh adrenalin,5
2026-05-24 15:20:57,"ini game mantap dari dapa game sebelah "" MC GOGO game settingan. game Judi Online. masih mending main game lain",5
2026-05-24 15:15:25,"saran saya, sediakan juga kapal very yg bisa mengangkut kendaraan jikalau tidak bisa lewat jembatan, biasanya musuh sering kali mengepung di jembatan",1
2026-05-24 15:04:06,"Match matching nya gk JELAS semenjak grading"" t4i kucing!!!! , maen solo dikasih musuh top global full squad semua!!!",1
2026-05-24 14:56:55,SAGAG KERENG,5
2026-05-24 14:50:25,Tolong tambahkan mode bertemakan zombie seperti nya itu menarik ✨,5
2026-05-24 14:45:27,beacause their no auto aim,1
2026-05-24 14:18:37,event baru ada fitur gradingnya setiap masuk grading sl ngeframe parah pas ketemu musuh pasti ngefrem lag patah patah padahal kl gak grading semua normal lancar ni game makin buruk makin kedepan bukan makin enak d mainin malah makin busuk kayak bangke,2
2026-05-24 13:59:28,bagus banget tapi ada kekurangannya,5
2026-05-24 12:50:31,Belikan saya handphone yang mumpuni biar bisa main pubg lagi..,3
2026-05-24 12:50:03,tolonggg buatt para playerrr yang sering ngomen kok rumah nya kotak kotak kok Ng bagg kok Ngframeee itu bukan salah game PUBG nyaa justru hp nyaaa terlalu kentang jadi gituuu bukan masalah dalam game nyaaaa yaaa kan PUBG juga kalau ada bag dalam game nya mau pun loby ke apa ke kan langsung di perbaiki jadi gituuuu yaa,5
2026-05-24 12:45:13,sangat berkesan,5
2026-05-24 12:38:56,"banyak bug , tombol banyak yg ga fungsi , makin kesini kok makin jelek",1
2026-05-24 11:19:13,"kecewa sama game pubg sekarang ,, makin banyak citer,, udah sering Nemu citer,, saya udah merasa bosan sama game ini",1
2026-05-24 11:10:54,"banyak bug. dari mulai wifi tidak bisa di akses, bug map, bug tampilan.",1
2026-05-24 11:00:21,asik gamenya!!,5
2026-05-24 10:48:14,kenapa gk bisa masuk aku baru main jadi gk tau cara masuk,1
2026-05-24 10:26:01,nice,5
2026-05-24 10:15:57,sangat bagus udah 6 tahun main PUBG gak pernah bosan,5
2026-05-24 10:14:51,PUBG MOBILE🥇😍😍😍,5
2026-05-24 10:07:47,makin lama makin besar data penyimanan,1
2026-05-24 08:41:34,Papji,5
2026-05-24 07:49:26,"fix frame drop ,dan lagg saat bermain , tolong smooth kan game chipset : Dimensity 6080 tolong boost performance",1
2026-05-24 07:17:19,bagus2 aja sihh ini game nyaa tapii masalah nyaa agak mudah panass kalo di HP oppo kuu,5
2026-05-24 07:06:54,tolong jgn terlalu sering update,1
2026-05-24 06:48:16,"mau kasih saran untuk developer pubg, di bagian opsi pertempuran terkini (kalau mau undang tim kita yang sebelumnya) tolong kasih di bagian bawah nama mereka atau dimanapun riwayat kill atau skor tim kita sebelumnya supaya kita gampang temuin rekan tim sebelumnya yang gak beban atau jago, terlepas dari itu untuk update kali ini bagus banget walaupun ada beberapa bug yang cukup mengganggu pengalaman bermain player.",5
2026-05-24 05:39:54,seru,1
2026-05-24 05:35:57,tolong gem nya dikecilin lagi biar banyak player pubg yang udah lama gk maen karena hp ram nya 4,3
2026-05-24 02:48:17,"min gacha harley susah amat sih harus spend berapa uc lagi nih😹, terimakasih atas kekikirannya.",5
2026-05-23 21:56:26,wkwkwkwkwkw hp gua udah baguss,5
2026-05-23 21:51:41,"udah banyak yang ngeluh soal grading, banyak yang ngga suka dan malas main,tapi developer seolah olah ngga dengerin kritik,main game buat nenangin pikiran atau buat hiburan bukan malah jadi emosi gara gara grading,kalo masih ada sistem grading mending uninstall game ini",1
2026-05-23 21:41:57,the best,5
2026-05-23 21:26:46,💗,5
2026-05-23 20:56:39,"tambah hari tambah hancur jaringan signalx ini game. di perbaiki itu servis jaringan pubg nya, lag lag melulu, parah banget jaringanx, setiap kali main gamex jaringan tdk pernah stabil",1
2026-05-23 20:53:45,"selamat malam sy pemain drih season Alan Walker sampai akhirnya masah yg TDK aku inginkan tibah, dan taukah bahwa bnyak pemain akan berhenti, karena dmna beratnya untuk mengunduh data""nya dan SDH TDK seperti dluh LG, dan mungkin setelah sy selesai nulis ini sy SDH berhenti main sejak 5 bulan lalu, 👋",2
2026-05-23 20:28:30,"apaan sih update trus, tapi bedanya ga seberapa, menuhin memory aja",3
2026-05-23 20:25:46,ping 20ms tiba²berubah ke 300ms kalau ketemu musuh.. padahal jaringan ku baik² saja. ini sangat mengganggu.. tolong Tencent/krafton perbaiki..,2
2026-05-23 20:25:13,"I hate the 6X now, the reticle got really thick after the update",5
2026-05-23 20:14:50,welcome back pubg,4
2026-05-23 19:18:16,manggaduah iklannyo,1
2026-05-23 19:14:02,sangat bagus,5
2026-05-23 18:47:47,"udah top up lewat metode pembayaran qris untuk beli rp 50 cuma gak masuk tolong atensinya padahal udah login berkali"" tetap gak masuk",1
2026-05-23 18:46:03,game nya bagus tapi menurut untuk update selanjutnya agar lebih memperhatikan para player yang hp nya kentang karna semakin update malahan semakin berat yang ngebuat para player yang hp nya kentang lebih susah bersaing dengan player player yang mungkin hp nya bagus,4
2026-05-23 18:30:23,koneksi server lost mulu tod babi lah,1
2026-05-23 18:23:12,semakin burik terlalu banya iven tapi tdk menguntungkan dan tdk terlu fungsi,1
2026-05-23 17:03:06,"game taiii..., mau renked solo.., selalu menunggu waktu sampai 20menit ... terus kapan mainya para player solo ..!",1
2026-05-23 16:20:31,"Ini kenapa kok Setiap main ngelag,,padahal jaringan bagus+pkae WiFi",5
2026-05-23 16:15:57,"saya sangat terganggu dengan adanya kesalahan di dalam pertempuran mengenai rumah yang luntur dan itu sangat menggangu ketika mau war tetapi saya belum bisa looting masuk ke dalam rumah, mohon developer untuk memperbaiki masalah ini.",4
2026-05-23 14:28:37,lepass jangan di pegang siapa siapa selain Tencent!!. makin lama ga masuk nih game even even ! jangan perbanyak event pliss ganti pubg seperti dulu tidak banyak even !! pubg main sepi!,1
2026-05-23 14:20:03,game ini bikin gw jadi psikopat,5
2026-05-23 14:07:02,Sudah tidak real act. Selalu ada hal yang fiktif dan tidak real. maaf PUBG saya uninstall. Terimakasih PUBG yang dulu. 🙌,1
2026-05-23 13:55:53,"halo, terimakasih sudah membuat game pubg saya sangat senang bisa memainkan nya tapi saya mohon untuk menambah kan fitur grafik yg lebih kompleks misalnya untuk menurunkan resolusi, karena hp saya sudah tidak mampu bermain pubg tetapi saya masih mau bermain dan juga tambah kan fitur grafik yg sangat rendah agar saya dapat bermain minimal 60 fps, karena hp saya 30 fps dan sudah tidak mampu bermain pubg, saya mohon, terimakasih",5
2026-05-23 12:57:04,game yg paling saya suka.,5
2026-05-23 12:42:02,game yang sangat bagus,5
2026-05-23 11:29:07,"Game makin alay dan lebay, malas main",1
2026-05-23 11:28:16,"Satu lagi,ini ada bug fps stuck di 60 fps padahal pake settingan grafik 90 fps. biasanya main lancar aja di 90-120 fps dan permainan smooth,tolong lah pubg game lu ni banyak banget bug.perbaiki secepatnya,ga nyaman banget mainnya.",1
2026-05-23 11:05:56,"woyyy update versi 4.4 knp jadi lag, padahal yang sebelumnya enggak lagg, benerin lagi dong ini developer nya Gimn sihh",1
2026-05-23 10:08:59,eng bisa di buka ya,5
2026-05-23 09:26:36,"pencarian laga aja sampai 1 jam lebih, itupun juga gk ketemu, saran saya sih klo mmg gk ada pemain lagi mending di bekukan aja PUBG ini. buat apa ada game ini klo gk ada pemain.",1
2026-05-23 09:02:40,seru sekali per mainannya,5
2026-05-23 08:56:36,"game aneh tiba tiba data obb nya kehapus sendiri padahal gua ga ngapa ngapain terus sekarang banyak bug mulai dari tombol revive hilang, tombol recall hilang, dan lompat dari mobil ga mati, mohon di perbaiki karna merusak mood saya waktu bermain dan buat malas untuk main lagi",1
2026-05-23 07:48:16,habis update malah ada bug gyroscope ngak fungsi,2
2026-05-23 06:16:09,sange Bgt,4
2026-05-23 05:35:45,🔥🔥🔥,5
2026-05-23 03:16:12,game kont°l main solo malah grading squad,1
2026-05-23 02:54:12,apk nya ngk jelas ngk bisa login,1
2026-05-23 01:46:03,"tolong kasih support untuk hp kentang, hp kentang pengen main juga",3
2026-05-23 01:22:54,sensi jadi beda habis update,4
2026-05-23 01:02:04,mortar hapus yaaa,5
2026-05-23 00:43:30,menurut gua lama2 bukan kaya perang.. jadi gak asik terlalu banyak fitur2. coba lebih realistik lagi.,3
2026-05-23 00:35:16,apakah kolaborasi dengan resident evil dari capcom tidak ada lagi,4
2026-05-22 23:37:38,hoki,5
2026-05-22 23:02:23,tolong kembalikan teman temanku yang dulu!!😌,1
2026-05-22 22:42:45,bagus banget aku kasih lima bintang,5
2026-05-22 22:26:37,baik,5
2026-05-22 22:09:25,Jangan terlalu sering update. Kalau bisa map erengel yang pertama dikembalikan,1
2026-05-22 21:59:57,aku comeback daei pensi hehe enjoy,5
2026-05-22 21:49:30,bikin mles main gem ini ni grading kayak taii,1
2026-05-22 21:25:48,game yang sangat berat,5
2026-05-22 21:04:51,game yang sangat memuaskan,5
2026-05-22 21:02:41,anjay mabarrrrr,3
2026-05-22 21:01:27,kenapa Sering mati padahal rumah di atas atau atap di larang untuk semuanya tetapi musuh masih bisa diam di atas tiang rumah dan masih bisa menembak dari atap rumah yang jelas sudah di larang oleh sistem 🙏Minta tolong jangan ngecip dong jangan main kecurangan 🙏🙏beberapa kali perbarui ini game untuk musuh atau untuk keperluan musuh supaya dia menang trs menerus ??? sudah 2 tahun game seruh... tetapi untuk kali ini sesekali selalu musuh yang menang sangat membosankan sekali 🙏🙏🙏🙏,1
2026-05-22 20:58:50,untuk developer PUBG mobile jika ada next update tolong perbaiki masalah yang baru saya alami hari ini.jadi pas tadi saya main di event dan saya mati itu kita bisa respawn lagi.nah pas saya baru banget turun di dekat school tiba tiba karakter saya seperti terkena damage padahal tidak ada musuh atau saya bukan di luar zona dan karena itu saya karakter saya mati.itu aja dari saya semoga bisa diperbaiki segera masalah yang saya alami ya developer🙏,4
2026-05-22 20:49:27,game haram,1
2026-05-22 20:44:34,"game bagus realistis,bagusan PUBG sama ff daripada game plagiat kek blood strike,udah musuh pro semua gak sempat nembak, kikir lagi, penguras uang blood strike emang babi game itu",5
2026-05-22 20:43:58,"jir terlalu parah si ini game masa harus ganti device setiap mau ganti event selalu aja ada bug nya lah ada frame nya lah udah ukurannya gede tapi masi banyak minesnya. gmn ini, uda kikir juga lagi adeuh",2
2026-05-22 20:26:03,karna keren banget aku cinta,5
2026-05-22 19:45:02,"user HP kentang, ayo kita hapus pubg mobile rame"".event skrang berat nge lag nge frame, 🤦‍♂️🤦‍♂️ turunkan kualitas event nya , aagar kami masih bisa main event pubgM, EVENT TAIKK NGE LAG BNGETT 😡😡",5
2026-05-22 19:35:57,game kebanyakn donlodd doank,4
2026-05-22 19:21:07,"min, ini tolong aku, aku sudah mengajukan pemulihan akun tapi email sama no hp tidak terkait jadi tidak bisa login dan waktu itu aku loginnya di akun tamu",3
2026-05-22 18:08:44,pemain inti tidak akan redup dari game ini,5
2026-05-22 17:47:40,ok,5
2026-05-22 17:41:01,game ini sangat burik,2
2026-05-22 17:14:24,i love PUBGM❤️,5
2026-05-22 17:05:22,mendingan Mai FF dan mL daripada PUBG mobile udah main FF seru banget dan mL banyak Hero nya tapi lebih seru FF,1
2026-05-22 16:26:58,"gak beres ini game, saya open scope holo kok jadi gelap ya, di senjata tertentu, saya pakai di senjata uzi aman 2 saja ketika saya pakai di senjata AR malah hitam pekat musuh jadi gak kelihatan. satu lagi sering muncul ( terjadi kesalahan ) tolong pihak developer sekiranya bisa di perbaiki lagi TERJADI PADA HP saya POCO F5",1
2026-05-22 16:04:44,Game nya sudah bagus tapi tolong yang cheat itu di ban dong gua udh capek plisssssss,4
2026-05-22 15:40:26,game berat 🗿,1
2026-05-22 15:38:52,jangan jago -jago nanti kalian di banned.,1
2026-05-22 15:37:07,"PUBG telah kehilangan identitasnya, sayang sekali.",1
2026-05-22 15:21:13,"game nya burik ya kalo menurut gua udah grafik nya burik, penyimpanan gua langsung Penuh lagi sesudah ngadowload game ini gak wort it banget game burik tapi penyimpanan game nya besar",1
2026-05-22 14:20:45,seru jdi pengen nacak,5
2026-05-22 14:18:54,god game,5
2026-05-22 14:04:02,PUBG mobile banyak bug nya makin kesini makin gak jelas,3
2026-05-22 13:08:21,"apa ini woy!!!!!!!!!!!! gua main dari tadi server lu bilang koneksi internet gua hilang, padahal gua buka tiktok ig yt lancar aja, benerin cepat sialan",1
2026-05-22 12:35:05,"permainan nya bagus,cuma sangat sulit mendapatkan sekin senjata ataupun outfit permanen gratis,bagi player yang engga punya uang.",3
2026-05-22 11:55:11,sangat gacor,5
2026-05-22 11:36:33,Hallo Developer Saya Ingin Kasih Saran Tolong Bot Ai yg Menggunakan Rambo Itu Terlalu Sakit Damagenya Tolong di perbaiki Segera!!!,2
2026-05-22 11:08:49,"PUBG LONGORRRR , BAGUS BUAT UPDATE AN NY BUJANGGGG",1
2026-05-22 10:51:33,sangat Realistic,5
2026-05-22 10:50:05,"Dev, tolonglah prize path itu yang bagus-bagus kayak dulu, seperti kolaborasi attack on titan atau transformer. Sekarang prize path nya kayak sampah, hadiahnya nggak jelas. Hadiah prize path yang sekarang karakter pemain bola, buat apa coba?. Mau perang atau main bola?. Kalau kayak dulu ok lah kayak attack on titan, karakter luffy-nya bagus, outfit titannya ok. Atau yang kayak transformer, dapat outfit bumblebee atau optimus itu bagus. Sekarang malah karakter pemain bola. buat apa?",2
2026-05-22 10:29:54,game nya sangat berat,5
2026-05-22 10:23:26,"Tolong untuk pencipta game ini, kurangi semua penyimpanan data gamenya. karena kebanyak orang HP mereka tidak mampu menyimpan semua data di game ini, jika dikurangi data game ini, maka PUBG banyak yang memainkannya, atau menjadi terpopuler di seluruh dunia.",2
2026-05-22 09:57:26,HP kentang bisa ap,2
2026-05-22 09:37:34,"tolong ya, event nya banyak...bagi sedikit skinnya, udah gacha berkali² tetep aja ga dapet skin",5
2026-05-22 09:26:30,"""Dear PUBG Admin, please consider removing the grading or tier system. A lot of players have quit playing because of it. I hope you will take this suggestion into consideration. Thank you."" 🙏🙏🙏",5
2026-05-22 08:58:23,"knp akun sya tiba"" di banned dan ada pemberitahuan kesalahan data dari pubg setelah di update beberapa hari,, tolong di buka kembali data sya",1
2026-05-22 08:32:33,pengalaman main di sini kurang memuaskan..sering kalah tiap kali start,1
2026-05-22 08:23:27,Game bagus,5
2026-05-22 08:18:11,menjadilebih😁👍😉,5
2026-05-22 05:19:10,kegagalan saya cuman dari hp kentang terus ganti jadi hp pro trus saya menjadi pro prayer sekarang propit saya lagi di legend,5
2026-05-22 04:59:05,balikin lagu alan walker dulu,3
2026-05-22 00:50:36,oke,5
2026-05-22 00:43:57,Susah menyebalkan mati terus mati lagi gagal chicken,2
2026-05-22 00:28:37,"Mantap deh pokoknya sudah lama main,tapi hari ini harus stop karena hp sudah tidak mampuu, trimakasih PUBG mobile sudah menami selama ini 🙏",5
2026-05-22 00:16:52,Good game,5
2026-05-21 23:34:31,"untuk Krifton. tolong hilangkan sistem bot player dalam permainan. itu ga membuat kami menikmati permainannya secara utuh, ditambah skill kami ga berkembang kalo hanya mengeliminasi mereka. semoga dimengerti",3
2026-05-21 23:16:55,Ayo download sekarang dan mari kita mabar sama sama,5
2026-05-21 23:00:12,👍 M4 glacier tolong di update lagi dong,5
2026-05-21 22:46:38,tolong hapus grading pubg,2
2026-05-21 21:58:27,coba dulu baru naikin bintang,2
2026-05-21 21:50:23,"maaf sebelumnya, untuk permainan in,bsa gak bos,jangan setiap saat update terus,masa iya update terus,ukuran update y pun trlalu besar,klu seperti in kan malas jadiy",1
2026-05-21 21:38:27,apakah Anda gak bisa mengurangi memori ini sudah 4gb kemakan nya,2
2026-05-21 21:26:39,sge gak,4
2026-05-21 21:04:44,"I want to get the Empor Glacier"" Note: ""Empor Glacier"" is written as it sounds, assuming it's a specific item, name, or term you're referring to. pliss",5
2026-05-21 20:58:06,karena sudah mau main malah keluar dan mb nya besar,2
2026-05-21 20:53:48,udah gak seru game ini berat di hp,1
2026-05-21 20:44:33,mantap grapik nya super smooth,5
2026-05-21 20:42:21,Hp jadi berat ketika kita maing POPG.d Hp Oppo A5,1
2026-05-21 20:19:29,game haram,1
2026-05-21 19:07:32,Map bermudah dan yang lain nya kok gk ada dulu ada dan pemain itu 100 orang sekarang kok 60 gk seru udah pugb yang versi sekarang,5
2026-05-21 18:41:23,maksih telah membuat game sebagus ini krafton 🥰,5
2026-05-21 17:44:52,bagus,5
2026-05-21 17:37:06,gacha x swit 300 kali belom dapet satupun!!!,1
2026-05-21 17:27:55,"Tolong Krafton rilis skin M4 upgrade di Royale pass atau di bonus pass, dan beri fitur transfer batu besar gilt ke siapa saja, saya mohon Krafton sebagai player gratisan 🙏🙏🙏",5
2026-05-21 17:17:45,ok,5
2026-05-21 17:16:46,ngapain bikin tim ai lagi gk jelas nih game lama lama guna kagak,1
2026-05-21 16:52:32,cuman bisa bilang bagus👍👍,5
2026-05-21 16:51:11,akun saya kena hack,1
2026-05-21 15:53:31,👍,5
2026-05-21 15:27:48,mantap,5
2026-05-21 15:23:10,"Game bagus , tapi kenapa ches rush di hapus",5
2026-05-21 15:12:24,terlalu banyak file download yg mempan waktu panjang setiap apdet bikin lama menunggu lebih baik hapus kembali ke ML,1
2026-05-21 14:20:23,sangat bagus,5
2026-05-21 13:45:08,aplikasi nya tidak bisa dibuka. kenapa begitu ya?,1
2026-05-21 12:39:15,barbar fps drop ❎️ ping turun ✅️,1
2026-05-21 12:30:42,"tombol tembaknya gak bisa di tekan pas main,",5
2026-05-21 11:44:28,"data obb rusak mulu, niat ga buat game? masa harus instal ulang mulu tiap update? gimana dah ini sejak ganti dev jadi aneh",1
2026-05-21 11:40:57,best,5
2026-05-21 11:17:09,"game banyak bug, mending gak usah di update lagi percuma",1
2026-05-21 11:16:50,good,5
2026-05-21 10:06:02,kenapa sekarang sering disconnect?,1
2026-05-21 09:46:18,"banyak event ga jelas, ini yang bikin player pubg malas main",1
2026-05-21 09:38:10,ulasan bersifat publik serta menyertakan info akun dan perangkat anda. pelajari lebih lanjut game ini bagus sekali tolong bagus si lagi game ini tolong bagus si lagi ya,5
2026-05-21 08:00:54,"ayolah,masa tiap update,jaringannya loncat Mulu sih,kapan gua mainnya tenang coooo",1
2026-05-21 07:22:14,keren mantap,5
2026-05-21 06:35:27,💯,5
2026-05-21 06:27:01,game nya seru banget,5
2026-05-21 05:20:19,game yang sangat suru dan saya suka✌✌,5
2026-05-21 05:18:00,game nya bagus bisa nya di hp yang kuat dan gaming tapi sayang bisanya online buat map latihan perang offline dong aku bosan bila tak ada wifi maupun kuota teman teman ku main hp aku enga 😭,5
2026-05-21 01:54:16,musik di lobby terlalu berisik,1
2026-05-21 01:04:59,bagus,1
2026-05-21 00:41:34,mantap jos sedap siap sigap cermat siaga cepat tanggap,5
2026-05-21 00:39:04,masih banyak bug yang belom di perbaiki,1
2026-05-21 00:29:16,"PUBG mobile is a very amazing game, PUBG always accompanies me when I am lonely.",5
2026-05-21 00:27:08,sangat bagus,5
2026-05-21 00:12:25,game ini sudah tidak intolerans lagi,1
2026-05-21 00:06:00,"cuman kasih saran,saya ping nya kalo main hijau terus,tapi kok suka nge lag padahal saya udah memakai handphone yang bisa dibilang ram nya cukup lah ya untuk memainkan game ini.saya mohon untuk devealover melihat atas semua keluhan yang setiap pemain complain ke devlovr,sekian & terima kasih",5
2026-05-20 23:53:22,"Pubg tolong perbaiki ini sekarang, saya melakukan pembelian dan tidak menerima pembelian tersebut, ada bukti lengkapnya semua, dan sudah dilihat dari buku pengaduan tidak berguna sama sekali, sekali lagi selesaikan ini juga kalau tidak saya TUNTUT",1
2026-05-20 23:44:02,KETEMU SERVER LUAR TERUS TOLOL TIBA TIBA MS NAIK APALAH PUBG NI GA KAYA DLU YANG BANYAK ORANG INDONYA SEKARANG KEBANYAK ORANG LUAR JADI NABRAK SERVER LUAR IDIOT,1
2026-05-20 23:40:50,"ngapain update mulu sih kocak data lu udah gemuk pemain pada uninstal,",1
2026-05-20 23:22:55,pubg ontop wkwk 🐣🐣🐣🐣🐣🐣🐣🐣🐣🐣,5
2026-05-20 23:16:40,game rusak top up uc 16rb 2x ga masuk maauk parah..,2
2026-05-20 22:55:48,apdate loading lama ga masuk²,2
2026-05-20 22:31:17,"event sekarang event teeburuk yang saya mainkan,,, event banyak bug lol",1
2026-05-20 22:08:08,"sekarang kek eeq main delay mulu, hp sy support, tapi pas event sekrang delay anjer apaan ini main",1
2026-05-20 22:07:44,untuk admin pubg hp saya jatuh pas lagi main pabji terpaksa pake hp ortu,5
2026-05-20 22:06:28,"haloo masih ingat saya? aku sudah ganti device lohhh dan aku sekarang udah bisa main pubg lagi, yang terakhir aku main pubg itu eummm 2023? entahlah tapi senang bisa memainkan game ini lagi 🔥🔥",5
2026-05-20 21:55:41,Tolong perbaiki jaringan di seluruh indonesia,4
2026-05-20 21:40:35,semenjak upadate terbaru ini naik rank nya susah turus tanda kalau ada musuh naik mobil kadang ada kadang tidak ada tolong di perbaiki lagi demi kenyamanan kita bermain trimakasih kau update lah reload senjata vss nya PUBG ngerti lah reload nya vss itu lama knpa gak di bnrin c astaga tolong lah,1
2026-05-20 21:14:17,saya kurangin bintangnya karena saya pas main 45ms masa ngelag tau tau mati. sering peladen ga respon juga. season ini season kacau banyak nge frame kalo lagi tembak tembakan sama musuh tolong perbaiki nama char saya SANSS'TuysKuys terimakasih harap dibaca tencent games,1
2026-05-20 21:02:46,"Game yang sangat seru dan penuh tantangan. Let's go... cobain sekarang, pasti menyenangkan!",5
2026-05-20 20:56:55,"game battle royal rasa game open world, Gameplay cuma buat explore map, terlalu membuang waktu, memang sih ada map ukuran kecil, tapi dari segi gameplay udah bagus 👍",4
2026-05-20 20:49:41,"yeeeee,, gua main balik oooookkk kangen apa pugjjj",4
2026-05-20 20:46:17,lama download nya,1
2026-05-20 20:36:49,sangat baik',5
2026-05-20 19:57:19,ping selalu merah padahal sinyal kenceng,1
2026-05-20 19:50:51,sdh lama berhenti main pubg akhirnya rindu main lg setelah diupdate tombol tiarap/ merayap tdk ada di game saya dan juga saat membawah / memikul teman tiba² jatuh. apalagi mau memutar badan untuk menembak kadang jadi lalot gerakannya itu saja sendiri terimakasih 🙏,5
2026-05-20 18:13:55,"Untuk pubg mobile,game ini bukan hanya semakin berat di performa namun sangat besar di bagian size aplikasi, bagaimana tidak. size nya hampir mencapai 30gb!! Ini tidak ramah hp kentang,tolong di kompres lagi sizenya turunkan sampe 19gb di bawah nya karena sangat² memakan memori internal.",5
2026-05-20 18:00:26,"Ya ya ya, saya setuju dengan semua orang yg mengkritik game ini, saya juga sudah berhenti main pubgm.",1
2026-05-20 16:38:10,bug nya perbaiki dulu,3
2026-05-20 16:33:33,game buruk,1
2026-05-20 16:09:27,gem ini sangat sangat tengeleng,5
2026-05-20 15:05:30,buat admin pubg minta tolong lah cok untuk M4 mohon untuk di kembalikan lagi demagenya lagi jangan di nerf gua lagi nembak musuh kena kepala itu berapa kali cok baru knock tolong lah jangan cok plis jadi nggak menantang lagi cok pubg pokoknya damage m4 harus kek dulu!!,2
2026-05-20 14:31:10,kebanyakan update ngen habis download harus download lagi aelah dah lama²meledak juga ni hp,3
2026-05-20 14:27:23,aku suka game ini sangat cocok untuk hari ini,5
2026-05-20 13:37:25,"Tolong diperbaiki bug nya seperti bug tidak bisa revive , bug masuk tembok, dan bug mobil menabrak benda tak terlihat",5
2026-05-20 13:16:30,Dev ini kenapa saya tidak bisa login akun google play hanya mentok d loading dan hanya ada tulisan mempersiapkan sumber daya,4
2026-05-20 12:24:02,Mntap bngettt,5
2026-05-20 12:12:00,good game in war world,5
2026-05-20 10:23:11,sangat bagus sekali game cocok pemula,5
2026-05-20 10:06:14,sangat bagus dan sangat seru,5
2026-05-20 09:40:56,kerja sama dengan film jhon wick pasti seru,5
2026-05-20 08:56:36,game nya jelek gabisa burik mati keluar asap,1
2026-05-20 08:53:45,"game ga jelas, jago dikit di observasi, jago dikit di observasi, aneh, gimana mau betah player, kalo di gituin Mulu, tolong di ilangin tuh observasi² yang ga jelas itu, jadi ga betah main, mending pensi.",1
2026-05-20 08:13:40,well,5
2026-05-20 06:54:35,"sistem grading konyol, membuat player kabur ke game lain",1
2026-05-20 06:31:16,aku dari kecil udah main PUBG terimakasih PUBG gem nya seru,5
2026-05-20 06:21:02,"bikin sistem grinding oke, tpi knp semua dipaksa di squad? knp tidak disesuaikan dengan mode masing2",2
2026-05-20 05:27:27,tolong min sesuaikan rank kalo ketemu mussuh,5
2026-05-20 03:35:27,"kebanyakan update, sekalinya update sampe 3 kali belom nanti pas gamplay nya skin nya update lagi",3
2026-05-20 02:49:33,"knp sih kontrol tidak responsif ketika 3 jarik nekan,, buka scope trus peak tekan tombol tembak ga nembak,, alhasil mati konyol",3
2026-05-20 01:06:37,game taek,1
2026-05-20 00:15:47,"dulu pas main masih banyak player seru, sekarang kebanyakan bot promax nya",1
2026-05-19 23:57:00,"GAME RUSAK, semenjak update banyak skali bug, dan salah satunya koneksi server error, kami player kehilangan poin sia², game rusak",1
2026-05-19 23:55:01,besar bgt gb nya,4
2026-05-19 23:25:32,banyak upgrade tapi Medan sama saja,1
2026-05-19 22:44:24,Game ini sangat bagus,5
2026-05-19 22:32:28,"MENURUT PENDAPAT SAYA PUBG CUKUP BAGUS, WALAUPUN SAYA MEMAINKAN NYA DI HP SEKELAS ENTRY LEVEL (sedang lah) DENGAN GRAFIS SMOOTH/BALANCE. DI IN GAME MUSUH YANG SAYA DAPATKAN SELAMA SAYA MAIN ADA KALANYA JAGO DAN ADA KALANYA JUGA TIDAK TERLALU JAGO. TAPI DISINI SAYA BERTERIMA KASIH KARNA TELAH MEMBERIKAN FITUR PEMILIHAN UKURAN APK UNTUK PUBG NYA SENDIRI YANG MAKSILAM PALING RENDAH 5GB DAN ITU UDAH CUKUP UNTUK DIVICE ENTRY LEVEL SEPERTI SAYA, THANK U KRAFTON🫡🫡",5
2026-05-19 22:11:50,masa ump kalah sakit sama crosboow sih..gak reall makin lama,1
2026-05-19 21:40:33,Amazing,5
2026-05-19 21:14:41,my favorite Game,4
2026-05-19 21:14:18,"bug revive, event terlalu sulit, tantangan achilles tidak cukup waktunya, sudah coba berulang-ulang tetap gagal",1
2026-05-19 21:06:57,gmn bug rivive ini ga bisaa apalahh game rusak,1
2026-05-19 20:58:32,"gem GC jelas dikit2 apdet mana lama apdetnya besar pula datanya, apdet y kira2 dong, lama bener ,",1
2026-05-19 20:37:52,males gw player lama setiap donwload obb pasti harus nunggu sebulan buat kerumah saudara males banget dah obb nya gak jelas padahal kan data gw banyak kenapa harus pake wifi di kira semua org pake wifi kali ya kalo error obb itu liatin berapa mb cuman stuck di loading screen mana tau resah gw lama lama mending gw pensi.,1
2026-05-19 20:37:23,game kontol,2
2026-05-19 20:19:51,agak sulit tapi okelah,5
2026-05-19 20:12:37,gamenya ngebosenin karena mode battle royal terus tolong tambahkan mode shoot loot kayak game arena breakout,4
2026-05-19 19:41:07,mantap,5
2026-05-19 19:20:19,game bagus tapi sayang sekali hp aku terlalu kentang when yah baru 🙃🙃,5
2026-05-19 18:21:43,pubg good,5
2026-05-19 17:26:09,"kenapa tidak bisa di mainkan versi solo, duo dan squad tidak seperti sebelum²nya mudah di mainkan... sekarang mentok di 13 saja pemainnya dan harus 100 biar bisa main, klo tdk ada pemain pakai bot saja. udah download gede² masak tidak bisa di mainkan 👎👎👎👎👎👎",1
2026-05-19 17:10:21,Game bagus Udah main dari season 6 seru banget,5
2026-05-19 17:09:11,knpa nih pubg serin ngebak kadan tombol rivive nya hilang anjir lahhh,1
2026-05-19 16:54:16,ini game ga bagus grafiknya jelek tembakannya ga bisa di targetin langsung mendingan donlownd free fire bisa di targetin,1
2026-05-19 16:53:49,makan banyak memori,1
2026-05-19 16:42:00,apalah nembak tembok bisa kena,1
2026-05-19 16:12:55,"gak adil bgt pubg, beda bgt player yang main pake internet jelek kartu pula sama yang internet wifi biznet, indihomo, atau lainnya di kasih bot di match ranked yang banyak, aedangkan gw di kasih bot dikit² bgt, kenapa gw tau dia player wifi karna pas dia dateng ke area gw nge lagg super parah, apalah gw, gak semua orang internetnya pake wifi fiber...!",1
2026-05-19 15:51:13,uda ku uninstall ini game..,1
2026-05-19 14:59:12,tlong bantu saya login pulg saya gk bisa ini kenapa padahal udh updet udh semua tpba² gk bisa msuk ngestak kalo bisa hubungi sy pribadi kalo bisaaaa yahhh gw pengen bgt. mainnya ini biar gw kasih liat masalah gw ke lu pd,1
2026-05-19 14:33:45,bodohh bug tombol revive,3
2026-05-19 14:20:12,gem cacat lama klo masuk TPP matchmeking solo rank knapa terjadi lama kali pas lgin,1
2026-05-19 13:55:55,"hallo pubg mobile, saya sudah download lagi pubg dan agak berapa lama sudah update ke 4.4 sudah update malah banyak bug bagaimana sihh pubg mobile. banyak bug, mulai dari : 1. bug tidak bisa merevive teman, tidak ada tombol revive 2. bug server down, satu team gw lag semua jaringan. ping jumping 100-150 ke atas. 3. bug sensivitas, tiba tiba sensi berubah sendiri dan acak gak beraturan. 4. bug grafik. SEMUA BUG ITU TERJADI KETIKA DI PERTENGAHAN MATCH. JADI MERUSAK MOOD ORANG MAIN GAME TAU",2
2026-05-19 13:49:14,gak bisa dimainin gamenya macam iblis kon loadingnya lama pula emang gamenya jelek banget zaman sekarang,1
2026-05-19 13:17:26,"ngestuck di logo terus "" ada kesalahan izin "" itu aja terus udah uninstal 5x tetap aj gitu game rusak",1
2026-05-19 11:50:34,"bug ngga bisa revive rekan tim ngga di fix, udah seminggu juga😮‍💨 aneh",1
2026-05-19 11:31:25,"setelah update event sparta, jaringan sering ga stabil, padahal wifi ku krncang bgt, dites ke game yang lain aman aja lancar jaya, game pubg sering bermasalah kalau dah update",3
2026-05-19 11:24:00,bug lagi main map livik layar getar padahal gyro pas ngeschope kadang geter kadang normal aneh,1
2026-05-19 11:03:50,"makin ga jelas sekarang,tiba² log out dan ga bisa masuk lagi,padahal udah 7 th",1
2026-05-19 10:22:53,aku ya ora paham arep komen kepriwe. soale uneg2 ku uwis wakilna kabeh.. ya pokoke doa ku sing terbaik bae y kanggo sedulur2.,5
2026-05-19 10:20:40,bagus,5
2026-05-19 10:00:13,game nya seru lancar dihp kentangku,4
2026-05-19 09:58:40,ADMIN YANG MEMBUAT GAME INI TOLONG!!perbaiki pubg mobile saya karena setiap saya mau main tiba tiba pubg saya sangkut sangkut atau patah patah dan ada keluar suara nyangkut tolong di perbaiki lagi mohon saya mau main pubg saya seperti dulu lancar dan ngak patah patah..................tapi boong,3
2026-05-19 09:55:47,bagi skin gratis dong atau use gratis 😂👍👍,5
2026-05-19 09:49:04,good game,5
2026-05-19 08:55:02,ok lah,4
2026-05-19 08:39:24,broadcast tim untuk M416 the fool di kasi juga biar tambh bagus,3
2026-05-19 08:33:06,mantap pokoknyaaa,5
2026-05-19 08:25:09,"akhirnya saya uninstall,pembaruan yang sangat sering dan bertele tele lama lama membosankan",1
2026-05-19 07:44:52,geme nyseru,5
2026-05-19 07:39:00,kenapa ya kalau mau msuk main gak bisa2 soalnya lagi gak cukup pemainnya gitu cape nungguin gak msuk2 bosen mending GK main PUBG lgi ku hps apk nya,1
2026-05-19 06:40:57,Sangat Ber adrenalin Tinggi ☝📈,5
2026-05-19 05:52:32,"animasi bergerak saat download data Tolong di hilangkan aggar tidak terlalu berat, soalnya di hp tertentu kadang bisa keluar sendiri dari aplikasi pubg",2
2026-05-19 04:56:20,"ada kendala obb runing sehabis update, adakah solusi nya ?",5
2026-05-19 04:35:28,mantep,5
2026-05-19 04:28:11,"Tolong lah match matching Solo jangan di bikin lama"" cape kita yang push conqueror, kesalip terus soalnya match matching nya lama kali. tolong ya di perbaiki.",1
2026-05-19 03:49:30,semakin capek mainnya,3
2026-05-19 03:19:17,PUGB MOBIL TOLONG LAH kasi bot semua saya lagi pus conqueror ini,5
2026-05-19 03:18:09,kebanyakan event .bikin lemot bug ya ampun frem parah.. coba turun sedikit biar gak ngelek trus ..parahh..smkin hancur,1
2026-05-19 03:08:34,sangat bagus,5
2026-05-19 01:48:32,masih kurang smooth,3
2026-05-19 01:08:21,"Mohon maaf min,bisa ga sih nominal downloadnya diturunkan sekitar MB aj sih kasian yg hpnya ga tahan pengen main game ini",5
2026-05-19 00:24:22,ngelek sinyalll nya sering kluar sendiri knpaa,5
2026-05-19 00:23:24,semuanya dah bagus cuma servernya lag banget anjir perbaiki lah pliss aku herannn,3
2026-05-18 23:41:40,"tolong lah benerin bug nya . sering banget pas baru turun karakter mengapung di atas tanah , bangunan rumah juga gak terlihat masih bentuk ager ager",3
2026-05-18 23:29:11,kenapa bisa PUBG mobile ku kekeranya lari lari ntah keman sekop x3 sama x6 nak,5
2026-05-18 23:10:04,abis update selalu gabisa dibuka bapuk,1
2026-05-18 23:09:43,Oke,5
2026-05-18 23:09:01,mantap bro,5
2026-05-18 23:08:51,#HIBURAN MANTAP 👍,5
2026-05-18 23:03:43,mau tanya kenapa habis update PUBG saya mau selamatin kawan Tombol Selamatkan nya hilang ya,5
2026-05-18 22:17:32,game kontol kakean bug,1
2026-05-18 22:12:29,game korupsi,5
2026-05-18 22:10:55,Pubg burik ep ep bagus,5
2026-05-18 21:48:58,udah makin aneh..banyak cheater..game lawak.. tolong di update lebih baik lagi...,1
2026-05-18 21:24:49,update event mulu heran. tombol revive menghilang ni.,1
2026-05-18 20:50:50,game kok kaya gini sihh gahh bisa masuk masuk sihh bang tolong perbaikannya dong,1
2026-05-18 20:45:59,🥰🥰🥰,5
2026-05-18 20:37:38,Game terbaik,5
2026-05-18 20:30:54,"ifen mancing tolol , tombol geser eror mancing apa tolol",5
2026-05-18 20:30:22,"knpa y sya udh dowload kok sering balik"" gmna bng apa hp sya tdk kuat y",1
2026-05-18 20:12:30,game kntlll GB nya banyak tlll yg bikin kek kntlll,1
2026-05-18 20:06:46,Saya tidak suka dengan adanya pergantian server yang mengharuskan menunggu 60 hari.. Tolong kembalikan pergantian server seperti semula.. terima kasih..,5
2026-05-18 19:57:06,saking pengennya bermain game ini gua paksa HP kentang ini buat instal,5
2026-05-18 19:47:32,"udah di update PUBG kukira bagus makin sini malah kek ep ep, tandain map ada suara notifnya, dikit dikit ada suara notif dari sistem entah suara apa, jaringan bagus di lobby udah okey pas main di atas 100 ms, udah gitu setingan pas update di ubah"" makin sini makin gak jelas",1
2026-05-18 19:37:38,"tiap gacha susah dpat skin bagus ,padahal akun sudah lama di pakai",2
2026-05-18 19:28:15,"bug di peta Rondo tolong cepat diperbaiki letaknya di Yun Gu (tempat recall) beberapa kali turun tidak ada senjata atau apapun sama sekali, bener-bener cuma bangunan aja polos.",3
2026-05-18 19:19:52,Sekaran banyak bak Nia Uda apdeit Nia buruk lagi kangen PUBG Ian dulu🥲,1
2026-05-18 18:59:13,"ini kenapa, pas saya apdate aplikasinya tidak bisa di gunakan lagi, gimana ini, tolong perbaiki lagi aplikasinya",2
2026-05-18 18:53:46,dulu hp saya hampir meledak tapi sekarang engak lagi,5
2026-05-18 18:49:26,game nya KLO loading saat pertama kali download lama bgt,1
2026-05-18 18:36:38,bagus game nya tapi jangan berat berat,5
2026-05-18 18:10:49,💝,5
2026-05-18 18:00:18,"ada bugg render building ketika turun dari pesawat, tapi saya kasih bintang lima berharap cepat di perbaiki",5
2026-05-18 17:55:16,kenapa setelah update 4.4 saya login harus menggunakan vpn? padahal saya sedang berada di malaysia. tolong di perbaiki .karena di versi sebelum nya normal2 saja,4
2026-05-18 17:43:47,oke,5
2026-05-18 17:35:49,please fix bug Sensivity bottom,1
2026-05-18 17:33:51,ok,5
2026-05-18 17:27:01,lama sekali sih loading nya hapus aja loadingnya,4
2026-05-18 17:26:36,low rank di kasih musuh jago-jago? bro? you kidding?,1
2026-05-18 16:58:06,"temen saya gak ada tombol revive, karena itu saya mati",1
2026-05-18 16:37:09,Sangat bagus dari sigi kecepatan dan tdak lelet seperti sebelomnya.,5
2026-05-18 16:12:47,download nya terlalu agak lama,3
2026-05-18 16:09:19,"update terbaru kali ini sangat tidak bagus, selalu kena bug tombol selamatkan teman, tolong di perhatikan",3
2026-05-18 13:12:25,game nya asik seru lah,5
2026-05-18 12:58:43,cartoon game,5
2026-05-18 12:48:50,mantap,5
2026-05-18 12:39:59,game nya bagus tapi kadang ada yang ngechet,5
2026-05-18 12:35:24,tombol revive ga keluar sering banget nyusahin,3
2026-05-18 12:33:14,"makin kesini makin joss sihh,,kekurangan nya cuma waktu pencarian di renk solo bisa""sampai 6/7 menitan,,jadi kurang seru main solo,,apa lag sayai player solo,,tolong perbaiki",4
2026-05-18 12:11:31,"ga bisa masuk ke gem nya,pas udah di unduh mau di mainkan ga bisa masuk ke gem tolong di perbaiki ya tolong aku mau main plis baca",1
2026-05-18 11:54:18,"saya suka game ini, sya penggemar perang.",5
2026-05-18 11:50:38,"RANKED SUDAH KAYAK GAME MOBA , AMPAS",1
2026-05-18 11:43:07,"game ini sarangnya bug setiap saya main pasti ada bug tidak responsif,pas saya laporin cuma di diemin bukan di benerin",1
2026-05-18 11:33:38,saya harap jangan asal bandit akun pemain teliti dulu yg berbuat curang atau tidak,5
2026-05-18 11:32:04,"setelah update,kenapa gini?rusak?",5
2026-05-18 11:27:41,mantab,5
2026-05-18 11:13:53,permainan yg menguji adrenalin sasama kawan dan melawan musu seperti tentar di nyata,5
2026-05-18 10:22:19,"makin kesini makin banyak bug eror, gyro suka gerak sendiri, mau ngunduh pembaruan aja leletnya minta ampun",2
2026-05-18 10:00:14,udah gua kasih bintang 5 mau M416 glacier dong min 🗿,5
2026-05-18 09:50:19,"update season ini buruk,koneksi tidak stabil,tombol revive tidak muncul,shortcut ganti medkit,pain killer tidak fungsi harus buka tas untuk menggunakan medkit atau pain killer",1
2026-05-18 08:54:31,game seruuuuuuuuuuuuuu,5
2026-05-18 08:48:25,keren,5
2026-05-18 07:53:00,edit 18 mei 2026 bug lagi bug lagi dan lagi yakni pada self revive tidak bisa di gunakan yang padahal ADA!!! di dalam backpack sangat wow banget,1
2026-05-18 07:08:52,Versi 4.4 ada BUG tombol heal tidak muncul saat team knock !! sama tolong hilangkan bot bikin bosen main,1
2026-05-18 06:20:06,"knapa setiap kali perlu download latar belakang,,, rasa2 pengen gw hapus aja ini game",1
2026-05-18 06:14:22,"ya oke,cmn aku tdk bisa mainnya",5
2026-05-18 04:49:16,mohon diberi kelancaran untuk hp 4 ram,5
2026-05-18 03:41:35,tolong game terlalu banyak BUG versi 4.4 1 tidak ada tombol revive teman 2 bug heal 3 map sering muncul icon ngak jelas,5
2026-05-18 03:10:08,"saya sudah melakukan pembayaran melalui metode qr bayar untuk pembelian UC, saldo saya sudah terpotong yang menandakan pembayaran telah berhasil dilakukan, namun pihak pubg secara sepihak mengatakan ""purchase failed"" dan UC saya sama sekali tidak bertambah, solusi apa yang bisa diberikan oleh developer game sampah ini",1
2026-05-18 02:36:44,mengapa sesudah update game ini tidak bisa di buka..?,4
2026-05-18 02:14:28,game busuk sekali setiap main teman knock kita ga bisa revive karna ga ada tombol nya + nya,1
2026-05-18 01:36:45,kok GK bisa di buka pubg ini ada apa???,1
2026-05-18 01:29:38,kenapa pubg saya patah2 min.. device saya iqoo z10,3
2026-05-18 00:38:36,gema yg bagus,5
2026-05-18 00:23:05,"game ajgg ,ngerusak mood cewek orang aja lu brengsek ,benerin tuh jaringan server",1
2026-05-18 00:03:07,bug audio setelah update 4.4,1
2026-05-17 23:19:25,gem ini kaku banget dan pateh patah tapi bagus sih aku kasih bintang 5,5
2026-05-17 23:04:38,memang game banyak bug udah mau chicken ttap masih di troll dasar game sampah betulin dulu bug tuh masa tinggal gua di map masih tetap juara 2,1
2026-05-17 22:55:59,ko ngga bisa di instal ya😕,2
2026-05-17 22:43:29,Tolong di update agar support menggunakan gamepad controller,5
2026-05-17 22:18:45,makin berat game nya rusak tolong jangan ada update lgi kami yg player hp kentang menangis😭😓,5
2026-05-17 22:16:45,Tolong sistem rank nya dipermudah dong.,5
2026-05-17 21:19:32,gokil,5
2026-05-17 21:01:36,update terus bodok,1
2026-05-17 20:50:06,melatih emosi,5
2026-05-17 20:39:36,"terlalu banyak update ,tidak cocok untuk hp ram kecil,tolong dikurangi untuk updatenya",1
2026-05-17 20:30:09,Pubg sekarang trus Ada updatean kenpa?,4
2026-05-17 20:25:23,kebanyakan eror di obb,3
2026-05-17 20:13:30,game kok ngetamu awokawok game haram,1
2026-05-17 20:08:40,keren,1
2026-05-17 19:53:22,kasih Update M416 glacier kasih! Animasi Ganti Senjata! cepatan!😠😡 skin M416 lain ada efek Animasi Ganti Senjata! skin M416 Glacier gak ada Efak Animasi Ganti senjata😠😡 ini kalau gak di kasih update aku gak mau kasih Bintang 5 😠,2
2026-05-17 19:13:30,hilangin naik tier granding dong,1
2026-05-17 19:01:37,GLACIER M416 SWITCH EFFECT tidak ada parah pubg,1
2026-05-17 18:47:42,COBALAH BERPIKIR DAN HAPUS GRADING DARI GAME INI,1
2026-05-17 18:46:24,dapetin akun baru dan diamond ku banyak makasih ya baby,5
2026-05-17 18:10:42,"Adakah versi untuk main di HP kentang biar buat seru-seruan , sudah lama pensi karna penyimpanan dan lebih banyak update, padahal awal perilisannya gamenya sangat seru dan lebih fun.",3
2026-05-17 18:05:47,Terima kasih Plafon pencipta Game PUBG MOBILE semakin seru Pada tiap Chapter Baru di Metro Royale lebih Menarik jika Tabahan Proplayer berjumlah 100 selain Dari Boot,5
2026-05-17 18:04:02,aku sukaaaaaaaaaaaaaaa klu ada update terbaru,5
2026-05-17 17:57:47,tolong kembalikan pubg jaman dulu saja itu yang kami butuh,5
2026-05-17 17:47:15,tolong dong aku main gak ada tombol rifef nya tadi malem udah 3× kayak gitu terus 😭udah usaha apa pun masih aja gak adatuh tombol nya,4
2026-05-17 17:33:38,"hp gw dah triak2 jir "" gak kuat bang! jan update mulu """,4
2026-05-17 17:28:56,menghilangkan stress saya,5
2026-05-17 16:52:24,"tolong perbaiki game nya,sering ngebug kalo lagi update gal bisa masuk game",2
2026-05-17 16:04:48,Saya harap pihak developer bisa memberikan update event yang lebih besar lagi di season mendatang 🙏🏻,5
2026-05-17 15:50:49,kenapa sering update terus..,4
2026-05-17 15:45:36,bug tombol tembak hilang,1
2026-05-17 15:37:53,"makin lama makin besar. GK bisah lagi main pkek hp yang biasa buat main. kmaren masih sson 2 main pkek hp siomi ram 4 udah pro kali awak. kalo sekarang jangan cobak"".",5
2026-05-17 15:27:21,game nya bagus sekali!!,5
2026-05-17 15:08:20,"tolong bug nya di perbaiki, tombol revive sering hilang dan tombol utk pakai medkit susah di tekan dan untuk penanda step musuh kadang muncul di map kandang tidak ada",3
2026-05-17 15:07:01,"mengapa saya tidak bisa login pubg mobile?,, padahal sebelumnya bisa, tapi saat ini jika mau login ke pubg mobile selalu keluar sendiri? padahal internet bagus ram masi banyakk?? sudah saya hapus lalu instal lagi tetap sama tidak bisa login pubg mobile",4
2026-05-17 15:05:33,mantap,5
2026-05-17 14:38:58,terlalu sering update,1
2026-05-17 14:37:23,kbnyakan apdat.. pembaharuan terus.. gym tolol,1
2026-05-17 14:32:55,goood naiss,5
2026-05-17 14:32:35,bagus bgt grafiknya dan naikkan rank juga tidak sulit,5
2026-05-17 14:11:12,"malah disuruh dowload obb service dan pas mau dowload malah gabisa, jadinyaharus hapus game nya baru dowload lagi aduhh, udah tau dowload nya 1.3 GB cokkk, ditambahharus ngedowload data game nya lagi banyak lah pokoknya aduhh ayolah PUBG yg bener napaa!!!!!",3
2026-05-17 13:50:58,gilak keren banget,5
2026-05-17 13:35:48,gamenya sangat bagus,5
2026-05-17 13:06:07,obb service is running.. selalu bermaslah,2
2026-05-17 12:57:55,berat anjeng,5
2026-05-17 12:51:26,sangat bagus,5
2026-05-17 12:08:55,nganu banget gamenya,5
2026-05-17 11:59:10,"kenapa setiap upgrade pasti pakai memori banyak padahal map itu itu sj gak ada yg baru map Evant sj yang berubah, saran kalo bisa buat map baru biar lebih seru dan menantang...",2
2026-05-17 11:57:09,"tolong lah pubg, kasih mudah lah sikit dapetin m416 glacier nya..! susah kali pun. jangan lah pelit kali .",1
2026-05-17 11:48:06,😂bagus maen bersama,5
2026-05-17 11:23:45,buruk makin susah 4.4 un install aja dah ngabisin waktu aja,1
2026-05-17 10:50:38,"Game haram, di fitnah melakukan timming sampe di ban, sekarang ban orang tanpa bukti jelas, klo bener saya melakukan timming coba kirimkan bukti saya melakukan timming, bagusan dipegang tencent sekarang banyak orang cupu yang asal report",1
2026-05-17 10:43:50,sangat realisasi,1
2026-05-17 10:33:52,"bug tombol tembaknya masih ada babi, masak main tombol tembaknya jadi manual, tusun jadinya tadi main babi",1
2026-05-17 10:13:05,PUBG burikkkkk FF baru keren,5
2026-05-17 10:12:04,HALO KAK..KAK UNTUK UPDATE SEASON DEPAN BUATKAN SETINGAN KONTROL PEGANG SENJATA DI TANGAN KIRI BISA GAK😁😁 KALOK BISA PASTI SERU...,5
2026-05-17 10:02:04,aku mau top up kok gak bisa ini?,5
2026-05-17 09:45:10,gw suka game ini soalnya banyak yang sexs dan banyak karakter cewe belah tengah,5
2026-05-17 09:39:44,kembalikan soundtrack ON MY WAY,5
2026-05-17 09:30:00,kualitas nya baguss menarik,5
2026-05-17 09:15:13,matchmaking lama banget duo fpp 20 menit,1
2026-05-17 08:26:02,game nyee ngebak,1
2026-05-17 08:02:35,pubg eror masa Gak bisa di log in nin,1
2026-05-17 07:44:07,berikanlah kehokian pada akun saya 😇,5
2026-05-17 07:34:32,saya suka pubg,5
2026-05-17 07:23:25,lebih detail dari pada game sebelah 🫣,5
2026-05-17 06:33:59,nanti di update lagi penilaiannya,4
2026-05-17 06:32:29,pubg mantap. cuma pubg yg terbaik,5
2026-05-17 06:10:36,Banyak kali bug nya lah. tolong secepat nya di perbaiki,3
2026-05-17 05:57:23,sorry dikurangi 1bintang.. karena sekrng banyak ngebak nya.. kadang suara TDK terdengar oleh teman trus kadang juga tombol rifev nya hilang.. tolong di perbaiki 🙏🙏🙏,4
2026-05-17 05:13:35,"Sakit minusNya , rank rendah serasa domi. boring diawal. bukannya ga pro tpi kesan awal udh maen kencang aje minus.",1
2026-05-17 05:05:16,mantap dah pokonya,5
2026-05-17 04:48:50,"tolong perbaiki fitur bug gyroscope, saya pakai device oppo reno 14f 5g, sejak update 4.4 saya kena bug gyroscope, kronologi : saat saya memasuki mode pertempuran gyroscope saya menjadi terbalik, saya sudah cek di setting, saya tidak memakai fitur gyroscope terbalik, tetapi pas saya main ranked ataupun battle royal, gyroscope saya selalu terbalik, tolong dari pihak tencent perbaiki bug ini, saya pun sudah ngecek, untuk sensor gyroscope di device saya berfungsi dengan baik dan normal",1
2026-05-17 03:55:02,"saya suka sekali dengan PUBG Mobile, tapi sayang terlalu banyak memori terkuras dan paket cepat habis.....🙏🙏",5
2026-05-17 03:13:17,banyak sekali kenangan di tahun 2018 yg tak terlupakan😭,5
2026-05-17 02:02:57,setelah update malah gk bisa dibuka,2
2026-05-17 01:34:20,game tidak amanah. saya top up melalui qris transaksi sudah berhasil tapi dalam permainan tidak masuk,1
2026-05-17 01:11:56,benerin bot ai lahh aim nggak ngotak,1
2026-05-17 01:06:26,sudah membaik tapi tidak sempurna,3
2026-05-17 00:34:09,terbaiikkkkkkk☺️,5
2026-05-16 23:38:01,"game udah ga jelas dengan sistem grading ditambah player yang memakai handphone terkadang ketemu streamer/player yang menggunakan ipad dan emulator dimana kita kalah fps dan juga view untuk player handphone yang masih dibawah, saya harap pubg bisa membagi server antara ipad, emulator dan handphone",1
2026-05-16 23:24:55,kenapa habis di update gk bisa masuk..?,1
2026-05-16 23:06:27,"kok sering kali update nya,,bikin kesel apa lagi gua gak ada paket,taik taik",1
2026-05-16 22:12:47,game tolol banyak bug,1
2026-05-16 22:03:01,"terlalu pelit gcah sma player lama maunya pake uci , jaringan tidak setabil game trlalu berat dasar pelit",1
2026-05-16 21:59:11,"pubg sekarang jadi berat pas lagi main mau hp bagus,hp jelek sama ajaa,gaa bisaa menikmati lagi mainnya",1
2026-05-16 21:30:46,"update kali ini lumayanlah.. tapi jujur aku bener2 menikmati event hanya sampai pownin.. berkesan bgt rasanya.. setelah event pownin selesai, event2 selanjutnya sangat sangat biasa aja. kaya gak ada kesan yg bagus.. flat",3
2026-05-16 21:28:54,pas lagi main tiba2 keluar aplikasi dengan sendirinya... ada apa dengan update an yg baru,3
2026-05-16 21:24:24,game bagus cuman hp saya ga kuat120 fps🗿,5
2026-05-16 21:16:45,sebelumnya terima kasih min untuk update terbaru nya menurutku bagus sih...tapi saya ada keluhan soal bug dan terkadang jaringan sering belum stabil dan sering tinggi. Mohon di perbaiki lagi min,5
2026-05-16 20:57:19,lagi lagi abis update frame droppp.. najis bgt gilaa sampe 30fps kocakk,1
2026-05-16 20:47:14,keluar Asep mati nyaa kaya kena azab tukang maling cangcut,1
2026-05-16 20:42:20,gem sakit mata,2
2026-05-16 20:33:49,"game babbiii, sumpah mau login ribet mau ganti sandi ribet anjng",1
2026-05-16 20:33:30,lebih seru ada borgol belakang punggungnya ide iseng dan mengoda pliss ada nada senyum,5
2026-05-16 20:31:11,"apa ini gak bisa login lagi, katanya gua di curigai padahal ini gua, aku main pake no telpon, dan no nya itu nomor biasa bukan wa, kok gak bisa katanya verivikasi pas verifikasi udah malah eror bener dah dulu bug bundle sekarang bug system,",3
2026-05-16 20:27:57,"""koneksi server hilang. periksa koneksi jaringan kamu sebelum mencoba lagi"" ini maksud nya apa min???",1
2026-05-16 20:13:31,Kenapa Rank saya Turun sendiri dari ACE MASTER jadi ke Platinum.. padahal baru pagi saya mainkan Masi ACE MASTER pas malam saya buka PUBG tiba2 rank saya jadi Platinum...ada apa dgn PUBG mobile ketika update season 4.4. ini... berikan penjelasan nya...untuk pihak PUBG mobile Indonesia,5
2026-05-16 20:07:36,kembalikan tombol revive gua pubg tolol,5
2026-05-16 20:00:51,"lu pakek ipad lu punya pubg babi udah gitu view ipad di dewa dewakan ,bot dimana mana fitur kebayakan ini game mau di matikan kah ? udah main dari 8 th tiap tahun makin gak menikmati gamenya dari pindahnya ke kraton tolol itu",1
2026-05-16 19:51:39,kenapa grapik nya gaada yg lebih burik min hp gw smot aj ada suara mesin cukur,1
2026-05-16 19:37:10,jaringan bagus tapi nggak bisa login server tidak merespon,2
2026-05-16 19:35:58,please fix rendernya cepet biar turun event gak mati,1
2026-05-16 19:33:48,"makin kesini makin cape main pubg, skil anak tk di bantai skil anak stm, belum juga nembak, udah mati duluan makin gajelas tencent, kalo caranya gini, gw bakalan lawan, pindah server ke ML aja blog, pusing nambah stress iya, emang anjeng",1
2026-05-16 19:32:41,tak kasih bintang 5 soalnya gara gara krafton manca jadi upload,5
2026-05-16 19:14:42,good game,5
2026-05-16 19:11:01,"AKHIR2 INI BANYAK KELUHAN MIN DARI KAWAN2 TERMASUK GUA MIN, SEKARANG MAKIN BANYAK BUG NYA. BAGUSAN ERANYA TENCENT MIN DARI PADA SEKARANG",1
2026-05-16 18:47:20,"yah udah jadi tradisi keknya nih tiap update pasti bugnya bejibun 😅 tapi yang paling ngeselin bug analog, pas momen² genting lagi close combat analognya ngga bisa digerakin. moga cepet di fix lah kesel banget reset season baru main dua match too soon gara-gara bug analog",1
2026-05-16 18:47:08,tidak seru tidak seru sekali dan tidak enak dimainkan,2
2026-05-16 18:46:36,"sejauh ini, masih bisa dinikmati",4
2026-05-16 18:44:43,Bagus. Tapi,4
2026-05-16 18:38:31,"Gw mau push conqu woy pubg, napa gw ga bisa main mental mulu ""koneksi ke server hilang, periksa koneksi jaringan kamu sebelum mencoba lagi"".Game gajelas, niat ga sih lu.",1
2026-05-16 18:33:22,m4 glacier efek please,2
2026-05-16 18:27:06,game rusak,1
2026-05-16 18:26:02,tolong itu hapus trading nya biar gak strees kalau mau naik rank pliis krafton biar saya main lagi ini game,2
2026-05-16 18:22:41,game nya udah mulai bagus. PUBG mobile coba buat bisa ubah tampilan PUBG mobile menjadi macam iPad walaupun menggunakan hp biasa.,5
2026-05-16 18:21:45,"ini apa sih udh sampe loby d blng koneksi putus krn jaringan padahal jaringan aman,,aneh bgt pubg skrng bkn ny mkn gede data ny kok mkin susah ajaa",3
2026-05-16 18:20:34,game apaan ini update season servis ngk dukung,1
2026-05-16 18:18:33,"bug mempengaruhi terputus ny server pusat karena jaringan, padahal koneksi sinyal sedang bagus",2
2026-05-16 18:17:47,GOOD,5
2026-05-16 18:15:57,makin di update malah makin bug ga jelas pabji,3
2026-05-16 18:09:48,makin busuk aja abis update,1
2026-05-16 17:57:11,tolong lah klo gacha kita punya kupon peti semisal punya 6 bisa langsung gacha 10 pake AG ini malah uc yg ke potong ngotak lah,1
2026-05-16 17:53:31,game cacat sinyal bagus tp gak mau masuk padahal wifi cuma di pake 2 hape,1
2026-05-16 17:47:14,pubg lambat masuk mohon di perbaiki,3
2026-05-16 17:45:54,Gachanya aja diperbaikin biar gk terlalu mahal dan gk banyakan item sampah,5
2026-05-16 17:39:08,👍👍👍,5
2026-05-16 17:27:28,game terbaikku😍🥰,5
2026-05-16 17:14:29,game kontolll. banyakk bugg. udah semua mahal GK nguntungin pemain GK meberi kenyamanan permainan. sampah.,1
2026-05-16 16:51:18,mau dapat M416 GLACIER DARI PETI GRATIS TENSEGN,5
2026-05-16 16:41:33,obat stresss tingkatkan kemanannya lagi... terimakasid,5
2026-05-16 16:19:48,"gara"" main game pubg ini hatiku benar"" mati 🥀",5
2026-05-16 15:49:38,"krafton, game lu bagus cuman hp gw aja yang oon💔💔",5
2026-05-16 15:39:38,semakin berat tiap update,3
2026-05-16 15:27:55,evennya gak jelas,1
2026-05-16 15:27:38,"tambahin mp min auto ngajak temen"" download+Mabar",5
2026-05-16 14:31:37,selalu ngelek padahal saya pakek starlink,3
2026-05-16 13:21:29,walaupun agak berat pubgm sekarang tpi masih seru apa lagi metro roya minus nya gk ada teman mabar aja sih,5
2026-05-16 12:50:16,"tidak bisa login menggunakan wifi, jika menggunakan wifi akan stuck di preparing resource, ketika pakai data baru akan jalan, tetapi ketika sudah di dalam lobby ingame dan match baru bisa menggunakan wifi, hal ini sangat merugikan saya karena pemborosan data, apalagi setiap login harus menggunakan data saya diharuskan untuk mengupdate 5 mb yang tidak jelas untuk apa hal itu, ini jelas merugikan saya karena pemborosan paket data dan juga storage, sangat mengecewakan.",1
2026-05-16 12:49:13,"ayo laah... update terbaru kok sering bug, tombol revive teman tiba tiba hilang, sering gak muncul...",3
2026-05-16 11:57:08,gamenya bagus dan seru cuman developer nya pelit kikir nya gangotak dan satulagi hapus sistem grading nyusahin banget,3
2026-05-16 11:27:48,udah lama GK main geme ini sekeli nya donlod lagi mau masuk dalam geme donlod data nya lama GK macam dulu jadi males main nya lagi udah gak jelas geme nya,1
2026-05-16 10:45:32,keren sekali ini mahh,5
2026-05-16 10:44:45,seru banget,5
2026-05-16 10:34:09,tolong di ganti bahasa indo plis kukasih 5 bintang,5
2026-05-16 10:14:55,tolong perbaiki Bug di hp realme c30s layarnya miring jadi tidak bisa main,1
2026-05-16 09:27:19,bagus,5
2026-05-16 09:08:53,bagus sekali,5
2026-05-16 08:45:47,bagussss,5
2026-05-16 08:45:08,"hp udah spek tinggi masih juga Nge frame lag, makin jelek PUBG saya kasih bintang 1, kalau sudah bagus baru saya kasih bintang 5",1
2026-05-16 08:36:56,setelah update kok malah error......game haram,5
2026-05-16 08:34:52,"ada update tapi ga bisa ke download dan loading terus.padahal sebelumnya ga ada masalah .kalo OS atau Spec device ,udh jelas diatas minimum requirement. selama main ga pernah ngelag",1
2026-05-16 08:23:07,pubg ini keren lo tirimakasi yang suda buat game keren ini,5
2026-05-16 08:08:12,4.4 Kren banget 👍,5
2026-05-16 08:07:11,update terbaru kok susah min download map nya mana bentar2 loading melulu,4
2026-05-16 08:06:18,Pembaruan malah jadi ancur sinyal nya... ga bisa masuk ke pertandingan,1
2026-05-16 08:00:12,kasi bintang 3 karna pelit aku berkali kali gacha gak di kasih hoki dari dulu blood reven aku dapat matrial aja gak pernah di kasih hoki kalo gacha tolong dong kasih hoki,3
2026-05-16 07:52:58,game apaan ni matching lama baru main dapet musuh yg jago apaan banget,1
2026-05-16 05:55:28,"Kok pas dowlodkok lama mau download ya saya sampel nunggu 2 jam,coba kalo gemlain bentar kayak free fire ,iya sih kalau main ya grafik ya bagus dan seru",5
2026-05-16 05:40:38,hapus rikolan sama iven,1
2026-05-16 05:31:00,hiburan gw ini,5
2026-05-16 04:52:09,"makin update malah makin banyak bug,yang bener Napa gua dah susah susah grading sisa 1 malah ngebug di island",5
2026-05-16 04:05:19,LET'S GO🔥🔥🔥,5
2026-05-16 04:03:37,"setiap Kali Ganti Season Pasti Aja ngelag Parah,Padahal sinyal Bagus,Ram sama Chipset mendukung,tapi Game Nya Tak mendukung,Tolong lah Tencent Perbaiki.",5
2026-05-16 03:04:46,game paling seru,5
2026-05-16 01:50:32,"saya udah lama meninggalkan permainan ini, sudah gak seindah dan seenak dulu lagi game nya, bnyk perubahan malah makin gak enak di lihat.",1
2026-05-16 01:44:58,tolong bug nya diperbaiki setelah update seperti tombol revive yg hilang ketika teman knock dan sinyal yg sering drop,1
2026-05-16 01:39:23,"aplikasi sering terjadi kesalahan di HP infinik note40 pro 5g dan juga frime rate tidak samapai 60 FPS sangat disayangkan sekali dan juga sering muncul seperti(Notifikasi baru. Ketuk untuk melihat Sistem Android 27 m Kesalahan Aplikasi Terdeteksi bahwa aplikasi ""PUBG MOBILE"" mogok karena masalahnya sendiri. Harap tunggu pembaruan untuk memperbaiki masalah, atau kirimkan umpan balik melalui saluran layanan pelanggan dalam aplikasi. Tutup)",1
2026-05-16 01:34:31,Tunggu aku update hp ya jangan sampe ilang dari playstore,5
2026-05-16 01:07:16,"setelah update, malah lemot banget. baru lobby aja delay banget",2
2026-05-16 01:02:49,"Saya ingin memberikan masukan agar sistem Promotion Match di ranked dihapus. Sistem ini sering membuat pemain yang sudah bermain konsisten tetap gagal naik rank hanya karena beberapa match yang tidak beruntung, sistem poin rank yang sekarang sudah cukup untuk menentukan progression pemain tanpa perlu Promotion Match tambahan. Semoga bisa dipertimbangkan agar ranked terasa lebih fair dan nyaman dimainkan.",1
2026-05-16 00:12:02,"tolong pihak PUBG, mohon di kurang data geam kami parah pengguna hp kentang sayang menyukai bermain geam PUBG Jika data geam terus bertambah kami tidak akan bisa bermain geam yang sangat kami suka yaitu PUBG",5
2026-05-16 00:11:53,"tolong perbaiki fitur hapus data untuk wow karena setiap login memenuhi ruang penyimpanan, serta jika bisa hapus saja fitur hub karena sudah ada cheerpark dan training ground. pindahkan saja beberapa fitur hub ke cheerpark untuk pelengkap.",2
2026-05-16 00:09:11,"tidak profesional untuk pertandingan,ada perbedaan fps,saran aja untuk fps 120 di pertemukan sesama fpa 120 biar adil dan kompletsibel",3
2026-05-16 00:02:51,bang sensi gyroscope gua eror tolong di perbaiki lagi,2
2026-05-15 23:37:52,Memuaskan.😎😎🔥,5
2026-05-15 23:13:48,oleh para 🙏,5
2026-05-15 22:54:41,bagus dan keren,5
2026-05-15 22:46:16,kenapa event baru 4close terus kaga bisa match d livik.,1
2026-05-15 22:45:54,"kurangi bintang setelah updet bug parah,ga usah updet yang gak penting kopok jadi pada males main pupg",1
2026-05-15 22:38:01,"Terlalu banyak Bug yang membuat pengalaman bermain tidak menyenangkan setelah UPDATE 4.4 Perbaiki Bug Game saat pembaruan, berhenti buat Event yang merugikan bagi user pubg, event yang merusak pengalaman lancar bermain game PUBGM",1
2026-05-15 22:31:10,"game terbaik yang pernah ada,terima kasih",4
2026-05-15 22:20:08,"Mohon penjelasannya min, ini kenapa saya ga bisa buka aplikasinya yak setelah mau masuk update 3.9 ini ? tertulis ""Please enable storage access permission for this app in settings and restart the game"". Udah di cek di pengaturan dll aman aman aja tapi tetap ga bisa masuk aplikasi. note : bintang bakal berubah sesuai dengan bisa atau tidaknya masalah ini teratasi.",5
2026-05-15 22:18:08,Makin seru skin2 nya. X-Sw dong,5
2026-05-15 22:16:20,makin bulan ke bulan makin gila ini game keren abis✌️,5
2026-05-15 22:15:26,0ok.. 0ok... 00k... 0okk.. mantap,5
2026-05-15 22:12:51,makin gk jelas game nya pake wifi malah gk bisa main jadi males,1
2026-05-15 22:09:45,ngestuck di 92%,3
2026-05-15 22:03:30,"makin update makin ga nyaman,teropong ×6 di perkecil udah beda,ukuran garis makin besar dari sebelumnya,pas nembak musuh dari jauh ga keliatan musuh nya ketutupan sama garis yang ada di scope",1
2026-05-15 22:00:27,"parah sih, gak ada tombol rifep nya bikin kesel nih",4
2026-05-15 21:53:55,suka,5
2026-05-15 21:41:53,keren gak ada auto aim bisa melatih ketepatan,5
2026-05-15 21:35:02,oke semuwa,5
2026-05-15 21:31:30,gamenya bagus,5
2026-05-15 21:28:11,mantapp,5
2026-05-15 21:27:35,gem ini membantu sy dengan mendapatkan cuan,5
2026-05-15 21:25:50,knpa game gw gak bisa dibuka...,5
2026-05-15 21:23:08,saya suka walaupun banyak yang belum saya pahami..🇹🇱🇹🇱,5
2026-05-15 21:15:26,PUBG gak ada dua nya,5
2026-05-15 21:07:19,mantap behgggg,5
2026-05-15 20:55:23,bos tolong di perbaiki di ifen nya? bayak buknya kadang g bisa nmbak,3
2026-05-15 20:43:56,jaringan Telkom macam taayek updatenya lama bet dah,5
2026-05-15 20:39:14,"sistem grading di rangked hapus ajaa kecualii di tdm baru masuk akall,kalah 2 kali resett ulang dari awall di kira perjuangan gitu gamoang kali bikin nurunin kd jugaa haduhh",1
2026-05-15 20:39:10,"ad misi untuk return player main bersama teman tapi tdak bisa karna perbedaan tier, lah kan tidak masuk akal. waktu bermain juga berbeda dengan teman otomatis ada perbedaan tier, ketika bisa bermain bersama masalah perbedaan tier jdi kendala. apa coba tujuannya? pikirkan juga masalah pemain baru, tujuannya install pubg supaya bisa mabar sama temannya, dan apa? maslah perbedaan tier lagi. lagian mayoritas pemain juga pasti membentuk squad untuk bermain, jangan desain sistem yang menghalangilah.",1
2026-05-15 20:33:22,"PUBG, ini tidak bisa masuk ke game, mohon di bantu",1
2026-05-15 20:21:11,"sering ga stabil saat ada musuh ga tau kenapa, jadi malas euy",1
2026-05-15 20:17:23,gamenya bagus realistis ramah untuk bocil yang berumur 9 tahun,5
2026-05-15 20:00:18,sush di update,5
2026-05-15 19:52:47,Pemain dengan level rendah dipadukan dengan pemain level tinggi.. Pembuat game ini level tololnya benar2 tinggi.,1
2026-05-15 19:45:24,baru ku update kok tidak bisa login ya terus ada notif download abb sarvice maksudnya apa ya?...sudah pakai wifi sama aja..,2
2026-05-15 19:37:05,banyak bug jir semenjak update terbaru,3
2026-05-15 19:24:27,terlalu sering update,5
2026-05-15 19:13:36,terbaik,5
2026-05-15 19:12:52,suka bangat apalikasi ini,5
2026-05-15 19:05:54,game haram mati keluar asap dukhon burik,1
2026-05-15 18:57:00,terimakasih,5
2026-05-15 18:42:45,setiap update baru sllu nge bug,4
2026-05-15 18:33:57,terbaik PUBG,5
2026-05-15 18:32:16,game bagus👍👍👍,5
2026-05-15 18:29:40,sumpah pengen main lagih tapi hp nyah udh engga kuat buat main PUBG lagih tolong dong kirim Poco f7pro aja gapapa,5
2026-05-15 18:19:56,bagus tapi memori habis,5
2026-05-15 18:11:12,terlalu berat buat hp device menengah,1
2026-05-15 18:07:08,game bagus dari segi grafik dll,5
2026-05-15 17:57:40,game appaan ini dkit2 update bkin hp jebol..sudah bnyak player yg bosan di game ini tp msh aja gk ada prbaikan,1
2026-05-15 16:38:29,pubg tidak bisa di buka,1
2026-05-15 16:26:36,hp gw ram 4/128 masih kuat walaupun grafik smooth,5
2026-05-15 16:24:30,sangat bagus,5
2026-05-15 16:12:40,hilangkan saja naik level gitu Terlalu ribet,1
2026-05-15 16:11:23,sangat bagus,5
2026-05-15 16:09:26,Game nya Bagus satu satunya di dunia🤗💪🏻🙏,5
2026-05-15 15:12:02,update terlau lama saat membuka game,1
2026-05-15 15:11:12,mantap,5
2026-05-15 15:09:02,"dear pubg game nya udah aman tidak ada cheat lagi, tapi mohon itu Rosemary kaya nya bukan manusia dia alien masa jago banget.",4
2026-05-15 14:59:03,semoga semakin banyak yang ninggalin game ini,1
2026-05-15 14:50:37,HP kentangku menjerit,4
2026-05-15 14:50:00,"game kntoll gak jelas perhitungan data gamenya, udah download semua tapi ternyata masih banyak data tersembunyi yg belum didownload alhasil makan kuota lagi, setiap update selalu ada bug!!",1
2026-05-15 14:20:44,SISTEM KUNO YANG SANGAT MEMBOSANKAN HEP PLIS REKAL MI,1
2026-05-15 14:09:48,Kalo aku boleh usul di kasih rumput yang tinggi biar bisa sembunyi jadi musuh tidak tahu itu ulasan saya kenapa kalo musuh kena tembak susah mati kadang gedungnya g kelihatan biarpun paketanya penuh,5
2026-05-15 13:54:22,"Bagus,tetapi aplikasi terlalu berat di ponsel 🛑🛑🚨🚨🚨",5
2026-05-15 13:51:33,PUBG mobile Tambah burik Lebih baik Gausah BUAT GAME KALO ORANG GAK TERTARIK,1
2026-05-15 13:49:37,sial masa suruh download data ulang lagi si? buang buang Kouta gua ajig,1
2026-05-15 13:44:48,"setelah update gak bisa masuk pakai media sosial, pakai email,juga pake nomer hp.gak bisa semua.tolong dong",1
2026-05-15 13:37:03,game kikir superior furschef gift ga ada superior nya gacha rate busuk kapitalis banget apalagi game nya sepi pula,2
2026-05-15 13:36:49,👍,5
2026-05-15 13:27:00,sinyal bagus tapi sering dis connect.,1
2026-05-15 13:12:16,makin sini malah makin jelek update nya,1
2026-05-15 12:49:30,sangat menyenangkan kan,5
2026-05-15 12:44:30,"saya sangat kecewa kepada pubg karena terlalu banyak update yang tidak berguna, gameplay sekarang tidak nyaman",1
2026-05-15 12:40:50,"optimasi sangat jelek, matchmaking sangat lama",1
2026-05-15 12:15:15,tolong di perbaiki agar kceran y lebih akurattt,1
2026-05-15 11:51:16,game ini sangat amat bagus,1
2026-05-15 11:51:06,terlalu banyak update....,1
2026-05-15 11:22:46,habis di upgrade gak ada tombol ripep,5
2026-05-15 11:16:31,yang terhormat pubg ini gamenya agak lag sedikit saat di loby pesawat tolong di perbaiki,5
2026-05-15 11:02:14,bagus,5
2026-05-15 10:53:44,"permainan nya sangat seru,apa lagi bisa ketemu bayak orang atau bisa berkomunikasi dg orang,pokoknya permainannya sangat seru.",5
2026-05-15 10:26:49,bagus,5
2026-05-15 10:10:54,"Hai, saya pemain lama dari 2018/19 . Seru emang saat zaman dulu. Terus , karena upgrade terlalu besar, hp yg dulu sy pakai sudah tidak sanggup. akhirnya vakum dlm waktu lama. Nah ,sekarang sy sudah punya device baru yg mumpuni untuk main lagi. Tapi banyak perubahan yg signifikan yg sudah terjadi selama ini. Apalagi di Map SANHOK. Sepertinya ini area terlalu sulit skrg, beda dengan yg dulu. terus, tolong subtitle/narasi UI agar di gede ini . terlalu kecil untuk kami yg pemain uzur 👍",3
2026-05-15 10:02:57,Game nya bagus tapi tolong diperkecil lagi kasian yang pengen main karna speksipikasi rendah tolong dibuat merata,5
2026-05-15 09:30:00,game bagus👍😎 Ter-Baik👍💯 namun Hp ku memori nya penuh.. unninstal dulu ya,5
2026-05-15 09:13:15,sudah nggak seru lagi...salam player seson 2,2
2026-05-15 09:12:12,Penn main pubgg,5
2026-05-15 09:10:11,"seru, asik, menarik",5
2026-05-15 09:04:35,Min kenapa saya tidak bisa masuk,5
2026-05-15 08:56:38,next bertema nusantara😅,4
2026-05-15 08:46:32,makin menyala memori ku😭,5
2026-05-15 08:36:15,baguss sekali tapi hp gaa kuatt 😭,5
2026-05-15 08:16:22,okey,5
2026-05-15 07:58:52,kalo mau ngadain grading mending dari ace dominator ke conqueror. grading di crown ke ace dan seterus nya bikin males main,1
2026-05-15 07:29:18,boros paket gua hampir habis saat mainin,1
2026-05-15 07:20:35,mantap,5
2026-05-15 07:10:30,"hallo developer, tolong hapus system granding, karena itu sangat mempersulit player saat menaikan rank, soalnya mau naikan rank Dari crown ke ace saja sangat sulit, sering dipertemukan dengan player dengan device yang memumpuni, apalagi saat sudah 2 kali menang Dan tinggal 1,terus kita kalah/tida capai target 2 kali pertempuran, langsung direset pencapaian yang awal tadi, langsung mulai ulang Dari satu, Dan disini yang buat frustasi. tolong untuk developer yang terhormat, tingkat kan lagi 🙏",3
2026-05-15 07:09:49,"ada bug yg merugikan pemain yakni force close dari awal main udah terasa lag nya tidak lama kemudian langsung force close(keluar sendiri),mohon diperbaiki bug ini agar tidak merugikan pemain",1
2026-05-15 07:07:41,"setiap mau log in, selalu ada pemberitahuan "" Download Resources "" tapi tidak ada tampilan downloadan nya? sebelum nya tidak pernah terjadi? ada kendala apa yah developer?",3
2026-05-15 06:30:02,"jijik bener update 4.4 banyak banget bug nya,lu sebelum update test dulu masa gak ada server test biar tau ada bug atau engga",1
2026-05-15 06:12:16,gak masuk ke pertempuran,1
2026-05-15 05:34:44,tidak bisa update nge stuck loading trus,1
2026-05-15 04:31:51,player 6 tahun lalu kembali mantappp,5
2026-05-15 04:03:09,"Terlalu banyak bot, jadi kalau ketemu player asli jd ragu jadinya kurang refleks.",5
2026-05-15 03:22:35,jujur game ini tuh seru cuma banyak suami orang yang ngaku bujang sialan😞,5
2026-05-15 03:02:54,asyiknya main kayak ginian,5
2026-05-15 02:26:54,Lebih baik,5
2026-05-15 02:09:44,pas turun dari pesawat mw sampai tapi rumah nya agak gebab nya cuma segitu aja dari aku terima kasih,5
2026-05-15 01:51:54,"developernya gak jelas, masa mau war di matiin redzone anehhb",1
2026-05-15 01:50:24,saya sangat suka game ini,5
2026-05-15 01:46:35,minim player matching play game susah,1
2026-05-15 01:40:42,tolong kurangin bug agar kita turun rumah sudah keliatan,5
2026-05-15 01:38:37,mantap bangat gem ini,5
2026-05-15 01:34:16,tencent gajelas banyak bug nya,1
2026-05-15 01:26:50,game bogay,3
2026-05-15 01:09:01,Alan Walker adalah versi terbaik PUGB di era nya.. rindu teman2 yg dulu mabar smpai lupa waktu di era itu. and please ramaikan lagi yuk pugb dan tolong kita Naikan bintang nya lagi ke arah 5.0%,5
2026-05-15 01:06:55,"kenapa harley nya suara nya tidak blar blar, kecewa saya berjam jam saya download data demi naik harley di pubg malah suara nya kek vario gerung. kecewa saya. tolong sistem nya tambahin suara blar blar harley pada umumnya biar pemain makin nikmati naik harley dengan suara blar blar nya walaupun di real life cuma naik beat karbu.",1
2026-05-15 00:59:00,sekarang ram 16 gb sudah tidak menjamin kelancaran bermain pubgm,5
2026-05-15 00:47:51,GOOD GAME,5
2026-05-15 00:43:13,gamenya sangat bagus sekali grafiknya juga Jan josjis,5
2026-05-15 00:36:00,game burik cuy jangan download,1
2026-05-15 00:32:09,Tidak jelas,2
2026-05-15 00:14:59,selama bermain sudah bagus semoga tidak ada cheater lagi,5
2026-05-15 00:03:46,kalau dulu masih ada hujan petir sama malam tahun2018 sekarang tidak ada siang aja mohon di dibuatkan lagi,4
2026-05-15 00:03:29,terlalu lama waktu menunggu macth nya... membosankan.,3
2026-05-14 23:50:12,hebat,5
2026-05-14 23:49:36,jarigan ya susah,4
2026-05-14 23:40:20,"pencarian battle rank classic lama sekali,",5
2026-05-14 23:23:12,bagus,5
2026-05-14 23:18:56,saya sangat senang bermain pubg mobile buat bisa medapatkan teman yg banyak disi,5
2026-05-14 23:16:37,hujan dan malam nya belum ada,5
2026-05-14 23:15:28,hero's crown event sampah banyak camper,5
2026-05-14 23:13:47,update terus sampai 100gb,1
2026-05-14 22:49:51,terlalu sering update dan berat,1
2026-05-14 22:49:26,tolong jangan pata pata saya kasih tips bintang 5,5
2026-05-14 22:48:04,lama banget dah lu bikin game ajakrang pengen main game yang cepet game ini malah bgelama lamain mati nya nggak realistis masa Pati keluar asap kena azab terus kalo mati ya jadi mayat lah lu bikin game yang bener aja,1
2026-05-14 22:46:01,tiap tahun siseon trus dibup....bikin kaga jelas...,1
2026-05-14 22:41:21,jellek banyak bug masa udah donlod di suru donlod lagi,4
2026-05-14 22:29:57,"saya suka dengan adanya grading, lebih banyak jumpa pemain dari pada bot.. disitu kita tau, kita udah layak apa belum..",5
2026-05-14 22:19:58,gamenya seru sih tapi kalo kasih musuh yang bener jangan yang chat musuhnya masih level 15 gua 26 masa kalah tim gua GK jelas,2
2026-05-14 22:05:54,Game yang sangat bagusssssss,2
2026-05-14 22:01:45,game nya seru dan asik juma update data nya banyak sekali .,3
2026-05-14 21:57:54,semakin kesini susah naik tier ace ke tier selnjutnya,1
2026-05-14 21:56:28,update game semua disuruh download ulang game haram,1
2026-05-14 21:55:36,tolong Tencent / krafton : saya dulu udah sering komplen di ingame di layanan pelanggan tentang : SCARL Thorn Of Malice & M416 Lizard Roar untuk ditambahkan One Hit Effect tolong banget udah max soalnya. makasih,3
2026-05-14 21:55:34,"aplikasi jelek, jaringan lagi bagus"" nya malah dikeluarkan dlam game, koncet",1
2026-05-14 21:53:52,"hentikan even lebay sudah mirip ff saja ni game kayak game bocah even gak masuk akal , balikin pubg seperti dlu lagi yg real perang bukan sprto skrang sangat lebay",1
2026-05-14 21:52:06,krafton tolong perbaiki bug jaringan di update terbaru sekarang,5
2026-05-14 21:51:35,game yang sangat worit.,5
2026-05-14 21:49:37,gem rusak,1
2026-05-14 21:48:43,mode FPP seperti mitos,5
2026-05-14 21:48:37,"gamenya bagus, dan sangat inspiratif bagi saya untuk belajar fokus dan kekompakan dalam team 💪🔥",4
2026-05-14 21:45:28,👍👍,5
2026-05-14 21:43:01,baik sih suka pubg,5
2026-05-14 21:42:15,mantap,5
2026-05-14 21:39:51,saya paling suka game' PUBG mobile keren,5
2026-05-14 21:36:14,suka sekali namun sayang sekarang besar x memori yang harus di sediakan,5
2026-05-14 21:27:49,Terbaik😇🙏🏻❤️,5
2026-05-14 21:26:38,gacha ga hoki,5
2026-05-14 21:22:55,lumayan bgus,1
2026-05-14 21:19:11,the beast deh semangat untuk developer nya,5
2026-05-14 21:19:09,bug terbaru turun dari mobil lama banget🙁🙁🙁,5
2026-05-14 21:14:31,cukup baik sementara ini,5
2026-05-14 21:10:03,sangat seru,5
2026-05-14 21:09:57,"ukuran update gak ada otak, siapa yg main game kek gini",1
2026-05-14 21:08:31,"Sangat seru ya, apalagi setiap season menghadirkan dengan ivent ivent yang menarik untuk bermain PUBG MOBILE",5
2026-05-14 21:07:31,mantap,5
2026-05-14 20:59:03,"game semakin berat,, pake hp kentang ram 4 gak bisa main pdhal pake grafis super smooth",1
2026-05-14 20:56:31,berat banget buat naikin rank ke ace.... masa 2-3x ditembak langsung knock kek semacem kena cheat padahal pakai rompi dan helm level 3..!!!,5
2026-05-14 20:48:35,game nxa bagus.tapi ada sedikit keluhan sya.kenapa ketika kita dalam loby selalu ngeleg???.kasih 4 bintang aja dulu.,4
2026-05-14 20:47:57,gua player lama banget kecewa aku kenapa abis update kaia jaringan Nia nkelek tapi jaringan Nia bagus loo,3
2026-05-14 20:40:18,"tolong proses pembelian uc nya diperbaikin lah, udh bayar tapi ucnya ga instan masuk",2
2026-05-14 20:26:51,seru saya bisa sampai rank ace,5
2026-05-14 20:17:06,"Bug Maps, How can I explain it if there is an email from you :v",3
2026-05-14 20:16:31,sangat bagus,5
2026-05-14 20:13:14,pubg love you,5
2026-05-14 20:11:36,MAKSUDNYA APA YA LAGI NGELOOT DITIBANIN REDZONE ANJ,5
2026-05-14 20:10:24,permainan sangat bagus tingkatkan,5
2026-05-14 20:10:06,tampilkan mode malam dan hujan lagi dong kangen saat-saat itu,3
2026-05-14 20:05:43,"sekarang,kurang baik bagi para pengguna android itu aja",1
2026-05-14 20:04:58,"bagus sih aku suka, main pubg mulai dari 2019, cuma sekarang kebanyakan update",4
2026-05-14 20:04:08,bukan gmana² ya tapi sistem rank masih enak jaman poin di situ yang membuat game seru player jadi tidak ngendok hingga zona akhir dan poin di nilai melalui cara dia berperang di tambah cara dia survive,4
2026-05-14 20:03:56,sangat seru,2
2026-05-14 20:02:53,kepingin banget m4 grasier,5
2026-05-14 20:01:34,"grading mempersulit pemain boss, udah banyak yang ga main, malah di tambahin grading, hadeh apa coba",1
2026-05-14 19:52:17,"Gamenya seru, asik buat main bareng.",5
2026-05-14 19:44:41,updet ny keterlaluan memakan kuota bnget....,2
2026-05-14 19:42:56,game paling bagus menurut saya❤,5
2026-05-14 19:33:02,sangat bagus👍,5
2026-05-14 19:31:17,pas mantap,5
2026-05-14 19:27:41,"Buat tencent terimakasih telah menghadirkan game yang sangat menarik dan banyak yang suka, saya mewakili daripada temen temen yang lain, mohon game pubg mobile terus berkembang terutama tetap dapat di mainkan di device ram 2GB tetap optimal, kami semua berterimakasih atas perhatian dan mohon lekas di tanggapi",5
2026-05-14 19:27:19,kurang keras bos musuhnya banyak bot AI kasih keras lah tapi (hapusin system grading) hehehe...,5
2026-05-14 19:25:11,i like,5
2026-05-14 19:18:50,event gila gak bisa rivef kecewa aku,1
2026-05-14 19:18:11,jelekk banyak yang frustasi untuk player menengah semenjak adanya sistem grading jadi susah🥺,1
2026-05-14 19:16:55,kesel bgt gua setelah update ngebug mulu,5
2026-05-14 19:16:46,setelah update malah susah masuk pertempuran,3
2026-05-14 19:14:12,gameplay nya sangat seru,5
2026-05-14 18:59:31,"kenapa sering kali apdet,udah tu besar pula mb nya",5
2026-05-14 18:59:15,"perbaiki lagi setelah terjun pasti tidak kelihatan mana tembok mana pintu terkadang sudah dapat senjata tidak ada gambar senjata nya bagian mana mau nembak ,sedang kan musuh didepan mata harus nunggu 10 atau lebih baru muncul senjata nya",2
2026-05-14 18:57:21,"sangat bagus hanya saja hp 8 ram masih termasuk hp kentang, tolong minimal hp 8 ram sudah lumayang memainkan pubg dong",5
2026-05-14 18:55:49,keren,5
2026-05-14 18:53:35,"⭐⭐⭐⭐⭐ terimakasih tanggapan dari team PUBG 🙏 sekarang tida susah mendapatkan senjata , obat obatan dan mudah mendapatkan kendaraan dalam keadaan zona menipis 👍👍👍👍👍 , Cuman kalau udah SEASON kenapa koneksi selalu buruk ? 😁",5
2026-05-14 18:43:35,"Permainan yang seru, membuat saya kecanduan, tidak perlu jago, gameplay seperti apapun tetap seru. permainannya sederhana dan unik. update terbaru sangat mulus dan stabil dibandingkan dengan pembaruan sebelumnya yang sangat lag. Sekarang permainan berjalan lancar dan saya semakin menikmati permainannya. Pertahankan dan terus tingkatkan, saya suka!",5
2026-05-14 18:32:40,keren lah pokoknya hanya saja terlalu banyak menggunakan penyimpanan,4
2026-05-14 18:20:34,makin aneh makin susah sistem makin nda jelas semua,1
2026-05-14 18:20:33,game ini bagus. saya pemain dari season 1 sampe skarang. setelah saya pensiun. anak saya yang akan meneruskannya. kinarraya007.,5
2026-05-14 18:18:00,perbaharui lagi kabut gk enak,3
2026-05-14 18:17:00,coba bkin event nostalgia . kembali k season 2 . zaman lagu nya alan walker.. kita yg main di 2018-2019 kangen masa itu.,4
2026-05-14 18:15:18,sudah ada peningkatan,5
2026-05-14 18:14:04,saran saya . tolong kembalikan game ini seperti tahun 2019 . saat sountrek ya on my way . pasti pemain PUBG pada setujuh . banyak kenangan di tahun itu .,5
2026-05-14 18:13:36,si anj malah update,2
2026-05-14 17:56:45,"tolong, jika sedang nyalain grading musuhnya jangan yang susah², sedangkan gradingnya ga aktif musuhnya mudah. jangan gitu dong min, pantes aja playernya sudah banyak yg hilang, mode grading aja susah banget.",2
2026-05-14 17:55:51,update sekarang kenapa bisa service obb pubg tolong di tindak lanjuti,1
2026-05-14 17:49:37,bagus,5
2026-05-14 17:49:28,game idamanku dari dulu ini sampe sekarang,5
2026-05-14 17:48:03,gamenya seru tapi susah,5
2026-05-14 17:47:05,karna saya susah dapat infor glacier jadi sy kasi bintang 1😹,1
2026-05-14 17:37:15,kenapa tiap abgret sensinya slalu berubah....,1
2026-05-14 17:37:15,Oke Sangat bagus,5
2026-05-14 17:35:56,"game terlalu banyak ufdate ,game paling ngeselin",1
2026-05-14 17:33:44,saya heran.. kenapa sebentar sebentar harus update... semakin kurang minat sama game ini,1
2026-05-14 17:31:24,saya player baru di pubgm baru main sejak season S27. sistem grading sudah sangat bagus menurut saya. jadi yang naik ke dominator itu benar benar player yang bisa diandalkan,5
2026-05-14 17:30:58,sangat bagus,5
2026-05-14 17:29:45,mantaf baru download,5
2026-05-14 17:23:57,kok gini sekarang pubg sinyal bagus lasung leg eggak bisa nembak aku kecewa sama pubg aku kasih bintang satu,1
2026-05-14 17:20:13,kenapa event bulan ini saya ga bisa login stuck di background loading muluuu padahal jaringan bagus masa saya uninstall dlu trs didownload lgi baru bisa main,3
2026-05-14 17:18:45,kurangi bot di eranggel karena sangat mengganggu sekali. di saat kita lagi mengintai musuh bot datang dari belakang. kadang satu macth isinya bot semua di eranggel. membuat cepat bosan.,3
2026-05-14 17:17:44,good,4
2026-05-14 17:11:16,"knp sih, awal download itu, FPS nya gpernah nama nya stabil, sinyal 20mps, tp FPS drop mulu, heran gue player kasih bintang 4 karna masih belum di perbaikan FPS males main jadi nya, coba FPS normal"" bug yg di perbaiki, FPS gk... tolong yaa secepatnya, lagi bentar turun season, biar enak main nya.!",4
2026-05-14 17:10:54,pubji semakin keren..aku main baru 3thn..makin bagus az nih..sukses selalu pubji..,5
2026-05-14 17:07:47,game ini sebenernya udh mati kutu outfit yg ga msuk akal di jual gameplay udh banyak ngebosenin di tambah banyak nya hal² yg di persulit yah intinya player lama dh pensiun kek gw ini skrng udh ga maen ni game cape makan hati ga seru cuma ngabisin waktu tapi ga dpt hiburannya game sepi pula hadeh...,1
2026-05-14 17:00:50,tolong perbaiki akun saya tiba-tiba hilang sendiri,1
2026-05-14 16:56:40,suguh mengasikan,5
2026-05-14 16:55:48,mohon bantuan untuk setting gyroscope nya sering error dan terbalik,5
2026-05-14 16:41:38,good game,5
2026-05-14 16:41:17,"hapus syarat naik ace dengan 3 kali menang berturut"" karena kekuatan lawan jauh lebih tinggi",4
2026-05-14 16:38:10,game play mantap,5
2026-05-14 16:36:59,"cheaternya mulai banyak lagi, mohon perketat user dengan akun mencurigakan",5
2026-05-14 16:34:42,keren,5
2026-05-14 16:30:12,game terbaik pertama,5
2026-05-14 16:29:21,turunin harga uc,5
2026-05-14 16:05:50,tolong pandangan kamera tpp di tambah sampai 110 atau 120,5
2026-05-14 15:59:06,ok,5
2026-05-14 15:54:27,"game ini sekarang menjadi leg frame drop, dalam posisi close combat sinyal sering leg,tidak seperti dulu yg saat close combat sangat lancar saat season 1-2-3-4 mulai dari season 5 sampai sekarang leg frame drop permainan sulit banyak cheater yg tidak terlihat bahwa player itu sebenarnya cheater d tambah sistim grading mempersulit player untuk naik rank ace ke atas pokoknya game ini hilang keseruannya",1
2026-05-14 15:53:11,sangat bagus,5
2026-05-14 15:48:14,hp ram 2 GB bisa gak ya🧐,5
2026-05-14 15:45:32,perbaiki game ini sumpah main di rondo kadang GK bsa jualan game bodo,2
2026-05-14 15:42:45,PUBGM Paling terbaik di dunia,5
2026-05-14 15:42:34,gila 30gb hilang sia sia.. ada minta update dari dlaam ingame 600mb. slsai download 600mb install update... setuju setuju terus malah hilang gamenya dari HP,2
2026-05-14 15:39:05,"bagus. tapi aku gak mulai dari nol, aku di kasih akun pubg sama omku. sultan akunnya",5
2026-05-14 15:37:07,"pihak deplover hanya bisa minta maaf sajah tak bisa memperbaiki masalah saya sangat kecewa sekali.!!! tiap saya main kalo ada musuh tiba2 NGELEG..!!! DAN SETEP MUSUH TAK ADA TIBA SUDAH TEMBAK saya itu masalah nya bikin saya sakit hati dan kecewa berat pihak deplover mau jawab apa,, pasti cuma minta maaf doang sudah bertahun2 main masalah tak kunjung di BENAHI.. COBA KAU MAU JAWAB APA masalah nya tak ada diperbaiki apdet RATUSAN MB tapi kaya... mau saya bilang kasar kah..",1
2026-05-14 15:36:54,game ini sangat bagus👍,5
2026-05-14 15:35:59,game sangat baik dan mudah dimainkan,5
2026-05-14 15:24:48,sudah mantap tingkat kan lagi,5
2026-05-14 15:19:12,fungsinya grading buat apa lagi lol,1
2026-05-14 15:18:23,nungguin pemainya lama,5
2026-05-14 15:06:30,"banyak update ga jelas pantesan ajh banyak yg ninggalin,uc mubah dapat nya sampah semua pantesan ajh banyak yg pindah ke ff",1
2026-05-14 15:05:58,Favorit,5
2026-05-14 15:05:15,tantangan Terbesar main Game ini ada lah Kalau ketemu lawan yang Jago🥲🤣Terus Aim nya On Poin terus,4
2026-05-14 15:02:08,"dari segi aplikasi sudah 1gb lebih belum di dalam download 1gb lagi ini game bukan buat hp kentang ini khusus untuk hp spek dewa saja, tapi jujur suara tembakannya, grafiknya, suasananya terbayarkan semua, sekian masukan dari saya Terimakasih",4
2026-05-14 15:00:07,bagus banget,5
2026-05-14 14:56:47,"bobrok banget optimasinya, ditambah lagi set gratisannya jelek",1
2026-05-14 14:55:55,"Gua main dr season 3, dulu seru bgt main pubg, tp skrng jd gajelas gini, tolong lah diperbaiki, masih banyak bug di in game",4
2026-05-14 14:52:30,mantap Tencen game,5
2026-05-14 14:51:06,"mimin krafton/ level infinite ..! tolong terus perbaiki masalah render yang harus di buat ringan lagi, soalnya di pengaturan grafis itu aku pilih ""SOFT"" tetep aja masih gak berefek, dan untuk loading map ketika terjun itu kalau bisa diperbaiki menjadi harus dan sesuai dengan kebutuhan pemain device dibawah mid - range itu mimin ! semoga dibaca dan terus mau terima saran dan kritikan playernya, aamiin !!",4
2026-05-14 14:29:32,kalau sedang loading screen selesai menyelesaikan event tolong minimal ada jeda invisible dulu kek gak ngerti bikin game apa gimana udah loading 2 detik,1
2026-05-14 14:27:30,my game black screen,1
2026-05-14 13:55:34,"game nya kurang bagus di segi update nya, setiap update selalu bermasalah di internet nya ,ping selalu naik turun waktu ketemu lawan,ngak ada perubahan..",1
2026-05-14 13:36:15,game aneh habis update bug teruss bagus tuh fiturnya jangan update skin aja,1
2026-05-14 13:29:13,jelek👹👺👹👺,2
2026-05-14 13:26:56,"terlalu banyak bug, seperti yang saya alami bug refive teman yang knock",1
2026-05-14 13:25:22,kalau udh rank tinggi kami sebagai player kadang kadang pas lagi main sering banget ada yang afk tapi untung di pc gw gak ngelag yah karena ini game gambar nya bagus banget dan kalau gacha dapatnya skin bagus mulu jadi saya kasih bintang 5 (lima) tapi tolong kalau lagi main pisahkan dong player player nya yang player baru ya player baru player lama ya player lama,5
2026-05-14 12:32:41,ok,5
2026-05-14 12:27:23,game nya mantap,5
2026-05-14 12:16:35,"halo min tolong dong fix bug nembak' sendiri pas ingame sumpah ganggu bgt, ini hp aku normal buat daily dan buat game lain cuma pas main pubg aja suka nembak"" sendiri terus🫣😅",5
2026-05-14 12:14:17,"masalah baru muncul lagi , sensitivitas fpp dan tpp aim ads tidak ada , kenapa pubg makin hari makin buruk performa nya , fpp dan tpp tanpa scope ada cuma aim ads yg tak ada bagaimana ini bisa terjadi saya sudah 2 kali mengalami hal seperti ini setelah melakukan setiap update terbaru",1
2026-05-14 12:09:11,huaa pengen main lagi lah tapi room hp ku ga bakal mencukupi 😫,5
2026-05-14 12:04:26,bgus PUBG tapi geblek aj,5
2026-05-14 11:48:18,Tolong untuk koneksi jaringan nya di stabil kan lagi dan satu lagi semakin update semakin berat game nya kalo bisa update kaya dulu aja 2019,1
2026-05-14 11:29:45,halo mohon maaf PUBG MOBILE tolong hilangkan animasi 3D saat mendownload data karena itu sangat membuat hp saya lag dan force close dan saya tidak bisa bermain game PUBG di karenakan device saya yang tidak mendukung tolong hilangkan animasi nya ya agar saya bisa bermain game ini dan semua orang bisa merasakan game ini dengan device Low-mid range bisa main game PUBG 🙏,2
2026-05-14 11:29:00,game untuk HP spec tinggi klau HP low nga bisa bersaing pubg nga seperti dulu,2
2026-05-14 11:26:26,my lovely game😘😘😘,5
2026-05-14 11:25:21,game paling terpuruk yang aku pernah mainin..🤣🤣🤣🤣 mendingan codm🫡🤟🤟,1
2026-05-14 11:24:55,biasa saja,1
2026-05-14 11:18:46,saya suka dengan pengalaman bermain pubg,5
2026-05-14 11:17:53,Saya mulai main dari sesaon 2 . sempat berhenti karena Spec HP tidak mampu . sekarang mau main lagi akun lama saya hilang .,1
2026-05-14 11:16:45,game tolol game haram mati keluar asap kayak kena azab,1
2026-05-14 11:10:06,permainan bagus untuk latihan perang hermagedon bersama Tuhan Yesus,5
2026-05-14 11:06:37,mantapp game paling keren,5
2026-05-14 11:04:11,"update 4.4 malah ada bug tombol revive nya ilang dari awal main sampe akhir gamuncul², ganggu banget bikin kesel apalagi kalo turunnya di event",2
2026-05-14 11:03:52,I LIKE PUBG MOBILE cuman knp ya suka ada bacaan dowload obb servis ga bisa dibuka game PUBG MOBILE nya klw ada bacaan itu,5
2026-05-14 10:43:45,kalo bisa greading nya di ubah kak,5
2026-05-14 10:42:42,Event nya kurang seru. SAYA AKAN LAWAN!,3
2026-05-14 10:09:47,gem harammmmmmmmmmmmmmmm,1
2026-05-14 10:05:25,"matching lama, dan kadang pada saat main tiba tiba server eror padahal jaringan normal. pantas aja gak banyak lagi peminatnya. mendingan gue beralih ke ML",2
2026-05-14 09:40:29,game bagus,1
2026-05-14 08:40:26,tidak bisa di lapor dan di screenshot saat sama2x masuk di gua silter udah jaringan nya tiba2x hilang saat ketemu Sultan satu tim.,5
2026-05-14 08:26:28,i like this game good,5
2026-05-14 08:06:52,"game pubg ini sangat menghibur saya banget pas lagi capek"" pulang krja main game PUBG ini terasa sangat terhibur kayaknya.. kerengarafiknya juga bagus",5
2026-05-14 07:46:24,tolong dong bug nya di perbaiki masa aku lagi naik mobil terus aku turun tiba tiba mati tolong dong diperbaiki,4
2026-05-14 07:41:43,sangat bagus,5
2026-05-14 06:25:57,untuk fitur grading di pubg ini coba dihapus. saya ini gak jago saya bukan pro player. saya main biasa biasa aja tapi musuhnya kyak cacing semua alias gak imbang lawannya dulu sebelum ada sistem grading gak ada kek beginian. kalau mau sistem grading begini. sebenarnya kalau kalah masih bisa lanjut poinnya tapi gak bakal bisa naik cepat ranknya. ini malah ulang dari awal. malah stuck di rank itu trus,2
2026-05-14 05:56:47,game nya bagus tapi tolong jangan ada yang aneh aneh masak manusia bisa terbang,3
2026-05-14 05:47:59,game pubg saya ngak bisa kebuka ada yang tau kenapa?,5
2026-05-14 05:34:30,"tolong untuk krafton ditingkatkan lagi dari segi skin yang semua mahal orang liatnya udah Soak duluan liat skinnya segala mahal , sesuaiin bajet player lain lah Jaga kuantitas gamenya biar player lain nyaman",1
2026-05-14 05:25:09,"min kok semenjak update kemarin jadi banyak kekurangan nya seperti g adanya revive dll, mohon diperbaiki ya game nya",5
2026-05-14 04:25:10,terimakasih krafton ini adalah pubg terbagus di semua season.,5
2026-05-14 03:54:47,"pembelian Uc sudah berhasil saya TF melalui banking bank,tapi Uc nya belum masuk ke Akun saya ??",5
2026-05-14 03:50:08,pokonya keren,5
2026-05-14 03:31:13,"terlalu banyak update didalam game yang terlalu memakan penyimpanan, tolong kedepannya kalo bisa dikurangi saja mb updatenya. Terimakasih🙏🏻🙏🏻",2
2026-05-14 03:18:02,pusing hp kentang UPDATE Mulu mah :'),4
2026-05-14 02:45:02,masih ok lah 👍,5
2026-05-14 02:29:24,making Gila Aku cok update lagi below selsai,5
2026-05-14 02:16:14,"Mohon Diperbaiki Kembali, Kalau Bisa Permainan Solo Dan Duo Dipercepat Pencarian Laganya Seperti Laga Skuad",5
2026-05-14 02:07:25,baru update kok sekrang banyak bugnya,3
2026-05-14 02:00:03,"lagu yang sekarang bikin sakit kepala, gak bentah di lobu",1
2026-05-14 01:57:02,lumayan berat,5
2026-05-14 01:33:27,tolong sistem griding di hapus. mempersulit player,3
2026-05-14 01:01:59,kurang bagus map nya aku yg udh lama main ini agak lain map nya dari grafik pun bikin sakit mata yg bagus bagus lah tancent buat event nya lain kali kecewa aku,5
2026-05-14 00:43:47,Walaupun aku ga jago aku sayang papi Tencent,5
2026-05-14 00:37:08,setiap update memakan penyimpanan banget,3
2026-05-14 00:27:26,gem mantap,5
2026-05-14 00:20:15,sangat bagus,3
2026-05-14 00:09:59,"dikit dikit udate dikit dikit update., apalah.., balikin ke tencent aja kalo cuma mau makan untung dari update data per player, pantes jarang yg mau balik player lamanya, daripada update buat event gajelas, mending di update yg hampir mendekati arma revorger malah seru kaua real",2
2026-05-14 00:06:21,"alasan saya pensi pubg karna game nya terlalu berat dan fps tidak stabil di hp ram 8 tolong dong developer untuk downgrade grafik dan fps ditingkatkan lagi, biar semua hp dibawah ram 6 bisa memainkan gamenya dengan nyaman.",1
2026-05-13 23:50:39,HAPUS GRIDING LA,1
2026-05-13 23:44:37,Obb servis telek,1
2026-05-13 23:40:23,cocok buat anak muda maen game pugb,5
2026-05-13 23:39:18,jujur game ini sangat seru!,5
2026-05-13 23:19:42,"min mau ngasih tau ini knp yh setiap main sama tim² lain salah satu yh tuh sering kena bug GK bisa Rivev tim sendiri, gw juga pernah kena bug gara² itu jadi disalahin tim sendiri karna GK mau Rivev pdhl GK ad tanda Rivev ini gw sengaja ulasan bintang 5 agar bisa di lihat oky",5
2026-05-13 23:11:07,game Ida 😜🤙,5
2026-05-13 23:09:14,Gokilll🤙🤙,5
2026-05-13 23:02:31,"tidak usahlah kasih kasih peringatan login selama berapa jam, atau berapa hari. enak enak main tiba tiba loh out. tolonglah, jangan sperti itu",1
2026-05-13 22:52:29,👍💯,5
2026-05-13 22:41:25,lama2 gak genah pubg,3
2026-05-13 22:39:47,sekarang main pubg main bug nya,5
2026-05-13 22:39:22,"baru update, selesai sampai 100%,pas buka playstore lagi ko harus update ulang?? kenapa yaa, maaf rating 3",3
2026-05-13 22:29:20,game ini ramah untuk anak anak kalau ada yang menghina berkata kasar atau mengejek kalian tinggal riport ya oke kawan kawan,5
2026-05-13 22:26:59,Bug laggi ini event baru gw kaga bisa pake self revive dan revive temen kocak dah,1
2026-05-13 22:26:56,"bisa gak pubg di mainkan sesuai rank ,, soalnya saya masih pemula , saya rank platinum tapi musuh nya sudah crwon atau ice,, 🤦🤦",4
2026-05-13 22:26:40,"crown ke ace jangan dibikin ribet,,saya lebih expek kayak dulu,,ngerti kan maksud saya developer pubg yang budiman yang gak mentingin skin jing",2
2026-05-13 22:24:43,game rusak,1
2026-05-13 22:15:04,sangat mendukung bang,5
2026-05-13 22:03:20,bugnya diperbaikin mmk,1
2026-05-13 22:01:59,game puki,1
2026-05-13 21:58:56,hapus grading.. kalo ga main bareng susah,4
2026-05-13 21:52:54,menghibur,5
2026-05-13 21:46:20,🤙🤙🤙 bagus,5
2026-05-13 21:34:51,keren,5
2026-05-13 21:26:03,sangat menghibur sekali,5
2026-05-13 20:59:14,kurangi jumlah komputer yg ada,4
2026-05-13 20:54:25,penyimpanan terlalu besar,2
2026-05-13 20:54:06,cinta PUBG selamanya 😝😝😘,5
2026-05-13 20:49:29,Game favorit😍💕,5
2026-05-13 20:42:38,Jaringan booss ngebaf trossss,1
2026-05-13 20:41:28,i like,5
2026-05-13 20:33:28,bikin kecanduan asv,5
2026-05-13 20:32:20,mantap,5
2026-05-13 20:26:05,padahal udah di update dn disuruh download datanya udah di download dah selesai bru maen 2 kali setelah itu sya keluar dari gmz sya istirahat 3 jam maen setelah itu saya login lgi eh malh di suruh update lgi,1
2026-05-13 20:23:27,pubg mulai pulih seperti dulu thanks,5
2026-05-13 20:20:44,bagus game ini.. jangan apdet trus menerus.. kasian yang kurang mampu hp...,1
2026-05-13 20:15:57,game ini cocok di hp mahal saya .... kalau di hp yg murah pasti GK cocok ya gaes ..👍👍👍👍👍👍👍👍👍,5
2026-05-13 20:14:49,memori nya gede😡,1
2026-05-13 20:09:18,🥰🥰🥰🥰,5
2026-05-13 20:03:22,"Game bagus sekali saya bermain dari season 2 , ga kayak game sebelah buriq gaada pintu bahaha",5
2026-05-13 19:59:43,"terlalu sering update dengan jumlah yang besar, mau main suruh update dulu.",1
2026-05-13 19:55:49,"developer, ini untuk naik ke rank ace dari crown 1 kok susah gini ya sistem nya harus peringkat 15 kebawah berturut-turut. 🗿",4
2026-05-13 19:51:05,jadi bayak teman,2
2026-05-13 19:31:42,"HAPUS SISTEM GRADING!! sistem baru ini menyusahkan banyak pemain yang cuman mau ngejar rank dengan have fun aja,trus matchmaking lama banget,bisa 10 menitan kalau map selain erangel gilakkk",1
2026-05-13 19:23:46,gems paporit saya,5
2026-05-13 19:22:36,sangat bagus dan enak di mainkan,5
2026-05-13 19:22:08,"Baguslah pokoknya,,,",5
2026-05-13 19:12:47,Semakin seru nih game.,5
2026-05-13 19:11:48,sudah waktunya pensi. sudah cukup membersamai dr season awal sampai saat ini..,5
2026-05-13 19:10:09,kalo boleh ngasih saran ultimate royal buat jadi rank biasa yang ada blue chip seperti pubg pc dan even buat jd mode normal hilangkan rank di mode event,3
2026-05-13 19:04:31,game ini sangat tidak ada sinyal login ke game tolong perbaiki sinyal game ini dan jaringan hub itu hapus saja dan kapan versi 4.4 dan tidak dapat login ke akun CROOTAAAH game pubg mobile selalu ngelag ping turun naik,1
2026-05-13 19:00:56,belom tau ni abis update,3
2026-05-13 18:56:55,baru comeback sepertinya vakum lagi setelah update malah nglag mungkin perangkatnya jadul untuk helio g99,3
2026-05-13 18:43:31,"di update 4.4 ini ngerasa aplikasi nya agak ringan di hp Oppo A9,,makasii bngtt min,dah dibuat ngerasa main lancar kek orang orang,, walaupun bangunan masih bentuk tanah nge gumpal wkwk,, tapi di event 4.4 ini delay bangunan nya cuman sebentar hihii❤️,, semoga kedepannya dikasih keringanan buat perangkat yang pas pasan kek punyaku mwehehe,,Makasii luvv luvvv PUBG MOBILE❤️",5
2026-05-13 18:38:04,ini gimana ya cara nya downloding resources .?,4
2026-05-13 18:37:18,bagus game nia,1
2026-05-13 18:31:04,"update ga ngotak, makin lama makin kacau. game sampah",1
2026-05-13 18:29:48,keren gem nyaa,5
2026-05-13 18:25:43,Best,5
2026-05-13 18:17:58,🥰🥰🥰🥰,5
2026-05-13 18:15:34,Bug Mulu,1
2026-05-13 18:15:32,"buset kenapa habis update ga bisa masuk, ga sekali 2 kali tapi dh sering banget setelah update",5
2026-05-13 18:12:37,Game kontol,5
2026-05-13 18:03:24,terlalu bergantung pada device,1
2026-05-13 18:02:36,sangat cocoknya,5
2026-05-13 18:02:25,top lah ini gemes,5
2026-05-13 17:58:06,game nya Sagat bagus tapi untuk fitur donwlod yg tidak diperlukan bisa diperbaiki ngak ya agar tidak mendowlon secara otomatis saat bermain gamenya yg membuat hp sepek android cepat panas mohon agar supaya player android bisa lancar saat bermain,2
2026-05-13 17:55:03,good,5
2026-05-13 17:41:57,"tolong di perbaiki bug step musuh gak keliatan di map, padahal musuh sangat dekat , kok setelah update ini makin ngaco? heran",1
2026-05-13 17:37:10,mantapp,5
2026-05-13 17:27:17,bagus,5
2026-05-13 17:25:28,game terbaik,5
2026-05-13 17:20:55,Event nya malem sama hujan aja. Gak usah bisa terbang lah bisa berubah lah jelek. Mending malam atau hujan.,4
2026-05-13 17:07:16,"game nya bagus tapi sering banget obb service nya error, mohon benerin min",5
2026-05-13 17:06:18,terlalu banyak bug,1
2026-05-13 17:01:15,semoga lancar buat hp aku,5
2026-05-13 16:51:01,"terlalu berat, patah patah",2
2026-05-13 16:50:18,"suka heran kenapa musuh tau posisi kita dimana walaupun ngendok apalagi sultan2 di rank dominator keatas, why?",5
2026-05-13 16:48:31,"seringkali update, sekali nya update banyak bngt download nya",1
2026-05-13 16:41:09,ini sangat bermagna,5
2026-05-13 16:37:39,𝗽𝘂𝗯𝗴 𝗙𝗼𝗿𝗲𝘃𝗲𝗿,5
2026-05-13 16:33:05,Bagus,5
2026-05-13 16:30:23,pada akhirnya gw bisa min geme ini lagi 😭🥹,5
2026-05-13 16:19:30,top,5
2026-05-13 16:07:07,PUBG saya mudah kenok,5
2026-05-13 15:55:53,"susah lahh ada grading² nya ,, dulu main mentok sampe acedomi , skrg mentok sampe ace",1
2026-05-13 15:54:33,tidak bisa download resource royale pass dan event,2
2026-05-13 15:49:46,"oke bngt,main hampir 4 tahun di tahun 1-2 akun tb' ilang akhirnya bikin akun baru sampai sekarang masih abadii🥺❤️",5
2026-05-13 15:47:30,"izin, tolong grading nya dipermudah atau minimal 17 besar tiap tahapan masuk level... soalnya playaer kesulitan untuk capaian tersebut.",3
2026-05-13 15:30:31,koneksinya di otimalain dong masa sinyal bagus malah di suruh memuat ulalng,4
2026-05-13 15:28:40,happy,5
2026-05-13 15:18:45,sangat sulit masuk ke pertempuran jika push mode solo,1
2026-05-13 15:11:45,pemain lama,5
2026-05-13 15:07:33,mantap,5
2026-05-13 15:01:14,mantap,5
2026-05-13 15:00:59,mantap,5
2026-05-13 14:58:04,game bagus,5
2026-05-13 14:55:22,setelah update malah makin lag pdahal hp bagus,4
2026-05-13 14:54:03,sangat terbaik di kelasnya.. luar biasa..,5
2026-05-13 14:52:06,JARINGAN KOK LAG MULU KEBANYAKAN ITA ITU INI GAME LAMA LAMA . JARINGAN SERING LAG AE BIKIN EVENT GA NGOTAK BANGET,1
2026-05-13 14:50:59,tiap kali update ..besar kuota yang di gunakan,1
2026-05-13 14:37:07,game broken,5
2026-05-13 14:33:20,stuck logo awal pas udah update ga mau jalan apk nya,2
2026-05-13 14:30:29,"aplikasi nya bagus banget ,, aku kembaliiiii pubg mobile hahahaah",5
2026-05-13 14:25:41,terbaikkkk,5
2026-05-13 14:17:39,saat pertama masuk pertempuran karakter mengambang atau melayang dan agak lama tidak kaya update sebelumnya di 4.3 tolong dong pubg mobile segera di perbaiki 🙏,5
2026-05-13 14:12:20,sekarang banyak bug bug jelek,1
2026-05-13 14:09:43,gak kuattt,1
2026-05-13 14:05:45,Bagus tapi jaringan sering patah patah tolong benarin segera,4
2026-05-13 13:58:34,dwonload data nya lama anji..,1
2026-05-13 13:57:17,keren,5
2026-05-13 13:53:35,lumayan,4
2026-05-13 13:50:55,mantap,5
2026-05-13 13:18:06,Gamenya barus gak kayak sebelah burik,5
2026-05-13 13:02:23,game yg bagus sayang Banyak pemain lama dari 2018 yg pensiun gara gara terlalu berat,3
2026-05-13 13:01:15,"kalau emang buat fun kenapa komen soal push rank yang di persulit ... Aneh :D kalau buat fun ya maen maen aja gak perlu ngejar rank .. kocak.. justru karena adanya system itu jadi seru , tantangannya .. player jago juga mikir 1000x buat ng rush orang .. pada ngendog semua 2kwkwk seru sih aslii",5
2026-05-13 12:51:42,Bru siap donlod pas sya msuk bru nak donlod di dalam nya kok keluar trus GK bisa di main kn .asik kluar trus .knapa ya,5
2026-05-13 12:21:05,bagi aku gime pubg lebih keren ff jadi bintang nya cuman 1 ya,1
2026-05-13 11:59:20,🤙🤙🤙🤙🤙,5
2026-05-13 11:57:21,"good game,,,saya sudah lama memainkannya.meski tetap m4 nya m4 panu.😁",5
2026-05-13 11:49:35,woiii papji mobel kapan lah m4 glacier dapat efek ganti senjata malah di anak tiri kan lah kanjut hideung,2
2026-05-13 11:41:42,au ah capek,3
2026-05-13 11:41:10,kasih m416 glacier wkwk,5
2026-05-13 11:26:04,jelek haram mati ada asap kaya kena azab,1
2026-05-13 11:24:01,sangatt puas bangettttttttt,5
2026-05-13 11:20:43,game God,5
2026-05-13 11:20:25,"ini gabisa di revive sehabis update game ini gimana, punya self aid juga gabisa di pake",1
2026-05-13 11:09:13,saya download pake wifi selalu gagal setengah jalan terus woy... hp ram 2GB rom 32 GB pdhal ramnya masih BANYAK. kasih solusi bos...,1
2026-05-13 11:06:03,game sangat bagus dan sangat menegangkan hanya saja penyimpanan ruang sangat besar jadi KLO bisa kurangin sedikit supaya orang yg ruangnya sedikit bisa main juga,5
2026-05-13 10:57:01,Oke 👍,5
2026-05-13 10:55:36,"baru di update malah gak bisa di buka, gimana sih sistem PUBG nya sekarang",1
2026-05-13 10:54:35,sekarang mainya sudah mendingan para oknum yang memakai cheat sudah berkurang.,4
2026-05-13 10:51:15,mantap,5
2026-05-13 10:48:26,game pelit,5
2026-05-13 10:48:02,jelek amat lah aku gak mau,1
2026-05-13 10:30:45,GAME GOOD,5
2026-05-13 10:26:52,bagus banget tencen mobile🥳,5
2026-05-13 10:26:33,hidup grading....,5
2026-05-13 10:20:52,"Apaan bgt updatenya , tiba "" gyro di nonaktifkan game taikk , padahal hp gw ga pernah frame ram gede",1
2026-05-13 10:16:29,mudahan di versi terbaru bagus dari yang sebelum yaa,5
2026-05-13 10:15:23,Akun jangan blokir dan benet pubg mobile Kayak gini tidak seru🤬,1
2026-05-13 10:08:28,gamenya bagus,1
2026-05-13 10:00:35,good luck pubg mobile always on pubg Indonesia players old season 2,5
2026-05-13 09:57:19,"mantap kali,walau hp ku KENTANG BUSUK tetap main 👍😁",5
2026-05-13 09:55:32,fail hilang sendiri,2
2026-05-13 09:53:27,best game,5
2026-05-13 09:48:24,hapus aja sistem grading bikin susah player,1
2026-05-13 09:45:56,pubg kurang kurangi update yg lebih besar lagi sumpah dehh ga kuat hp gw .. klo lama lama makin gede pensi pubg ini mah,5
2026-05-13 09:43:14,coba kembali di tahun 2019 pasti seru,5
2026-05-13 09:31:28,"update 4.4 knapa jdi ngeframe bgt dah, event yg kmaren enteng bgt",1
2026-05-13 09:27:43,gua main dari SD sampi lulus sma ga bosen',5
2026-05-13 09:27:40,nangis ...karena map belum di tender saat turun dari atas trus tertembak musuh,5
2026-05-13 09:15:02,Hiburan untuk penat nya dunia,5
2026-05-13 09:11:00,game udah bagus cuma GB terlalu besar. tiap musim naik. Karena itu lah para player old pensiun.,1
2026-05-13 09:02:02,saran saya cukup mode rangked dan event saja biar tidak susah cari pemain pas masuk pertandingan .,4
2026-05-13 09:00:12,untuk kesekian kali blum dapat 90 fps snap 870 padahal ada cooler payah pubg ‼️,1
2026-05-13 08:59:17,good game,5
2026-05-13 08:38:22,tolong frem nya di kurangin,5
2026-05-13 08:17:31,⭐⭐⭐⭐🌟🌟🌟🌟🌟,5
2026-05-13 07:55:38,tolong dong pubg suka frem drop padahal handphone ku spek nya bagus tapi masih frem drop tolong dong pubg perbaiki ini game kesukaan loh tolong ya pubg perbaiki frem drop nya sekian terimakasih 🙏🙏,4
2026-05-13 07:37:29,pokok game nya baguss puuuooooollllll.......,5
2026-05-13 07:04:40,hapus system grading.. karena lawannya gak ngotak,1
2026-05-13 06:58:45,"Pengalaman bermain PUBG (PlayerUnknown's Battlegrounds) sering kali digambarkan sebagai campuran antara ketegangan intens, kerja sama tim yang seru, dan kepuasan tinggi saat mencapai ""Winner Winner Chicken Dinner"". Pemain menikmati elemen taktis seperti mengintip, berbaring, dan merancang strategi, meskipun terkadang ada rasa frustrasi saat looting lama berakhir dengan eliminasi cepat.Pengalaman Utama Bermain PUBG:Ketegangan & Adrenalin: Sebagai game battle royale terberat dengan grafis menawan,",5
2026-05-13 06:21:23,ga work it buat dimainin lagi udah,1
2026-05-13 06:08:48,sistem gradingnya di hapus aja min hehe,5
2026-05-13 06:08:16,"Kecewa Gua, M416 Glacier Gak ada Peningkatan Tiap-tiap Update Cuma Nambah Skin doang, mana Skin Cewek Mulu.",1
2026-05-13 05:44:03,tetep setelah update semakin tolool....,1
2026-05-13 05:43:52,game ngabisin memory hp,1
2026-05-13 05:13:42,Bisakah main hp biasa menggunakan layar tablet,4
2026-05-13 05:04:24,sangat memuaskan,5
2026-05-13 04:46:04,"seru banget,nyesel dlu bilang game haram",5
2026-05-13 03:37:07,gem super gokil,5
2026-05-13 03:34:50,"game rakus d data,trs d ram,mknya orang pada mles main game ini",5
2026-05-13 03:33:23,Setelah kembali lagi hampir 3 tahun lebih game ini sudah mengalami peningkatan yg signifikan,4
2026-05-13 02:30:14,"Min gue player 8 Tahun yang mau comback main lagi, gue main dari jaman AKM bisa scop X8, Hapus sistem Grading, Capek banget main buat havefun malah disuruh buat Kompe. Terus Banyak banget sekarang itu main pada pake emulator di pc, dan kadang main di Tablet pun pakai Bantuan Keyboard dan Mouse, Mereka yang pakai alat bantu itu Nembak serasa gak ada recoil sama sekali, beda dengan main yang pakai Jari ngatur recoil pakai gyro sekalipun. Kaya gak adil gitu gameplaynya.. selebihnya OK!",1
2026-05-13 02:10:34,Gradingnya sangat sulit tolong di hapus sangat sangat sangat membuat stresss,1
2026-05-13 02:00:07,gm ya bagus sekali cuma kurang di sejata ya kurang bayak,5
2026-05-13 01:58:37,main di tablet Poco m1 tapi layarnya g full sampe kaki gimana si terus frame rate di Batasin hadehhh bagusan new state unlock smua fps,2
2026-05-13 01:57:41,sistim grading taik,1
2026-05-13 01:35:01,"kenapa ya hbis di update ko ngga bisah masuk ya,, tolong dong",2
2026-05-13 01:34:59,habis update malah stuck obb,1
2026-05-13 01:27:27,game andalan aku🤣,5
2026-05-13 01:22:55,"buat pihak pubg tolong dong apus bates waktu bermain, fitur yg menurut gua ribet sebagai penjoki game, buat ngepush jadi kesendat waktu trus ada fitur grading win streak makin ribet aja ni pubg lama""",3
2026-05-13 01:22:33,bagus.mantap.oke,5
2026-05-13 00:57:57,setiap ganti iven pasti ngebug gabisa dibuka pubgnya suruh download pakai wifi😏,1
2026-05-13 00:53:17,khusus hp flagship cuy,5
2026-05-13 00:33:03,game burik setiap update ram besar,1
2026-05-13 00:28:46,"Kenapa sering download otomatis habis match di lobby?? padahal settingan download otomatis tidak aktif dan hanya download resource lewat WIFI tapi saat pakai data main, tetep download OTOMATIS padahal semua settingan download otomatis non aktif. Perbaikilah!!!!!",3
2026-05-13 00:24:33,mantap,5
2026-05-13 00:17:40,MALAS MAIN LAGI KARENA ADANYA SISTEM GREDING,1
2026-05-12 23:59:41,good,5
2026-05-12 23:59:29,update selanjutnya even Harry Potter,4
2026-05-12 23:53:25,👍👍👍👍👍👍👍,5
2026-05-12 23:52:13,keren beuhh,5
2026-05-12 23:39:06,GAME NYA UDAH KEBANYAKAN CHANGKONEK.,1
2026-05-12 23:34:47,kenapa setelah update gak bisa login keterangan nya tidak ada koneksi internet atau wifi padahal sinyal lancar buat apapun youtube atau apa. makin kesini kenapa seperti ini..,1
2026-05-12 23:29:11,mantap banget nih game. cocok di mainin untuk kalian para bocil mantap,5
2026-05-12 23:28:36,asik,5
2026-05-12 23:24:27,menarik ahay shayy uhuyyyyy,3
2026-05-12 23:19:21,Tolong di perbaiki bug damage dan di hp mid-range fps tidak stabile tolong segera di perbaiki🙏🙏,1
2026-05-12 23:17:33,melatih fokus salah satunya,5
2026-05-12 23:12:24,Mantab....,5
2026-05-12 23:11:24,sering keluar sendiri pas main,3
2026-05-12 23:02:09,sekarang karakter q udh bner nih sip mantap jadi tiap karakter beda muka ny,5
2026-05-12 22:59:48,"taeklah mau nautin no.hp sma Email aja susah.suruh masukin kata sandi salah,diganti salah,lah gw disuruh bikin atau dibikinin.huruf kapital ada, nomer ada, simbol juga ada dan jumlah huruf lebih dari 8,terus yang salah apanya anjir.....perbaikin secepatnya hal sepele kek gni aja lama,klo gk bisa dipake tuh fitur ngapain disaranin anj.",2
2026-05-12 22:55:15,terlalu banyak pembaharuan. . game makin sepi. . . makin berat lagi. . tencen mana.,3
2026-05-12 22:50:42,"Game on top, kurang rame gegara cuma org vip aja yg nyaman dengan pubg🥴🥵",5
2026-05-12 22:50:03,"tolong kepada admin, grading nya di hapus, sangat menyusahkan player yang ini push rank. segitu aja Terima kasih",4
2026-05-12 22:49:30,Tidak bisa di upgrade,5
2026-05-12 22:45:16,good,4
2026-05-12 22:39:26,Tolong game play nya di perbaiki lagi setiap pencarian laga mode inventaris maupun clasik lama bgt lebih dari 5 menit 🤧,5
2026-05-12 22:38:29,saya sgat suka,5
2026-05-12 22:23:10,obb selalu rusak setiap update 👎,5
2026-05-12 22:14:38,gua login kagak masuk masuk cok jelek jelek,1
2026-05-12 22:08:13,"makin ngawur tiap kali updateanegemen kloud ga kesimpan, semua sensi berubah, Giro berubah,malah lebih parahnya Giro kebalik kanan, kiri atas bawah. tolong di perbaiki",1
2026-05-12 22:08:01,main lagi di hp baru😄,5
2026-05-12 22:03:04,bikin males main,1
2026-05-12 21:58:21,game mantap,5
2026-05-12 21:57:50,sudah download login susah,5
2026-05-12 21:52:10,"plz, popor m4 di livik di tambahin🫠",5
2026-05-12 21:49:15,"baru combek asli semua nya beda semua, phocingki gak rame kaya dulu kebanyakan player baru sombong"" gak kaya player dulu",5
2026-05-12 21:48:58,"sistem grading/persyaratan naik tier bikin bosen main, semakin lama pubg saya yakin akan semakin sepi pemain",1
2026-05-12 21:43:07,banyak bug terutama bug tombol firing yang tidak terpencet sangat menggangu,1
2026-05-12 21:42:02,"tetap pertahankan pubg, btw bisalah kalau gacha dipermudah kan untuk dpat itemnya 🥹🥹",5
2026-05-12 21:38:15,tetap jadi GAME TERBAIK,5
2026-05-12 21:35:18,"makin update makin ngeframe apalagi pihak PUBG tolong pas di lobby jangan suka ngunduh otomatis lah, kadang lagi ngobrol di lobby atau nunggu temen tiba-tiba udah banyak yang di unduh malah makin bikin ngeframe",5
2026-05-12 21:27:33,"kangen pubg yang dulu sama kangen temen"" dulu:')",1
2026-05-12 21:26:53,sangat bagus sekali,5
2026-05-12 21:25:38,bagus sekaliii wajib dicoba,1
2026-05-12 21:21:41,"setiap setelah update saya selalu gk bisa masuk sampai berjam-jam, bahkan berhari2, masak setiap mau update saya harus uninstal terus, tolong d perbaiki lagi ini pubgnya, capek setiap update harus hapus ubg mulu, klw sudah d perbaiki baru nantik saya rubah ulasannya 😡. tolong ya pubg nya d perbaiki, saya sudah 8 tahun main ini pubg, kok sekarang pubg makin aneh 😠",1
2026-05-12 21:18:32,game yg bikin Dejavu 🥹,5
2026-05-12 21:17:58,"Please fix random frame drop in 3.4 event, it looks bad, my chipset is snapdragon 888 I thought it should be strong",5
2026-05-12 21:16:29,mantap,5
2026-05-12 21:15:38,gem ya saggat mantap,5
2026-05-12 21:07:43,Gamenya bagus min -1 login,5
2026-05-12 21:07:07,ok,5
2026-05-12 21:02:57,hp ku gak kuat sama pubg sekarang,1
2026-05-12 21:01:52,update ga bisa nembak + share kit parah !!!!!,1
2026-05-12 21:00:50,dari gem nya si oke aja.. pokoknya trbaik lah buat gem ini,5
2026-05-12 20:59:50,kenapa tier crown di gabung sama ace sniper bahkan lebih.. ko sekarang jadi kaya ml di campur2 apa jangan2 mau jadi ml kah biar sepi,1
2026-05-12 20:53:09,Please old pubg mobile,5
2026-05-12 20:52:44,👍🏻👍🏻👍🏻,5
2026-05-12 20:52:01,untuk pubg tolong perbaiki masalah server atau bug karena ping 40ms hijau bisa lag parah sering freze dan jalan ditempat!,5
2026-05-12 20:51:47,oke,5
2026-05-12 20:51:11,Cukup menghibur di saat waktu luang,5
2026-05-12 20:49:42,Ngga bisa di download ulang game nya,5
2026-05-12 20:47:04,PUBG mobile semakin bagus & mantab. apalagi sekarang ada tambahan efek lagi di M416 sealed nether (mummy),5
2026-05-12 20:43:07,Kenapa mendadak loading gamenya stak ga jalan padahal udah di apus download lagi masih stak aja,4
2026-05-12 20:42:19,ok,4
2026-05-12 20:37:28,Game burik!!!!!!!!!!!!!!!!!!!!!!!!!!!!!!!!!!!!!!!!!!!!!!!!!!!!!!!!!!!!!!!!!!!!!!!!!!!!!!!!!!!!!!!!!!!!!!!!!!!!!!!!!!!!!!!!!!!!!!!!!!!!!!;!!!!!!!!!!!!!!!!!!!!!!!!!!!!!!! Tapi boong hayyuk pal pale pale,5
2026-05-12 20:30:51,game nyah bagus banget gerafik nyah gelo banget,5
2026-05-12 20:27:54,gabisa d buka,1
2026-05-12 20:23:12,"sedikit keluhan saya ,mengapa ketika turun di event seperti pocinkhi ,musuh rame terjadinya bug rumah seperti agar agar / atau kotak ,sedangkan player lain sudah bisa meloting ,sedangkan karakter saya ,tidak bisa masuk rumah pintu dan jendela nya tidak ada ,keseringan mati gara gara render rumah nya ,jadinya tidak bisa masuk,harus menunggu sekitar 1 menitan atau setengah menit baru bisa itupun kemungkinan mati 100% karna akibat bug ketika turun musuh nya banyak ,tolong diperbaikin",4
2026-05-12 20:22:26,main dari seasons 1 vakum 2026 gara2 sistem granding bikin gak mood hampir 1 klan pensi main pubg gile 49 orang yg online sisa 1 di klan aku gara2 granding ini terlalu bikin emosi,5
2026-05-12 20:21:04,"gua ringkas min permasalahannya 1, fps gk stabil walau device gk panas 2, bug parasut pas loncat dari tempat tinggi tombol parasutnya gk kluar 3, mic mabar, walau udh makek mic mabar tapi speakernya ambil yg tim suara kita masih bocor ke tim '-'",4
2026-05-12 20:20:01,ko apa jadi minta-minta rating,5
2026-05-12 20:19:31,"gem favorit saya ini tolong di perbaiki ,saya ko setiap login server error trus",5
2026-05-12 20:17:01,gem yang paling ku suka.. tapi terlalu pelit sama siniper,2
2026-05-12 20:15:21,mantap,5
2026-05-12 20:08:29,coba pubg buat event untk pubg season 2 tahun 2018,5
2026-05-12 20:06:19,🚀,5
2026-05-12 20:03:43,saya suka banget main game pubg tapi saya sering mengeluhkan saat turun dari pesawat itu rendernya lama banget,5
2026-05-12 19:55:12,"aku kasih bintang 🌟5 bukan berarti aku suka ya ,... hmphhh~~",5
2026-05-12 19:54:43,"game battle royal terbaik yang pernah saya coba,sangat ramah dengan hp spek pas² an",5
2026-05-12 19:54:35,game bagus tapi rada lag,4
2026-05-12 19:53:57,"baru juga update sudah ngelag aja ini game, tolong perbaiki koneksi nya minji",1
2026-05-12 19:53:54,"GAME PEKOK . SUKA UBAH"" LOBBY INTERFACE .",3
2026-05-12 19:52:48,"bagus bagus aja sih, tapi mohon di kondisikan update2 nya. soalnya masih banyak pengguna android lama yang pengen main gamenya tapi device nggak mendukung. supaya yang kami juga bisa menikmati ini game, walaupun device kami kentang.",4
2026-05-12 19:52:11,lebih menantang ketika menaikan tier,5
2026-05-12 19:50:42,saya senang bermain game pubg,4
2026-05-12 19:46:28,ko arena sampe 1 ga lanjut coba perbaikin Don,5
2026-05-12 19:45:14,pubg sekarang banyak fitur jd males main lagi dives pun harus ip pake android susah gak bisa lg sering dilai kalah sama yg dives ip bahkan chiter2 di UR makin meraja lela,1
2026-05-12 19:40:19,"banyak kolaborasi, event tidak terlalu sulit, grading standar, cocok buat yg punya banyak waktu luang + storage lega 😂",5
2026-05-12 19:39:15,gamenya seru gk bikin bosen,5
2026-05-12 19:35:59,fix lag on game tensent . pliss,5
2026-05-12 19:33:34,hbs updet PUBG ke persi baru download grafis nya kok suka keluar sendiri pas download tolong lah bantuannya terimakasih,5
2026-05-12 19:29:04,kupon peti premium kapan muncul nya sih min?,3
2026-05-12 19:25:56,kompany game keren banget,5
2026-05-12 19:24:47,thank kreator PUBGM udah update lagi dan dan alhamdulilah aku udh dpt skin S8 permanent makasih banyak yaa,5
2026-05-12 19:24:08,pliss grading nya di hilangin...... 😭😭😭😭😭😭,5
2026-05-12 19:19:14,ram nya makin berat buat henpone kentang anroitte,1
2026-05-12 19:17:46,"lumayan seru, tapi agak ngeframe jika ketemu musuh skin sultan , tpi gak papa namanya juga orang kaya bebas cmiww.",3
2026-05-12 19:15:06,"Makin berat, makin panas di hp ku:( dah lah..",1
2026-05-12 19:15:05,"game nya bagus dan grafik juga oc, coba adakan baju khas militer ayou tentara masing masing negara",5
2026-05-12 19:12:32,tolol idiot habis update tiba tiba obb gk ke detek,1
2026-05-12 19:12:05,7 tahun main pubg pokoknya the best 👍,5
2026-05-12 19:10:23,sangat memuaskan,5
2026-05-12 19:10:18,"GK ada enak nya event baru, lebih enak event floryn",1
2026-05-12 18:59:42,"kenapa gabisa login pake wifi cok, dw gata segitu gede nya gabisa pake wifi, yakali belimpaketan cuma buat dw data lo doang, device Reno 3Pro.",2
2026-05-12 18:57:23,setelah di update kok GK bisa login langsung keluar terusss ... tolong dong di perbaiki,2
2026-05-12 18:55:36,dluh favorit,4
2026-05-12 18:40:31,"terlalu besar updatenya, hp kentang pun menangis liat nya mungkin ini yang buat pemain dulu pada pensi",1
2026-05-12 18:39:08,sangat buruk,1
2026-05-12 18:37:19,The best pokonya jaringan dah lancar thankyou min,5
2026-05-12 18:34:38,Kenapa PUBG di ganti mulu versinya??,1
2026-05-12 18:31:39,klo bisa greding itu di tindakan . mending kek dlu saja mainya aman2 saja ini greding orang yg suka ngendok malah lebih dlu ke daminator kita yg suka nabrak2 malah susah naiknya asu terpaksa harus ngendok lagi biar bisa naik,5
2026-05-12 18:29:45,bagus,5
2026-05-12 18:29:22,"can you remove the garding?!!!!, i'm so stressed",2
2026-05-12 18:27:57,game yang seru,5
2026-05-12 18:22:47,sepi karna bnyk yg GK kuat main,3
2026-05-12 18:22:19,mantap dan seru,5
2026-05-12 18:14:28,sangat bagus sekarang updetnya makin banyak yang di perbaharui dan makin besar penyimpanannya,5
2026-05-12 18:12:03,mana m4 glacier gw tencent 😭,5
2026-05-12 18:12:02,baru download udah konko 28 terlalu izi gemnya tencen,5
2026-05-12 18:06:34,BAGUSSS BGDDDD! SEKARANGGG AKUUU LAGII UPDATE YANGGG BARUUU LOHHHH BAGUSSS BGDDD SUMPAHH AKUU KASIHH RATEE 5,5
2026-05-12 18:06:04,the new event is the most unclear and has lots of bugs hahaha,1
2026-05-12 18:05:15,"Jika bisa dipebanyak lagi fungsi AG untuk player F2P, perbanyak fitur tambahan bukan kebanyakan update event yang aneh-aneh konsepnya. sistem grading bikin pengalaman lebih menantang, yang ngeluh berarti noob skill issue",5
2026-05-12 18:05:13,"The best game i ever play, bikin nostalgia setelah 6 tahun dah gak lama main",5
2026-05-12 18:04:51,terlalu bagus,5
2026-05-12 18:03:27,banyakin set garatisan😹😹,5
2026-05-12 17:58:50,sebaiknya jangan di release update klo belum kompatibel dengan device.. berhadapan dengan musuh tombol tembak tidak fungsi... apa karena big atau semakin banyak cheater dengan aim suntik serta buat lawan tidak bisa menembak?,1
2026-05-12 17:54:00,"kapan sih, update 4.4 nya tancant kok lama kali",1
2026-05-12 17:47:33,Yah mau gimana lagi game nya seru ya di gass aja,5
2026-05-12 17:47:25,"overall seru bgt, tapi adanya bot membuat game tidak seimbang dan membuat skill tidak terlatih, dan terkait matchmaking, saya rasa rank tidak bisa dicampur dalam satu match, setiap rank harus hanya dimainkan rank yang sama, itu saja",5
2026-05-12 17:47:12,Bagus,5
2026-05-12 17:47:03,perfect,5
2026-05-12 17:46:50,teman ku banyak pensi. karena device nya ga support. tolong lah PUBG. aku sama mereka. main dari AKM/M4. bisa di pasang x8 Lo. turun kan lah. spek PUBG. ringan kan dikit aja.,5
2026-05-12 17:46:16,updete 4.4 makin parah njirrr lah... gak bisa ngeripep teman bug. step jauh kedengaran. dekat hilang. game 7thun bermain makin kesini makin tolol,3
2026-05-12 17:42:03,bagus banget coy ku harap event gozila vs kingkong nya masih ada 😫😫,5
2026-05-12 17:39:44,gamenya seru terutama pada mode metro royale,5
2026-05-12 17:38:01,I love it,5
2026-05-12 17:35:45,"Nice game, tambahin friendly fire dong developer biar lebih seru:v",5
2026-05-12 17:33:48,game jelek abis update malah ngebug gabisa nembak bego,1
2026-05-12 17:33:36,"yang bilang sistem grading mempersulit bilang aja lu noob, BOT!",5
2026-05-12 17:32:41,ini game paling bagus tapi gyro ga bisa di hp android tolong di perbaiki,4
2026-05-12 17:26:07,saya sangat luas dgn gem ini,4
2026-05-12 17:21:50,ok ok paham,5
2026-05-12 17:21:45,mau pensi berapa tahun pun kalau udah makek hp baru dan chipset gahar positif combek,5
2026-05-12 17:19:04,hbd binatang 😭,5
2026-05-12 17:18:30,sistem gradingnya gak bagus. udah berat malah nambah nyusahin player 👎👎👎,2
2026-05-12 17:17:59,update min,5
2026-05-12 17:16:15,"kebanyakan download"" mulu gajelas",1
2026-05-12 17:15:33,"sistem grading nya tolong di hilangin dong,, bikin orang² pada ngendok semua, zona sudah kecil orang masih banyak 🙏",5
2026-05-12 17:14:39,update ini lebih baik daripada sebelumnya,5
2026-05-12 17:14:10,good,5
2026-05-12 17:09:59,lebih suka sama pubg era Tencent game,5
2026-05-12 17:06:55,Game gajelas masa gabisa login????,5
2026-05-12 17:01:48,game terbaik sepanjang masa,5
2026-05-12 16:59:59,"udah berapa kali gonta ganti game, tapi tetep comeback ke pubg",5
2026-05-12 16:59:57,mantap. hapus event,5
2026-05-12 16:57:19,Kenapa setiap update selalu dowloading resources 😣,5
2026-05-12 16:56:20,setelah update kenapa tidak bisa masuk game sama sekali,5
2026-05-12 16:56:13,"aku baru update tgl 12 Mei 2026 tapi pas di buka kok ga bisa ya min, knp ya 😭",3
2026-05-12 16:53:38,"kecewa aku bug gak bisa nembak, baru update",4
2026-05-12 16:50:18,good 👍,5
2026-05-12 16:48:06,tolong kalo update skin yang di punya gak usah di downlod lagi,4
2026-05-12 16:38:16,update tidak merata,1
2026-05-12 16:36:51,waw game bagus,5
2026-05-12 16:36:46,susah kali gradingnya.. aduhhh.. mana musuhnya GG smua.. sultan.. tiap grading ketemu abang² 120fps an😭🫵,5
2026-05-12 16:34:39,"Untuk update terberunya kenapa jika kita sudah mati, kita tidak bisa melihat lawan pada saat sedang spectate teman kita? Menurut saya itu tidak bagus sama sekali. Dimana kerja sama timnya jika seperti itu?",5
2026-05-12 16:34:25,Terima kasih telah mengoptimalkan untuk Dimensity 8300 Ultra sekarang ini mendapatkan 120fps,5
2026-05-12 16:32:00,"min plis lah m4glacier masa gk dapet"" dh 7 tahun main",1
2026-05-12 16:27:58,"pertajam lagi grafik nya, udh rata kanan masih kurang puas",5
2026-05-12 16:23:20,Good Game sir,5
2026-05-12 16:21:23,terimakasih untuk pembuat gamee inii saya sangat suka sama gamee inii Darii duluu main sampai sekarang masih main terkadang jarang main tapii setidak Yaa bisaa di main kan😄,5
2026-05-12 16:18:52,tolong dong untuk update an terbaru hilangin bug nya dong di map Miramar masih banyak bugdan untuk grafiknya agak diringankan lgi msih agak berat sedikit terima kasih,4
2026-05-12 16:16:50,seruu,5
2026-05-12 16:12:28,nunggu apa kau bg nunggu update ya?🗿,5
2026-05-12 16:10:58,Gamenya seru bngt bisa hilangin stress,5
2026-05-12 16:10:17,makasih pubg sudah menemani waktu kosong saya selama ini 🙏🥰,5
2026-05-12 16:08:49,sangat seru,5
2026-05-12 16:07:32,"terbaik pubg sekarang. kalo bisa grading/promotion perlu di buat lebih susah dalam game , supaya lebih menantang . mohon dibuat susah lagi, supaya permainan lebih menarik dan seru . ok terbaik terimakasih. Tencent",4
2026-05-12 16:04:27,ok,5
2026-05-12 16:03:46,lama oiii update Infinix smart 8,1
2026-05-12 15:59:18,"Tidak dapat akses, padahal aplikasi sudah di izinkan di pengaturan, tapi ttp tidak bisa masuk, tulian nya (Please enable storage)",1
2026-05-12 15:59:00,update terus sampai beli ho baru terus,4
2026-05-12 15:54:14,"PING sering tidak stabil apalagi ketika bertemu di player bukan bot, ping naik",4
2026-05-12 15:53:06,mantap,5
2026-05-12 15:52:42,pubg gak jelas org pada udh update gue mlh blom,1
2026-05-12 15:44:23,kok sy blum bisa update yah,5
2026-05-12 15:41:15,blm ad update,1
2026-05-12 15:40:23,baikkkk,5
2026-05-12 15:40:18,bagus,5
2026-05-12 15:38:46,bagus,5
2026-05-12 15:36:57,playstore lambat update 4.4... payah,4
2026-05-12 15:36:29,"game yg seru..,👍👍",5
2026-05-12 15:29:33,kenapa blm ada update yaa.?,5
2026-05-12 15:28:12,thanks pubg,5
2026-05-12 15:28:04,knp gw kasih bintang 5 karna gw player,5
2026-05-12 15:27:32,gabisa update cuki🗿,3
2026-05-12 15:25:14,kapan m4 glasier di revam? masa skin2 yg lain terus kasih lah skin m4 glasier revamp skin legenda masih tampilah dan pitur lama ayo lah REVAMPP REVAMPPP,2
2026-05-12 15:24:58,game mantap cuma banyak bug,5
2026-05-12 15:24:13,makasii udah ngisi rasa kosong ini yaaa,5
2026-05-12 15:21:23,"kok gw masih versi 4.30 ya? yg lain pada 4.40, pdhl android",3
2026-05-12 15:21:15,bagus banget ya Allah,5
2026-05-12 15:19:46,bagus man agak kikir 🗿🗿,5
2026-05-12 15:17:46,gamenya super seru tapi tolong Tambahkan fitur agar bisa pilih musik dari file/bisa jual beli barang seperti nft pasti ini game bakal bagus Banget,4
2026-05-12 15:15:50,tolong info updatenya,5
2026-05-12 15:09:22,keren,4
2026-05-12 15:08:03,game gak beres update nya gak barengan,4
2026-05-12 15:03:38,nice game,5
2026-05-12 15:00:47,mantap,5
2026-05-12 15:00:18,game seru,5
2026-05-12 14:58:43,kenapa belum. bisa update???,5
2026-05-12 14:56:50,knp susah nyari sensi nya min padahal udah turun/naikin sensinya,4
2026-05-12 14:55:46,gw benci PUBG,1
2026-05-12 14:54:40,naikan harga uc nyaaaa!!!,5
2026-05-12 14:51:42,kok di android belum update ke 4.40,2
2026-05-12 14:51:12,mantap,5
2026-05-12 14:48:57,game nya baguss,5
2026-05-12 14:47:19,"abis di upted malah eror, apa sih gk jelas banget, gk bisa di buka. tolong dong di perbaiki",1
2026-05-12 14:40:02,thx sdh kasi ada fitur smooth extreme,5
2026-05-12 14:37:48,nah gitu ke dari tadi baru dapet update an ini,5
2026-05-12 14:35:09,mantap,5
2026-05-12 14:34:23,Pubg mobile is the best,5
2026-05-12 14:33:44,"andro orang lain sudah update, knapa saya belum. isa update",3
2026-05-12 14:32:12,trimakasih PUBG telah menemani saya sepanjang hari,5
2026-05-12 14:31:31,"""Where’s the 4.4 update, you bastard?""",1
2026-05-12 14:28:15,gamenya bagus,5
2026-05-12 14:25:57,oke bagus bangett,5
2026-05-12 14:21:15,👍🏼,5
2026-05-12 14:19:24,kok di gua belum bisa update?,5
2026-05-12 14:18:41,sangan bagus,5
2026-05-12 14:17:24,bagus bett,5
2026-05-12 14:17:12,game kikir,1
2026-05-12 14:11:37,Download failed 99%,5
2026-05-12 14:10:26,ui nya tolong dibuat dark bisa?,5
2026-05-12 14:09:25,kapan update,5
2026-05-12 14:06:23,My Favorite Game_PUBG Mobile Be the Best Game..,5
2026-05-12 14:04:25,game luar biasa lebih bagus dari ml,5
2026-05-12 14:04:25,saya update pubg malah kenapa ngak bisa masuk game nya,5
2026-05-12 13:55:17,oke,5
2026-05-12 13:53:11,gamenya sangat berat dan banyak botnya,1
2026-05-12 13:52:19,terbaik,5
2026-05-12 13:49:55,kapan update gua bjir,5
2026-05-12 13:45:29,penasaran sama game pubg mobile jadi mau main lagi,5
2026-05-12 13:42:10,"sangat bagus ,tapi saya gak punya skin senjata🫪",5
2026-05-12 13:36:07,main dari s2 sampai sekarang kok gak dikasih m4 glacier parah lu,1
2026-05-12 13:32:42,hapus sistem grading,1
2026-05-12 13:26:28,yg lain udh pada update gua kapan,1
2026-05-12 13:14:11,seru arikk,5
2026-05-12 13:13:27,hapus sistem grading,5
2026-05-12 13:12:14,ini game top deh seru,5
2026-05-12 13:10:54,kog belom ada update terbaru???,5
2026-05-12 13:06:49,neklxt aku mau gacha Mustang tolong kasih hoki ya tencent,5
2026-05-12 13:06:22,bagus,5
2026-05-12 12:59:49,KERENN BGTTT,5
2026-05-12 12:59:19,game rusak android yang lain udh bisa updete gua belum lawak ini game,1
2026-05-12 12:57:33,tidak bisa update..telat terus pembaharuan..asem,5
2026-05-12 12:54:00,bagus gamenya. tapi aku hanya ingin PUBG kolab sama Ronaldo,5
2026-05-12 12:51:54,game mahal,5
2026-05-12 12:49:09,bagus,5
2026-05-12 12:46:25,Aku rindu pubg 2018🥲 kembalikan juga mode zombie🥲,5
2026-05-12 12:45:23,ringankan render,5
2026-05-12 12:45:08,Perbaiki bug nya,5
2026-05-12 12:44:53,"bilakah perbaruan nya Tencent, bagi lah skin m416 gratis",5
2026-05-12 12:43:25,min saya pengen update,5
2026-05-12 12:41:51,Game terbaik,5
2026-05-12 12:27:27,kapan update di Andro min?,5
2026-05-12 12:19:37,game ini sangat seru tapi tolong update nya tolong di percepat,5
2026-05-12 12:14:41,"setiap update gw kebagian belakangan mulu, yang download kan banyak nih... tolong lah harga uc nya diturunin dikit biar bisa gacha juga😁",5
2026-05-12 12:13:54,"pemain baru langsung dpt skin m4 modal login, player lama m4 nya masih skin panu 😂",2
2026-05-12 12:11:17,seru,5
2026-05-12 12:10:23,Gua pemain lama klo nggak salah main dari season 3. Dan cuma ini game yg gua mainin ape skarang 💯,5
2026-05-12 12:08:52,"kok yang lain bisa update, saya belum bisa??",2
2026-05-12 12:08:35,lama update,1
2026-05-12 12:05:45,"Saya sudah bermain PUBG Mobile hampir 8 tahun dan sangat menikmati perkembangan game ini. Terima kasih KRAFTON, PUBG Mobile semakin seru dan menarik. Namun, saya sering mengalami masalah rendering saat baru mendarat. Rumah dan tanah masih buram, bahkan karakter bisa menembus tanah sehingga sulit mengambil senjata. Masalah ini tetap terjadi meskipun saya sudah mencoba semua pengaturan grafik. Semoga optimasi game terus ditingkatkan agar tetap nyaman dimainkan di HP spek rendah. ⭐️⭐️⭐️⭐️⭐️",5
2026-05-12 12:05:02,"baru update kacau gk bisa gerak ngeleg parah 5 match ttp gitu baru turun mati ama bot 3x ms 700+ pake wifi loh mantap, gw gk donload map dll. hanya erangel dan event yg era. tapi legnya minta ampun",1
2026-05-12 12:04:25,kebanyakan bug,2
2026-05-12 11:52:53,good game,5
2026-05-12 11:43:05,"game yang saya mainikan dari smp sampai kerja sekarang, still loyal until now 😭",5
2026-05-12 11:41:08,game terbaik daripada game sebelah,5
2026-05-12 11:39:54,7 tahun main gak pernah di glacier huu,1
2026-05-12 11:38:31,"bagus sih tapi tolong kembalikan even even dulu,biar bisa nostalgia",4
2026-05-12 11:37:02,mantap,5
2026-05-12 11:33:55,jadi malas main karena banyak event tidak jelas..menjadi game tidak realistis lagi sementara pindah dulu ke efootball 👌🏻,1
2026-05-12 11:33:47,"Why do I take the faucet for the weapon, it doesn't automatically attach to the weapon, is this a bug or what, please help",4
2026-05-12 11:30:52,"Dah tak kasih bintang 5, grading itu nyusahin bikin orang nambah stress, mending hilangin aja, atau d ringankan biar orang ga gila...cmiww",5
2026-05-12 11:29:53,info up date android?,5
2026-05-12 11:24:26,"game cacat, bug di pintu terowongan shelter sampai akhir season belum di fix niat bikin game gak sih",1
2026-05-12 11:20:21,kenapa sih tiap update kalo pekek wifi lemot banget loading aja terus hadeh,2
2026-05-12 11:19:15,gaje anjir yg lain udah update yg lain belum,1
2026-05-12 11:16:58,lumayan game nya soalnya gw main di 2018,5
2026-05-12 11:15:13,game yg bagus yg seru bangettt,5
2026-05-12 11:14:57,"main dri s2 ga dapet m4 galcier, pemain baru malah dapat, gjls",5
2026-05-12 11:09:16,"TOLONG NEXT UPDATE MUNCULIN LAGI LAMBANG DAN GELAR CLANNYA DILOBBY, JGN KELIATAN KEK SAMPAH AKUN"" KITA DILOBBY",1
2026-05-12 11:09:05,kalo bisa di pisahkan pemain ipad sama hanphone,4
2026-05-12 11:08:06,"tolong di perhatikan Ms / ping sering jamping dan tidak stabil,, padahal untuk penguna wifi 100 mbps untuk 1 HP,, harus nya udah stabil tapih ini malah jamping MS / ping ke 60 kadang sampe 100 .. udah di repotr tapih sama sja tidak ada tindak lanjut dari pubgm.. dan tolong juga di per hatikan server kalau bercampur server luar tolong di kasih stabil ping atau Ms server asia.. ini aneh karena setiap kali jumpa player luar Ms / ping tidak perna di angka 20 MS,, malah bisa ke 80 / 100 Ms..",1
2026-05-12 11:07:10,banyak bot 😡,5
2026-05-12 11:04:46,game terbaik yang pernah ada saya sangat suka suka dan suka,5
2026-05-12 10:54:59,"tidak ramah untuk device menengah ke bawah, setiap update semakin besar data nya, tolong jangan terlalu ketika update nya, mungkin 1 tahun ke depan saya akan pensi dikarnakan update yg seiring waktu semakin besar, begitu aja terimakasih",4
2026-05-12 10:54:27,"banyak bug dan lag,yg benar aja pencarian laga nyampe 10mnt,gila tencen,kami sebagai pemain merasa sangat terganggu dengan update season sekarang,Rusak...... mohon cepat di perbaiki.....",1
2026-05-12 10:53:57,kangen masa 2019,5
2026-05-12 10:52:17,ko punya sya blm di update si.,5
2026-05-12 10:51:42,"sistem gacha di peti terlalu scam, sudah mengeluarkan banyak uc tidak mendapatkan satu pun skin yang diinginkan kan, devoloper terlalu kikir",1
2026-05-12 10:45:13,Not bad lah,5
2026-05-12 10:44:23,mana update 4.4 nyaa,1
2026-05-12 10:43:55,dari dulu sampai sekarang game PUBG mobile adalah game favorit ku,5
2026-05-12 10:40:37,b aja,4
2026-05-12 10:37:51,"itu kalau udah update jangan diganti Mulu sensi kita anjir ,kamu tau betapa susahnya kita perbaiki sensifitas anjir",2
2026-05-12 10:30:48,"saya selama 5 tahun ini, merasakan update yang ngk masuk akal bagi player solo itu adalah ( RANK ) semakin sulit dan dulu saya merasa senang saat main tapi sekarang melainkan kesal dan cape banget sama update terbaru ini. kecewa udah ngk ada yang bikin bahagia saat main game.",1
2026-05-12 10:20:28,update PlayStore sering telat,5
2026-05-12 10:14:58,buruan napa updatenya,4
2026-05-12 10:11:48,"nice game and your game is so beautiful, i loves your game and for the other gamers, keep solidarity each other, thanks for tencent's game for made or.. develop this game. my friends is to love this game too, and my friends often ridicule other gamers, because they play the game ""Free Fire"", because the game doesn't have a door, and between public players and ""free fire"" keep peace and mutual respect, Greetings, greetings and greetings to all of you having sex",1
2026-05-12 10:07:55,update ribet gak kayak game sebelah tolong developer permudah cara update,1
2026-05-12 10:01:36,mana updatenya,5
2026-05-12 09:59:19,bagus,4
2026-05-12 09:56:17,"mantap, Tamba solit, biar makin jago kita",5
2026-05-12 09:49:58,sayang tidak muncul updet di play store,5
2026-05-12 09:49:13,sering framdorp klw ada musuh dan skinnya mahal banget,3
2026-05-12 09:44:25,oke,5
2026-05-12 09:41:44,saya tidak bisa update ke versi baru,5
2026-05-12 09:36:18,mantap pokoknya josjis,5
2026-05-12 09:28:53,mending main pubg,2
2026-05-12 09:25:43,bagus,5
2026-05-12 09:18:40,tolong di tambahin bonus top up nya ini uc mahal bener udah gitu gacha nya kikir gaperna dapet bagus,2
2026-05-12 09:18:31,mantap,5
2026-05-12 09:17:05,"min,kok ga bisa update ya",2
2026-05-12 09:11:02,bagus bangat,5
2026-05-12 09:04:42,"Enakan yang dlu bang sumpah ,enak main Ga ngeframe chill main santuy. Sekarang apalagi update 4.3 Susah buat main 2 match sakit mata, Betul perlu adaptasi tapi enakan yang 4.2 dan kebawahnya lagi, Saran aja sih bg Event"" yang dlu Mending di keluarin lagi kayak pharaoh atau Godzilla, Dinosours, kapal, Izinnnn👍👍",4
2026-05-12 08:55:33,BALIKINNN RANK YG DULU TYTYD!!!,3
2026-05-12 08:53:33,senang main nya dan TDK bikin bosen,5
2026-05-12 08:50:20,a very challenging and interesting game,5
2026-05-12 08:43:29,"bagus banget min, ga kayak sebelah event colab nya kaku semua",5
2026-05-12 08:37:57,ini gimana kok belum ada update Tan orang lain udah update gw belum ada update gimana ini admin?????,2
2026-05-12 08:29:40,saya beri lima bintang karena game pubg ini bagus baget grafik nya yang unik bisa di pilih grafik apapun sesuai hp mu dan gm ini luar biasa tiap bulan update terbaru sekaran update yang luar biasa yang di tungu parah player sejati. kalo gm nya bagus apalagi free fire game burik lagi dan gaada pintu nya lagi ini yang di bilang game paling populer di korea dan seluru dunia,5
2026-05-12 08:28:55,gw kan baru main lagi karena udah lupa ya cara mainnya masa baru nyampe gold ketemu Ace player kan kocak yak😅langsung gw uninstall aplikasi gara gara males dan gak jelas,4
2026-05-12 08:18:06,update 4.4 jgn persulit lagi saya mohon kasih palyer PUBG MOBILE yg lain,5
2026-05-12 08:16:53,semoga ga ketemu cheat😢,5
2026-05-12 08:10:53,mantap,5
2026-05-12 08:04:30,tanggal berapa update pubg mobil kapankah kamu update kami sudah nanti update-nya server lain sudah update tolong update lah,1
2026-05-12 08:04:28,"system Grading kadang bikin malas main kita player Veteran pengen nostalgia malah di persulit mau Have Fun malah harus lewati grading,, main solo naik Rank sulit, kalau yg team ya g masalah meski dalam team ada yg hanya Numpang doang naik Rank. yg solo ma ngos Ngosan",2
2026-05-12 07:55:26,game yang gua suka di awal gua main itu masih burik...sekarang grafik dan ingame nya sangat bagus pokonya buat develov sukses terus,5
2026-05-12 07:53:42,"Saya tau. krafton sangat bekerja keras untuk game PUBG Mobile, tetapi disini yang membuat saya bosan adalah optimalisasi gameplay nya yang terkadang membuat fps drop, padahal saya sudah setting smoot, anti aliasing off dan lainnya off, fps saya setting ke ekstream yang harus nya hp saya Redmi note 14 4G lancar saja, itu yang membuat saya heran. dan 1 lagi mohon harga UC di kurangin sedikit, banyak player yang ingin membeli UC tetapi harga nya agak mahal, tolong di benahi terimakasih.",2
2026-05-12 07:49:53,gud,4
2026-05-12 07:47:00,game yang baik,5
2026-05-12 07:42:53,"gila game nya gokil parah pak , tapi kenapa ya di saat aku on mik , itu suara game nya malah kecil pak dari pada suara tmn2 aku, padahal udah aku kecilin suara mereka tapi tetap aja kecil suara game nya pak , tolong dong update ke depan ini ya pak , nah itu aja sih yg lain ga ada lagi , pokok nya bikin tercandu candu lah main game pubgm ini hehe, thanks.",5
2026-05-12 07:28:22,bagus,5
2026-05-12 07:25:24,🎮🎮,5
2026-05-12 07:25:15,kapan updatenya udah nyiapin kuota banyak ini,5
2026-05-12 07:22:06,untuk krafton kami sebagai Device kentang 🥔 tolong kalau update versi terbaru GB jangan di naikin..,1
2026-05-12 07:11:12,Mana Update 4.4 nya woiii,1
2026-05-12 07:00:19,duh enak bet,5
2026-05-12 06:58:04,top,5
2026-05-12 06:57:00,"no TENCEN, I already got the M416 Glacier, thank you",5
2026-05-12 06:45:20,GAME TERBAIK YANG PERNAH SA MAIN👍,5
2026-05-12 06:37:47,gamenya dan gameplay nya bgus hanya saja untuk skinnya itu mahal sekalipun nanti ada skin gif bukan permanen. tolonglah jangan terlalu mahal untuk skinnya,4
2026-05-12 06:19:01,sangat seruuu,5
2026-05-12 06:16:34,game yg sangat asik,5
2026-05-12 06:11:21,mantapp,5
2026-05-12 06:10:42,game nya bagus,5
2026-05-12 06:08:08,Afina,5
2026-05-12 05:27:55,lumayan bagus,3
2026-05-12 05:26:28,game nya sangat bagus sekali,5
2026-05-12 05:08:39,system PUBGM kurang tegas masih banyak player toxic. harusnya yang toxic di mute.,4
2026-05-12 04:50:44,gw suka,5
2026-05-12 04:40:28,"bagus, udah gacor sekarang Ni game",5
2026-05-12 04:02:26,game haram,1
2026-05-12 03:56:16,Gem paling seru,5
2026-05-12 03:54:15,game nya bagus hanya untuk grafik super smoth di jadiin permanen aja jangan Beta soal nya Masi kaku juga sih itu min 🙏,5
2026-05-12 03:47:36,game nya lebih bagus dari pada ff,5
2026-05-12 03:27:34,games rujit jaringan g setabill padahal pake wifi,2
2026-05-12 03:17:38,kasih hoki dong min,5
2026-05-12 02:57:31,"sengaja nurunin rank kalau dh nyampe domin 25 keatas udh kek gak ada nambah point game kgk jelas nambah cuman +4,+7 kapan mau ke conqu kalau gitu",1
2026-05-12 02:32:55,"semenjak ada grading jadi males buat main, ga jelass.jadi ga ada gampley sama sekali,cuman bisa ngendok dan ngendok",3
2026-05-12 02:07:46,Go for play save ........... 🎖,5
2026-05-12 01:31:47,"sistem grading gajelas mau naik ke domi gagal trus padahal tinggal 1 lagi gagalalah kehapus semua direset lagi, bkin cape doang grading mending klo gadingnya kaya mobile legends",1
2026-05-12 01:27:52,"untuk pubg mobile makin hari makin berat saja, tolong dong masa 90fps tidak stabil sih, masih suka drop fps setiap saya main",5
2026-05-12 01:25:19,"buruk dalam sinyal, update dual sinyal tidak berguna sama sekali tetap terasa seperti single signal",1
2026-05-12 01:19:21,"akun baru,dan baru 2 kali dapat chicken udah kena hack.kacau kacau",1
2026-05-12 00:55:15,gem bagus,5
2026-05-12 00:47:39,pokok nya tier grading di hpskan aja sangat ribet sekali bagi kami player ...udah gitu player yg off di gantikan dengan bot jadi kami susah bedakan mana player mana bot karna nama player yg off digantikan dengan bot,2
2026-05-12 00:47:29,saya telah membatalkan pembelian kenapa saldo saya masih terpotong,2
2026-05-12 00:41:05,ggg sih,5
2026-05-12 00:24:14,game yang sangat bagus,5
2026-05-12 00:23:20,Kenapa di hp saya belum ada update?,3
2026-05-12 00:20:13,kapan update saya muncul woi teman saya sudah update dari jam 10 tadi,5
2026-05-12 00:19:48,"yang bener aja sistemnya,pangkat ace domi di kasih team yang baru main yang pangkatnya gold sampe crown mikir kids",3
2026-05-12 00:18:08,Nice game usahain evnnya kasi hadia yang rada waw gitu pasti user nya pda btah,5
2026-05-12 00:14:03,terbaik,5
2026-05-11 23:45:01,game kikir 10jt gak bisa max paraoh. mending pakai nyelot duitnya,3
2026-05-11 23:36:32,nice,5
2026-05-11 23:33:49,"apalah akun saya tiba tiba ke banned 7 hari, padahal tidak menggunakan cheat, dan saya tidak bermain bersama cheater tapi tiba-tiba ke banned 7 hari + merit saya jadi 40, udah lapor keluhannya tapi gk di bales bales, seakan akan pesannya tidak penting 😒",1
2026-05-11 23:29:15,seru,5
2026-05-11 23:29:14,"Secara ukuran PUBG memang udah gak usah ditanya lagi besarnya, tapi hal tersebut tidak menunjukan kalau PUBG lepas dari masalah bugs, Tolong perbaiki bugs saat turun dari parasut pada event Mirror world, karena hal ini terkadang sangat merugikan, karena bugs ini sangat mempengaruhi gameplay. Untuk kepannya semoga event yang akan datang di sempurnakan dulu sebelum di rilis. Terimakasih!",5
2026-05-11 23:11:38,"maaf min, sebagai player baru saya gak suka matchmaking digame ini, setiap ketemu player rasanya pengalaman mainnya sangat buruk banget, saya ngerasa skill musuh digame ini terlalu jago untuk saya sebagai player baru. bahkan di rank setingkat crown saja saya dipertemukan dengan musuh yang levelnya nyampe 60 keatas. 🥹🥹",3
2026-05-11 23:10:37,game nya mantap,5
2026-05-11 23:04:02,best,5
2026-05-11 23:02:31,jgn pelit sangat,5
2026-05-11 22:52:46,sangat bgus,5
2026-05-11 22:47:37,🔥 PUBG MOBILE,5
2026-05-11 22:41:17,game nya sangat seru sekaliii!!!!,5
2026-05-11 22:37:38,geme lama lama engga jelas dan rantingnya pun sama..,1
2026-05-11 22:34:36,"sistem grading sebenarnya tak jadi masalah, yg masalahnya pada sistem perhitungan point tier, tusun turun 40-an lebih, ciken palingan naik 20-an, #10besar palingan naik 8-14, kalau #30 besar point bermain di -3,-2,-1,0,1,2,3. #40-#50 aja kdg dapat minus point. mohon keadilannya bg pubg. kasian kami"" ini player bot.",3
2026-05-11 22:25:50,semenjak ada system grading jadi malas main,1
2026-05-11 22:23:18,eh tolong lah hapus aja tuh fitur grading capek gua push 24jam kagak naik2,1
2026-05-11 22:15:38,"keamanannya tolong perbaiki lah, akunku kena hack jir",1
2026-05-11 22:10:53,ping pubg 4.3 ko ngga stabil masa bisa nyampe 600 ngga stay di 20 an,5
2026-05-11 22:10:22,minimal pas grading klo ngasih musuh jgo tim jg hrus jago njing,1
2026-05-11 22:09:53,"Baru main lagi kaget dengan sistem naik tier yg gangotak buat player solo, main game buat nyari fun bukan disuruh tegang dan emosi",2
2026-05-11 22:05:31,mantap,5
2026-05-11 21:57:00,bagus,5
2026-05-11 21:53:22,update,5
2026-05-11 21:51:40,"buat developer makasih banyak ini game sangat bagus, tapi di 2026 sistemnya berubah ada sistem rank yg di sebut grading, menurut saya sistem ini mempersulit pemain walaupun memang lebih menantang, tapi bagi pemain seperti saya yg main udah lama tapi tidak profesional ini sangat menyulit kan, saat tingal satu poin saja untuk naik ke rank berikutnya tapi kalah, yg hilang justru seluruh poin bukan satu poin, ini membuat beberapa orang sangat prustasi, dan akhirnya berhenti bermain, begitupun saya.",5
2026-05-11 21:43:16,hay PUBG kami kembali player player old,5
2026-05-11 21:41:58,mantap kalo ada yg bilang musuhnya terlalu susah berarti kalian bott,5
2026-05-11 21:07:06,bgus,5
2026-05-11 21:06:57,"8 tahun bermain sempat pensi beberapa season karena device tidak di support 120fps, akhirnya device tersupport.",5
2026-05-11 21:04:32,terbaik,5
2026-05-11 21:03:57,"kenapa saya tidak bisa update pubg ke 4.4, padahal sudah tersedia di in game nya",1
2026-05-11 20:53:25,mantap,5
2026-05-11 20:53:00,gajelas update lu kelamaan masa cuma streamer yg dpet dluan gni amat indo,1
2026-05-11 20:52:39,keren,5
2026-05-11 20:48:00,Sistem grading membuat player frustasi dan boring,5
2026-05-11 20:36:08,keren,5
2026-05-11 20:34:44,kasih akunn akuu kehokiann yaww min,5
2026-05-11 20:34:03,game nya seru banget.apalahi pas lagi war beh suara nya realistis parah,5
2026-05-11 20:32:23,"maaf ngasih bintang 3. tiap ingin on mic sering kali suara saya tidak terdengar oleh tim. sedangkan device saya tidak ada kerusakan apapun itu, tetapi tidak bisa on mic. microphone aktif tetapi tidak bisa di dengar oleh tim untuk device redmi 10 2022. saya tidak tau untuk device lain apakah mengalami hal serupa dengan device ini. semoga bug akan segera diperbaiki. terimakasih 🙏🏻",3
2026-05-11 20:30:23,Permainan ini hebat sekali adalah kesukaanku,5
2026-05-11 20:29:17,uc gratis 10000k= bintang 5,1
2026-05-11 20:24:36,pokoknya bintang 5,5
2026-05-11 20:23:01,gokil sih Wak ga ada kurangnya ya cuma harus pak hp bagus sih Wak semoga lancar jaya tencent,5
2026-05-11 20:12:37,OBB service membuat agak malas bermain.,4
2026-05-11 19:59:53,game seru dan menghibur,5
2026-05-11 19:51:48,"main game ini biar ga kesepian, tapi mainnya sendiri",5
2026-05-11 19:48:55,NICE,5
2026-05-11 19:38:46,event 2024 kaya t@1 sumpah jelek amat event gjls,4
2026-05-11 19:24:17,menghibur kurang pakain sama skin mobil terlalu mahal,5
2026-05-11 19:20:10,"min hadirkan skin m4 upgrade di peti premium,plisss",5
2026-05-11 19:14:34,"sayang nya ,toko recall nya cepat banget hilang",4
2026-05-11 19:11:15,game ny bagus bgt apa lagi klo pke sniper ghost banget,5
2026-05-11 19:11:09,bagus banget game favorit,5
2026-05-11 19:05:41,game nya nggak baguss,1
2026-05-11 19:03:44,"game udah bagus, tapi buat player lama yang mau naik tingkat tolong grading nya jangan di persulit, selain device nya berbeda dengan pemain yang mungganakan tablet, ipad, komputer, kasian pemain yang menggunakan hp yang standarnya, level pemain toling di setarakan dengan sesama tingkat level nya, jangan di samakan dengan level yang sudah tinggi",5
2026-05-11 19:01:16,"PUBG Mobile makin keren 🔥 Gameplay seru, event banyak, grafik mantap, dan makin asik dimainkan bareng teman. Update terbaru juga keren banget. Semoga terus berkembang dan makin optimal ❤️⭐⭐⭐⭐⭐",5
2026-05-11 18:55:19,pubg ni milih2 masa saya sudah bermain udh brpa tahun m4 glacier gak pernah di kasi dri qw pertama main masih m4 panu,5
2026-05-11 18:50:27,setelah update sekarang makin ga seru dari segi macth udah tidak ada lagi recal atau pun map berkabut trus,1
2026-05-11 18:40:46,game yang sangat baik dan bisa dapat teman di berbagai negara,5
2026-05-11 18:38:54,"gw ulas ulang, gw suka game nya, tapi gw ingin akun yang kena hack sama orang luar bisa kembali ke gw, kalo bisa yaa, emang udah lama dari tahun 2021 kalo gak salah Kena hack, ada bukti screenshot profil nya juga waktu gw masih main akun itu.",5
2026-05-11 18:36:21,👍👍👍,5
2026-05-11 18:26:44,pubg slalu dihati,5
2026-05-11 18:14:27,Game ini sangat menalarupapan kang,5
2026-05-11 18:12:23,"mantap, smenjak adanya sistem grading jadi makin menantang, main pubg jadi gak mudah bosen lagi karena sekarang naik tier jadi sesuatu yang lebih membanggakan",5
2026-05-11 18:09:22,game bagus tapi akun saya terkunci tidak bisa kembali lagi padahal berhenti main cuman sebentar karena kehalang device padahal akun itu sering aktif,5
2026-05-11 18:06:41,min kapan ni update nya 4.4 ?,5
2026-05-11 18:05:08,Tolong sistem grading nya di permudah,5
2026-05-11 18:01:21,min coba di perbaikin ya min soal nya saya nurunin grafis samepk super smoot tapi kok pas turun di poncingki rumah nya kok gak ke render min yang hp kentang buat msin kesusahan tolong ya min iziiinnnnnn mau proo,5
2026-05-11 18:00:34,menarik cuman hp saya gampang panas kalo bisa fps nya turunin lagi ☺️,4
2026-05-11 17:59:08,Bagus,5
2026-05-11 17:58:22,hiburan tiap hari,5
2026-05-11 17:47:08,tidak hoki,5
2026-05-11 17:46:45,gua udah update di 4.4 kok belum bisa main di event ya?,5
2026-05-11 17:37:48,"kenapa view in game android dan iphone atau ipad harus dibedakan, kenapa tidak disama kan",1
2026-05-11 17:24:04,keren,5
2026-05-11 17:22:47,bagus,5
2026-05-11 17:19:54,jelek,1
2026-05-11 17:19:43,keren,5
2026-05-11 17:19:04,"kapan update bg , gua mau main ivent , tes senjata baru 😁",5
2026-05-11 17:18:55,"Seringkali saat main, tiba-tiba muncul notifikasi nyalakan lokasi saat ini. Jujur, ganggu banget dan sinyal mendadak down.",3
2026-05-11 17:14:28,bagus sih tapi tolong kembalikan tower sam tower air dong soalnya saya dan bapak saya sering kesitu🙏,5
2026-05-11 17:10:44,gak seru karna ada gereding,5
2026-05-11 17:10:06,udah bagus sih ini game cuma M4 gua belum glacier bisa kali dikasih,5
2026-05-11 17:06:40,game nya menyenangkan,5
2026-05-11 16:55:14,game muantapppp,5
2026-05-11 16:53:21,bagus,5
2026-05-11 16:48:59,lama woii perataan updatenya,5
2026-05-11 16:47:12,grading jadi males main.,1
2026-05-11 16:44:43,good,5
2026-05-11 16:43:59,debess,5
2026-05-11 16:38:57,SEKARANG MALAH MAKIN DI PERSULIT DENGAN SISTEM GRADINGGGGGGG.... DARI ACE MASTER KE ACE DOMI TAPI LAWAN NYA CONQU APA COBA HAPUS SISTEM GRADINGGGGGGG CUMA MEMPERSULIT!!!!!!!!!!!!,1
2026-05-11 16:37:23,Hp akan nge frame jika lawan hp spek tinggi kayak deskriniminasi aja gitu wkwkwk,4
2026-05-11 16:24:58,"tolong dong yg cheat itu di ban, masa GK bisa deteksi",1
2026-05-11 16:14:53,pubg good game,5
2026-05-11 16:10:10,keren banget,5
2026-05-11 16:09:23,"Kenapaa saat login gagal""sajaa",4
2026-05-11 16:08:39,"udh main tierbl,ngk bagus lagi",1
2026-05-11 16:04:46,tensen kok belum ada map vikendinya saya udah updet,5
2026-05-11 15:52:18,CEYU BANGET GAMENYA,5
2026-05-11 15:51:39,game yang menyenangkan,5
2026-05-11 15:50:59,botnya tolong di kurangin lagi,5
2026-05-11 15:45:46,"semoga kedepannya punya device mumpuni lah buat game ini, cuma device realme 9 pro ram 6gb udah syukur banget wkwk🗿",5
2026-05-11 15:45:14,apa udah apdet apa belum,5
2026-05-11 15:42:24,"mending yang hp nya ga kuat jangan main pubg bro kusus hp sepek tinggi ya ingat, dan yang ngeluh sama gereding udh main pou aja jangan main pubg",5
2026-05-11 15:41:14,tidak bisa terbuka,5
2026-05-11 15:26:25,tingkatkan perbaiki lagi masalah lag,4
2026-05-11 15:24:51,keren,5
2026-05-11 15:12:55,😌,1
2026-05-11 14:45:57,bagus bgt,5
2026-05-11 14:09:56,mantap poll👌🏻👌🏻👌🏻,5
2026-05-11 14:03:51,mantapp,5
2026-05-11 13:57:01,ada setiap saat,5
2026-05-11 13:50:18,TOLONG YA MOONTON AGAR NAIK TIER NYA DIBUAT LEBIH GAMPANG PLIZZ MOONTON,5
2026-05-11 13:46:45,sya sangat suka dengan game ini,5
2026-05-11 13:37:49,PUBG INI TERLALU PELIT KENAPA DI EMBLEM MITIC TIDAK ADA UPGRADE SENJATA (AKM) MALAH SKAR L,1
2026-05-11 13:34:01,good,5
2026-05-11 13:14:55,"semenjak griding di kurangi jadi lebih gampang dan tidak membuat pusing, terima kasih pubgm sudah mengurangi sistem gridingnya lopp youuu",5
2026-05-11 13:04:27,mainkan sekarang,5
2026-05-11 13:00:56,"8 tahun masih tetap main, gak ada game lain yang lebih seru dari PUBG mobile",5
2026-05-11 12:59:01,"gokil ni game, ndak kayak epep",5
2026-05-11 12:58:31,pubg season kapan. ?,5
2026-05-11 12:54:18,"pubg p nya ""pemenangnya"" mobile m nya ""masalalu"" APCB🤣",5
2026-05-11 12:53:33,hhhahahahaah terbaik 😀,5
2026-05-11 12:53:05,bagus,5
2026-05-11 12:14:16,Game sangat seru,5
2026-05-11 11:47:47,saya sangat senang dengan pubg in,5
2026-05-11 11:45:18,"coba untuk naik ace gradingnya 1 kali, ace master 2 kali, dan ace dominator 3 lali..kita cuman main game untuk senang2 intinya jangan dipersulit. kita2 kan buka player kompetitip kalau yg mau kompetitip kan udah ada map ultimate royal",1
2026-05-11 11:40:38,mantap udah 8 tahun saya main tetap aja ngk bosan,5
2026-05-11 11:35:38,"game ramah dan baik hati, tapi kikir dikit",5
2026-05-11 11:13:26,dari keseluruhan game nya udah seru tapi cuma di sistem top up sama gacha nya aja yang kemahalan 🗿,5
2026-05-11 10:57:44,"ini kenapa ya PUBG MOBILE lebih 5 kali akun saya kena observasi saya bermain sportif dan tidak melakukan kecurangan apapun, alasan observasi karena banyak nya pemain yang melaporkan terkait kecurangan, maksut saya kalo memang saya bersalah langsung baned saja nggak perlu observasi sangat merugikan saya, saya bermain dportif dan tidak melakukan kecurangan, laporan pemain lain?? bukan nya prilaku pemain sekarang memang begitu ya dikit2 report laporkan, kalo terus begini ini sangat merugikan saya",1
2026-05-11 10:51:49,kapan update versi terbaru?,5
2026-05-11 10:42:47,hapus sistem grading,1
2026-05-11 10:32:17,"Saya sangat terbantu dengan grafik super smooth yg tersedia karena hp kentang saya bisa menjalankan di fps extreme(60 fps), tapi kenapa setiap selesai match dan kembali ke lobby itu data unduhan outfit berjalan/mengunduh otomatis ya? saya sudah nonaktifkan semua fitur unduhan otomatis padahal dan saya menggunakan smart download harusnya selain file yg saya pilih itu tidak ikut terdownload.. itu saja keluhan saya, semoga update kedepannya bisa fix untuk unduh otomatis setelah laga. terima kasih",5
2026-05-11 10:28:24,gooning game,5
2026-05-11 10:25:29,"di event ini sinyal gak stabil , padahal klo maen non event stabil tapi kalo pindah main di event malah sering loncat ping nya ! jadi males main nya.. nanti bintangnya di tambah kalo sinyal nya sudah di perbaiki..",5
2026-05-11 10:14:30,josss,5
2026-05-11 10:13:02,keren,5
2026-05-11 10:02:38,8 tahun bermain M4 ku masih panuan.,1
2026-05-11 10:01:17,"ijin pamit dri PUBG, ribet amat mainnya sulit naik tiernya bawaannya BOSAN",1
2026-05-11 09:57:53,game bangus,4
2026-05-11 09:49:49,min kok pubg saya gak bisa login pakek wifi kalau pakek data normal,1
2026-05-11 09:34:46,game haram tapi aku suka karena karakternta ga pake baju,5
2026-05-11 09:26:08,"tolong untuk memberikan kinerja extra yaitu dual sinyal antara penggunaan wifi dan data secara bersamaan untuk memperkuat sinyal dalam permainan, meski sudah ada tetap saja tidak ada pengaruh dan terlihat seperti Beta, tolong di optimalkan lagi",1
2026-05-11 09:24:16,kenapa saya gak bisa download obb. tertulis downloading resource terus. uninstall apk dan coba install eh masih sama kenapa yaa mohon jawab,1
2026-05-11 08:49:44,"sebenernya seru ya tapi semenjak ada grading sebenernya ya menantang tapi lebih ke males main gitu jadi susah banget disananya, apalagi buat ke rank terakhir sekarang udah ace dominator aja udah ga sanggup ngestack di ace dominator 14😭",3
2026-05-11 08:23:08,lama banget najis login doang ga kaya epep atau pun mobile legende,1
2026-05-11 08:14:49,👍👍👍,5
2026-05-11 07:38:16,"gw main dri 2020, download dri play store,tiba tbia akun gw kenak blokir,dengan alesan dowloat tidak sah ,benahi dulu sistem mu krafton beda sama Tencent dulu",1
2026-05-11 07:33:20,game nya seru,5
2026-05-11 04:20:08,Marai tambah mumet,4
2026-05-11 03:15:23,JELEK BANGET,1
2026-05-11 02:32:13,6 tahun aku bersama PUBGM. Terimakasih telah berikan game sebagus ini,5
2026-05-11 02:22:41,"setelah adanya tantangan tier buat naik tier jadi males main, susa susa naik nya cuman ga masuk syarat 1x di reset sampe abis, bikin ribet pemain aja ,gimana ga sepi ni game hadeh hadehh. uda ribet di tambah bikin ribettt.",1
2026-05-11 01:10:14,"Aku download apk lain bisa semua bisa tapi Pas mau masuk malah mentok dilobi,,🥲 beri kesempatan untuk veteran Yang lama pensi ini guru",5
2026-05-11 00:25:47,game nya kurang jelas.peta nya tunjukkan musuh salah arah.musuh di depan. arah peta arah kiri. banyak kali.banyak bab nya. ap kagak bisa di ringan kan lagi game ini ap. kurang aj bintang nya,1
2026-05-11 00:25:16,"makin lama PUBG makin berat, musuh nya engga imbang, fps turun terus",1
2026-05-11 00:10:29,"saya baru saja seminggu mendownload game ini, pada saat bermain klasik saya selalu kalah, setelah saya perhatikan lagi ternyata musuh sudah tier conqueror, bayangkan para player baru (gold) di habiskan dalam satu match oleh tier conqueror, keseimbangan match di game ini sangat buruk.",1
2026-05-10 23:52:54,coba tambahkan ban perangkat jangan hanya ban akun,5
2026-05-10 23:18:46,Pembelian saya sudah dibayar tp dalam game tidak berhasil,3
2026-05-10 22:45:49,"itu sistem grading ganti lah ke quest kek harus kill 100+4x chicken jadi kagak usah harus placement trus berturut-turut,, ada harus kill juga pake bom, molotov, AR, SMG, SNIPER masak harus ketemu musuh / team ngendok trus gara"" grading yang bener aja lu Dev",5
2026-05-10 22:31:56,"tidak se asik dulu, sekarang terlalu banyak bot nya, pemain kembali gak bisa main sama teman lama karena perbedaan rank. gak asik",1
2026-05-10 22:31:32,min pubg buat ringan banyak yang pensi gara gara memori kecil plis lah buat ringan,4
2026-05-10 21:59:03,tolong update kali ini pintu nya di hapus kayak epep😅😅,5
2026-05-10 21:44:29,grading buruk minimal gausah di reset lah PUBG kecewa gua,1
2026-05-10 21:34:00,Game nya bagus sih tapi game nya haram!!!!!!!!!!!!!!!!!!!!!!!!!!!!!!!!!!!!!!!!!!!!!!!!!!!!!!!!!!!!!!!!!!!!!!!!!!!!!!!!!!!!!!!!!!!!!!!!!!!!!!!!!!!!!!!!!!!!!!!!!!!!!!!!!!!!!!!!!!!!!!!!!!!!!!!!!!!!!!!!!!!!!!!!!!!!!!!!!!!!!!!!!!!!!!!!!!!!!!!!!!!!!!!!!!!!!!!!!!!!!!!!!!!!!!!!!!!!!!!!!!!!!!!!!!!!!!!!!!!!!!!!!!!!!!!!!!!!!!!!!!!!!!!!!!!!!!!!!!!!!!!!!!!!!!!!!!!!!!!!!!!!!!!!!!!!!!!!!!!!!!!!!!!!!!!!!!!!!!!!!!!!!!!!!!!!!!!!!!!!!!!!!!!!!!!!!!!!!!!!!!!!!!!!!!!!!!!!!!!!!!!!!!!!!!!!ngapain sih liat bawah haram,1
2026-05-10 21:29:18,"geme bagus Wajib download sih,tidak di sarankan untuk hp kentang 🗿",5
2026-05-10 21:08:59,"ga seimbang musuhnya, jaringannya juga bermasalah.",1
2026-05-10 20:34:50,hapus sistem grading aneh bet,1
2026-05-10 20:12:14,bagus👍😍,5
2026-05-10 19:51:36,punyakku gak bisa dilogin,1
2026-05-10 19:43:40,game burik tier tinggi suruh gabung pemain grading,1
2026-05-10 19:34:24,oke goog,5
2026-05-10 19:17:55,pelitttt,5
2026-05-10 19:06:51,"layanan pemulihan akun sangatlah buruk,karna saya mengisi formulir selalu layar saya ke atas dan ke bawah",1
2026-05-10 19:03:54,game haram,1
2026-05-10 18:38:15,"gk masuk akal game nya, fast level 3 helm level 3 bisa kalah sama yg level 1, lucu game nya",1
2026-05-10 17:50:52,terlalu alay bukannya perang malah banyakan event,1
2026-05-10 15:44:47,min kalau bisa mah ini game lebih ringan in lah biar enggak susah tiba tiba main patah patah kalau bisa saya minta tolong lebih sedikit ringan nin,5
2026-05-10 15:11:52,terlalu dipersulit.,1
2026-05-10 14:43:18,"banyak chter sakit"" betol aim nya kenak di ras akun"" sultan pemdrop langsung di perketat lagi lah developer kira"" kalu ngasi lawan akun Sultan"" jumpak dengan akun suktan"" jdi kan jumpa sma dives"" yg setara dan mode gerading nya di setara kan lh klau gini terus lama"" sepi ni game susah di banten gerading musuh nya ga ngotak dives langsung drop 😓",2
2026-05-10 13:39:21,saya sangat terhiburr,5
2026-05-10 13:35:27,"game jadi membosankan karena sistem naik tier, banyak player camper dari pada war👎👎",2
2026-05-10 13:33:30,sekarang jelek,1
2026-05-10 12:52:04,burik lama download data nya,1
2026-05-10 12:23:14,saya ingin comeback di pubg setelah 8 tahun Pensi pubg semoga skill ku kembali lagi😢,5
2026-05-10 11:55:29,"lama2 makin gak jelas pubg, yg eventlah yg gradinglah. game yg logika sajalah, mana ada perang tembak2 yg bs terbang, aneh2......jujur pubg game bagus ketimbng ff dan callduty.....uc mahal.....lama2 bubar ditinggalkan",1
2026-05-10 11:23:38,"makin kenisi makin aneh ini game PUBG ga kaya dulu jadi males maen juga,",1
2026-05-10 11:08:04,mohon maaf ini kenapa ya padahal ruangan masih banyak tapi jika main game ini hp saya terasa berat dan lag patah latah,1
2026-05-10 11:06:03,bagus,2
2026-05-10 10:46:28,bagus aja sih,4
2026-05-10 10:44:30,tolong lah hilangkan fitur grading,5
2026-05-10 10:25:09,"Gameplay nya udh bagus seperti sedia kala Walau pun masih ada rasa kurang enak di analog nya kalau kita mau lari serong ke kiri atau kanan kadang karater nya malah jalan nyamping, semoga aja Developer memperhatikan itu dan sama musuh nya itu seperti tidak bisa membedakan apakah itu AI atau pemain yang baru main, di map rondo banyak AI nya tapi mohon di tingkatkan lagi performa AI nya biar sama kek player asli ,kesan nya makin menantang gitu ✊🔥",4
2026-05-10 10:23:18,hilangin download otomasi min,2
2026-05-10 10:22:28,"ada pintnya jadi gak suka jadi aku kasih bintang 2,dan masak di dalam bisa pakai mobil kan belum turun!!",2
2026-05-10 10:19:30,bagusss,5
2026-05-10 09:52:35,"nice Min, Saya kasih Saran View TPP buat android bisa di coustum kaya ipad gitu.. Seperti game CODM yg udah bisa costum view tpp kaya ipad.",5
2026-05-10 09:07:02,tombol tembak hilang udah 1 bulan ga muncul muncul,4
2026-05-10 07:27:18,kembangkan lagi,5
2026-05-10 06:49:01,希望网络问题能再次得到改善，帧率经常下降，加载画面卡顿等等。,3
2026-05-10 06:07:07,gem ini haram ini tuh gem papji meningan main ff banyak nya main ff,1
2026-05-10 03:10:50,hello kenapa saya tida besa masuk dengan tiba tiba pas di awal ....tolong ada apa,5
2026-05-10 03:05:31,okelah,5
2026-05-10 02:49:18,sekarang pengamannya jelek sekali akun ku diretas orang kita laporkan kagak bisa bisa padahal kita sudah habis banyak buat top up orang yang retas menikmati secara gratis akun ku jadi malsa sudah main game ini,1
2026-05-10 02:33:49,semenjak ada greding pubg makin me mantek,4
2026-05-10 02:32:03,"game gacor, nostalgia mulu main ni Game",5
2026-05-10 00:53:03,"grading grading gak ngotak!!! tolong dipikir pikir lagi update an nya, di hapus itu grading grading an, banyak yang complain, makin hari makin aneh aja aturanya,bukan bikin rame game kalau kayak gini aturan gradingnya, tapi malah bikin sepi game, bikin orang bosan mainin nya.. tolong Tencent.. difikir fikir lagi.. saya aja udah bosan mainya...",2
2026-05-10 00:47:05,"ini kenapa setiap aku mau grinding ace tim ku pada jelek jelek sihh, kasih satu kali aja yang bagus gitu kek biar tau rasanya di gendong orang 🥲🥲🥲.",2
2026-05-10 00:27:03,perbaiki bug nya tuh apaan dalam game tombol fire hilang sediain aja kamera biar ngevlog aku gak jelas udah main lama ketawa aku ku hapus game ini,1
2026-05-10 00:25:21,bug mic dll,1
2026-05-09 22:50:23,Mantap bosss...,3
2026-05-09 22:11:12,Best one,5
2026-05-09 21:54:32,hapus sistem grading woi... permainan serasa membosan kan player pada ngendok,1
2026-05-09 21:45:20,baik,5
2026-05-09 21:14:57,ntah apa saja akun aku diblokir gk espek,1
2026-05-09 20:52:10,AKU KALI AKAN BERMAIN PUBG MOBILE AKU SEBELUM BERMAIN NYA MENGUCAPKAN SELAMAT DATANG DARI GAME FREE FIRE DAN SAYA AKAN PINDAH GAME KALI INI SAYA AKAN BERMAIN PUBG SELAMA BERAPA TAHUN YAA?,5
2026-05-09 20:08:44,Sistem grading malah membuat game ini banyak ditinggalkan oleh playernya dan event return yang membosankan. Tidak mengherankan game ini sekarang sepi peminatnya.,3
2026-05-09 19:57:13,ok,5
2026-05-09 19:18:11,tolong sekali aja ququeror 🤦,5
2026-05-09 19:17:35,game pubg ini enak dimaenkan karena buat senang2 dengan sytem promote bikin kami player tambah streess..gagal reset ulang...naik rank aja susah..lama2 player pubg makin banyak uninstall pindah game lain..karena dibuat tambah stresss sytem promote grading .bagus dihapus aja sytem promote kalau mau pemain betah bukan dibuat kesel n stress...bintang 1 pada kasi lama2 pubg hancur,1
2026-05-09 18:59:09,ternyata gem PUBG tidak sesulit ff,2
2026-05-09 18:29:11,Minta glacier min,5
2026-05-09 17:58:38,keren,5
2026-05-09 17:47:10,"Tidak ramah device menengah kebawah, makin update makin ngeframe",1
2026-05-09 17:35:47,kasih pilihan tatto di karakter asik si,5
2026-05-09 16:38:42,min tolong hilangkan gradingg bikin pusing,5
2026-05-09 16:38:35,tiap kali maen mode squad buat nyari orang random ga pernah dapet alhasil malah jadinya maen solo di mode squad jadi feels maennya ga imbang apalagi kalo ketemu party yang pro. tolong dijawab dan diperbaiki,2
2026-05-09 14:59:06,"Jadi Kurang Seru dan asyik dengan adanya sistem grading untuk naik ke rank ace. Hilangkan sistem gradingnya, seperti pubg dulu.",1
2026-05-09 14:07:34,geme ini sangat br tapi tpp lh,1
2026-05-09 13:56:38,masa bnyk bot dan bot lebih jago dari pada ore jelik PUBG sekarng yg lebih parah bot tau posisi kita,1
2026-05-09 13:00:48,"kenapa player seperti kami lambat sekali pengapdetan,, sedangkan player luar negri sudah pada apdet",1
2026-05-09 12:33:53,nge bug pas mau nembak,1
2026-05-09 12:31:18,gem ini bagu sekali men.,5
2026-05-09 11:22:44,fungsi redzone apa ya klau boleh tau? merugikan player...,1
2026-05-09 11:17:01,mantaps,5
2026-05-09 10:52:41,hy saya pleyer pubg mobile dari awal rilis sampai sekarang saya suka bermain pubg saya tidak ada kata bosan main pubg mobile ini cuma saya minta 1 tolong buatkan skin baju TNI AD geme pubg mobile ini sama persis seperti tentara dan kalo bisa mau dapatkan skin tentara jangan pake uc tolong di pertimbangkan tencent terimakasih,5
2026-05-09 10:51:57,tolong dong sistem tier di hapus....mending yg lama pakai poin..jngn sampai banyak player yg pergi...juga jangan sampai rating turun buat PUBG...trims,3
2026-05-09 10:50:08,game nya mempersulit bukan nya untuk asik asikan malah mempersulit,1
2026-05-09 10:28:25,game gak adil tim yg salah gw yg di hukum lu buta apa gimana?,1
2026-05-09 09:39:06,"loading nya lama banget, harus nunggu.",1
2026-05-09 09:16:38,tencent bikin mode classik bukan untuk kompentitif tapi buat konten yuotube/tik tok para sultan. kita hp kentang cuma figuran yang dibayar pake minus-25 dan kita ini dibikin tumbal buat nyenengin para sultan biar merka senang 🫡,1
2026-05-09 08:30:44,"sebaiknya hilang kan fitur grading yang tidak jelas itu, saya sudah grading mau ke ace master dan malah ke reset lagi pointnya itu yg bikin banyak player males main",2
2026-05-09 08:16:54,game telepor masih pake server 20hrz gw bingun kenapa masih banyak aja yang main game burik ini mending hapus banyak game seperti delta force arena breakout bakan blood strige aja pake 120hrz server,1
2026-05-09 06:38:22,gak kerasa 6thn saya main pubg,5
2026-05-09 06:17:09,"tolong pihak PUBG sistem main ofline di saat jaringan buruk bisa main ofline tanpa jaringan,kolo yang lainya tidak ada masalah dan kendala tolonglah adakan main ofline biar disaat tidak ada jaringan bisa main",5
2026-05-09 05:41:15,update bagus.. tapi tidak nyaman bagi pengguna hp tema gelap,4
2026-05-09 04:31:49,"SARAN TOLONG BACA buat team PUBG🙏🙏 kalo YouTube,plis jangan bisa buka YouTube dari PUBG,niat hati jagain anak biar ga buka video sembarangan,main PUBG dia bisa buka YouTube dari PUBG,dari video esport,lalu klik video ,kebukalah YouTube,mana ga bisa diawasin pake google family😭😭 aku juga main PUBG lho,maka nya paham,kita sering Mabar😭😭😭",4
2026-05-09 01:41:10,"match making nya lama banget,sudah sepi kah? atau memang gak pada aktif susah nyari musuh",2
2026-05-09 00:37:08,game sangat bagus tapi kenangan 2018 tidak pernah di lupakan,4
2026-05-08 23:39:54,"makin susah maen pakai sistem griding, lama2 hapus juga ni game",1
2026-05-08 22:50:04,gapapa,1
2026-05-08 22:43:00,top AP ga masuk malah uangku hilang padahal sudah tak qris eh sudah ke bayar malah pesanan ke cancel yaelahh mana dua kali kek gitu,1
2026-05-08 22:19:16,hy... developer dan team krafton tolong dong di map Tiongkok RONDO . Mobil yag warna putih di hapus saja ..di ganti mirado saja ya . Mobil putih itu engaa enak di gunakan banyak bug suspensi sama lari nya engaa bisa kenceng . karena itu di ganty mirado saja tangal 10 hari Minggu ad update. sekalian kabur kan request saya ya . terima kasih,4
2026-05-08 22:15:51,senjata sulit didapat 👎,1
2026-05-08 21:49:50,"tolong kenapa selalu mendownload otomatis padahal saya udah apis resource nya biar ga berat tapi setiap habis 1 match ternyata udah download otomatis lagi,",5
2026-05-08 21:47:24,game ya hd,5
2026-05-08 21:24:47,HAPUSS SISTEM GRADING WOY,1
2026-05-08 20:58:47,kereeen,3
2026-05-08 20:51:11,aku sangat kecewa sekarang prayer ya udah sedikit🤏 karena terlalu bayak msp hingga susah cari pertempuran map nya terlalu bayak hingga kiwa bayak melawan bot bot yg di ciptakan untuk jadi musuh kita jadi permainan gak asik,1
2026-05-08 20:49:33,"untuk game nya bagus, tapi mohon di kecilkan sedikit penyimpanan nya, hp saya udh gak kuat, saya main di 30 fps, dan saya mau main di 40 fps atau 60 fps jadi tolong lah devoloper pubg untuk di ringan kan game nya, dan semoga di update 4.4 bisa ke unlock sampe 60 fps semoga di baca sama developer nya",5
2026-05-08 20:41:50,This game is good but the match making is not fair. Ive matched with a pc player,5
2026-05-08 20:34:57,aku player lama yg putusin buat pensi karena gamenya terlalu berat,1
2026-05-08 19:38:09,game aneh,1
2026-05-08 19:31:26,kurang suka dengan game ini 🙏🙏,1
2026-05-08 18:32:33,"SAYA 7 TAHUN 6 BULAN MAIN PUBG DAN SERING TOP UP UC ! TAPI TIDAK PERNAH BISA DAPAT M416 GLACIER, SUDAH HABIS UC DAN TOKEN UNTUK SPIN MENDAPATKAN M416 GLACIER TAPI TIDAK PERNAH DAPAT.",2
2026-05-08 18:30:33,kenapa setiap saya gacha event selalu dapat zonk tolong dong berikan kami item yang bagus saya sudah top up uc,5
2026-05-08 18:22:32,Gamenya bagus tapi sistem grading minta tolong dihapus min bikin stresssssss...🙃,5
2026-05-08 17:40:12,tapi aku tidak bisa login,5
2026-05-08 17:22:28,udah pada pensi,3
2026-05-08 17:03:14,game haram,1
2026-05-08 16:30:10,Mempersulit player untuk naik tier. pantes player lama pada uninstall ni game. developer suka mempersulit 💢💢,1
2026-05-08 15:38:26,👍👍👍👍👍👍👍👍👍👍👍👍👍👍👍👍😃😃😃,5
2026-05-08 15:37:32,sistem grading merusak permainan,1
2026-05-08 15:31:34,"game nya oke, cuman buat super smooth nya itu masih agak nge bug, banyak yang ga ke render pas match. itu memengaruhi permainan karena bisa mudah di kill oleh musuh",4
2026-05-08 15:31:15,game nya bagus banget,5
2026-05-08 15:25:40,kok ga bisa di download?????,3
2026-05-08 15:12:49,coba bikin pakai bahasa banjar,5
2026-05-08 14:15:17,"tolong kembalikan sistem rank seperti dulu, yg tidak ada grading nya, pubg semakin lama semakin aneh kalau update nya, harusnya saya sudah ace domi 20, gara² grading jadi stuck di ace master",1
2026-05-08 13:52:27,parah banget.. bot nya sakit banget.. masa nembak sekali langsung mati sama bot,3
2026-05-08 13:49:08,"game apaan ini,, ngelag terus apalagi pas cuma ada musuh doang ngelag ny bikin gw mau banting hp terus,, padahal jaringan gw bagus hp masih kencang, tolong buat pubg mobile di selasaikan permasalahan saya",3
2026-05-08 13:41:56,"kenapa PUBG saya keluar dengan sendirinya dan ketika akan login kembali tidak bisa padahal sehari sebelumnya tepatnya di tanggal 6/5/2026 bisa push rank tetapi ketika login di tanggal 7/5/2026 saya harus masuk kembali ke akun sosial media saya tetapi setelah saya coba login terjadi kesalahan padahal sebelumnya baik² saja dan itu berulang setelah saya otak Atik tetap sama tidak bisa masuk, bagaimana jalan keluarnya semua cara sudah saya coba",3
2026-05-08 13:26:38,"elit pas ada m416 kraftoon, kasih saya m416 glacier,saran saya m416 glacier di rivem bikin epek naga di snapanya dan ada epek lagai ganti senjata ada saljunya, kenapa tidak bisa top up help me error kemarin masih bisa😭, tolol ni pubg udah jelas kita sering top up pakai Ringgit kenapa tiba tiba pindah rupiah lagi tolol, macam mana mau tup up ni?",2
2026-05-08 13:15:50,"donlot data tdm aja lama bgt selesainya, padahal udah 0,1MB!!!!! pubg kenapa sih??? rusakk .... rusakk...",1
2026-05-08 13:02:27,game kok nyembah patung hahahah,1
2026-05-08 12:11:42,selama adh greding pemain bnyak yg pensi Tolong hilang kan mode greding,2
2026-05-08 11:50:51,"Game nya seru banget, keren parah sih dan semoga game nya makin naik!!👍👍",5
2026-05-08 11:32:17,smkin tidak bagus sekarang PUPG...,3
2026-05-08 11:26:18,plis dong tensen kasih gua skin gratis san,5
2026-05-08 11:09:31,"saya main PUBG mobile dari 2018 saya minta TOLONG untuk skin M4 glacier di kasih efek slide senjata dari bahu belakang, kaya senjata yg baru muncul sekarang, masa skin upgrade pertama di PUBG mobile gak di kasih efek slide, TOLONG di kasih di update yg akan datang tanggal 12 mei 2026 ini🙏",5
2026-05-08 09:53:25,"promotion rank nya gak jelas , protection masih unused eh kok malah reset sih , gak jelas",1
2026-05-08 09:46:39,game kikir,1
2026-05-08 09:38:48,"grading nya sulit banget masa sama tier rank ace dominator,padahal rank ku masih ace",3
2026-05-08 09:22:11,game banyak citer banyak ngebug,1
2026-05-08 09:07:35,iventnya sangat jelek,1
2026-05-08 08:54:11,map event tolong di buat bergantian di semua map jadi map lain biar rame jangan cuma di erangel dan livik doang,1
2026-05-08 08:23:28,bolak balik gagal mulu naikin dah gitu sistem rank persulit lagi aku gak bisa mencapai rank tier ace selalu ngestuck tier crown mulu capek ah 😭🥀 tolong lah sistem grading rank ya hapus aja aku capek gagal terus aku mohon😭😭,1
2026-05-08 08:18:43,Kurangi bintang lgi soalnya slalu leg macet2 padahal jaringan ku bagus🤔. Tolong di perbaiki lgi👏🏾,2
2026-05-08 08:06:28,banyak bug nya kadang keluar sendiri dari apk gamenya,1
2026-05-08 07:53:46,untuk masalah ping udah bagus. tapi kenapa sering force close ya? padahal untuk penyimpanan dan penggunaan ram juga sudah aku optimalkan. ini juga aku main pakai hp chipset snapdragon 712 tapi sering force close kalo udah agak panas hp nya. mohon lebih di optimalkan ya :),5
2026-05-08 07:03:12,"tolong kembalikan tampilan baru ke tampilan old(seperti loby, tampilan profil, tampilan yg lain yg warna putih itu, ini sangat menyerupai game sebelah dan bikin sakit mata",5
2026-05-08 07:00:34,mencari laganya lama banget sampe setengah jam lebih,1
2026-05-08 06:09:15,bagus baget game nya tapi hp ku ng ngedukung😓,5
2026-05-08 04:48:25,"kangen event Allan Walker, itu event terbaik dimana saat masuk mobil bisa mendengarkan musik itu bikin rindu",5
2026-05-08 04:02:27,"apaan si Tencent, sumpah gua maen lagi grading tiba tiba ga bisa gerak karna di batesin pergerakan nya, gua lempar granat ke musuh temen malah mau nyamperin auto kena lah, dibilangnya sengaja jadi pelanggaran, gua jadinya ga bisa maen karna di batesin, laen kali kalo mau ngasih hukuman han di in game, kasih diloby aneh game lu makin kesini",1
2026-05-08 03:48:34,terlalu berat,2
2026-05-08 03:45:58,"saya udah top up uc di pubg yang 60 uc pakek qris dana kok ga masuk""ini uc nya nipu apa gimana aneh banget ga masuk""",1
2026-05-08 03:09:26,bagus,5
2026-05-08 01:46:18,pemain sayang untuk untuk hp kentang,1
2026-05-08 01:13:03,"My suggestion is that when you want to increase your rank, there should be no challenges. This makes some players frustrated and choose not to play this game. So my suggestion is to remove the challenges.",2
2026-05-08 01:12:58,papji sisen 1 Masi tergiang ngk terlalu banyak fitur d pbg jeleknya pbg setiap abdet makin ke sini makin ngikutin gem sebelah kembalikan ke awal pbg pasti pemain lama bakal main kembali,1
2026-05-08 00:45:26,fitur grading gajelas.. enakan pubgm dulu,1
2026-05-08 00:34:08,game ini mantap jiwa kali,5
2026-05-08 00:18:24,karena tidak bisa masuk.,1
2026-05-07 23:04:38,best game,5
2026-05-07 23:01:49,gem sangat tolol gua udah habisi Koto 3 GB masi gak bisa login sangat bodoh.,1
2026-05-07 22:45:37,"Please make sure the super smooth feature works, because after using the super smooth feature, there is only framerate instability.",4
2026-05-07 22:38:55,kepada Devolevor.tolong lah hilang kan sistem gerding. nya.,5
2026-05-07 22:27:14,makij gede anjir penyimpanannya,5
2026-05-07 22:02:23,kok sekarang pubg skinnya kayak FF.😑 kangen pubg kayak taun 2018,4
2026-05-07 21:27:40,lumayan asik,5
2026-05-07 21:03:32,"akun saya kena hack sama orang lepas itu kena banned lagi saya tahu saya login pakai email google saya ada letak nomor dalam geme lagi, tapi waktu mau masuk gak boleh tolong bantu saya kembalikan akun saya, saya sudah lama main PUBG mobile itu Lo tolong balas terima kasih..🙏🙏🙏🙏",5
2026-05-07 20:38:34,tolong dong geme nya engga bisa di apdete padahal ada notifikasi geme harus di apdete apa hp Infinix 20 yang pake IOS engga bisa apdete ya🥹,1
2026-05-07 20:28:50,Giroskop ga bisa aktif caranya,1
2026-05-07 19:52:43,"game nya bagus kaliii,grafikkk nya edannn",5
2026-05-07 18:33:24,"saya mau tanya knpa saya tidak bisa login ya,setiap mau login selalu keluar sendiri, mohon solusi nya dong bos",5
2026-05-07 18:32:23,"kalo ngasih team random yang bener min,cape sendiri",2
2026-05-07 18:04:14,"bingung sama sistem poin, aku kill 8 hastag 2 cuman naik 6 poin, hastag 4 malah -2 aneh bngt game ny",1
2026-05-07 17:34:44,sangat jelek sekarang karna masuk laga aja lama banget berpuluh puluh menit,1
2026-05-07 16:39:56,walaupun bintang lima tapi ini parah sihh masalahnya sering ngbug masa giro bisa kebalik padahal pengantaran nya udh benar,5
2026-05-07 13:43:04,gredingnya diilangin aja coo ga,2
2026-05-07 12:28:45,"bagus game nya dari dulu ga pernah gagal, minus nya aga berat ga cocok buat ram 4 dan internal 64 sebenernya ho tw 4 64 bisa ga ngeleg walaupun modifikasi grafis jadi potato tapi di ban wok, pubg plis lah banyak olayer ho kentang oengen cb pubg salah satunya gw",4
2026-05-07 12:21:10,game gampang.,5
2026-05-07 11:40:47,"Game Haram, Mati keluar Asap, Mending main pou",1
2026-05-07 11:38:19,"saya duluh suka bget sama PUBG tpi setelah ada peraturan yang ngga masuk di akal dan mempersulit untuk naik rank jadi malas main pubg padahal saya sudah habis berapa juta untuk beli skin skin bagus dari senjata dan exsuit,makin hari makin membosan kan pubg mobile duluh kami suka main bareng buat turnamen di kedai kopi waktu itu rame baget tpi,skrng saya sendirian main pubg nya teman teman sudah pada berhenti main PUBG 🥺 karna pubg makin jauh makin ribet dan membosankan kata teman teman ku",1
2026-05-07 10:42:33,hapus gereding lah gua main udah sisen pertama,1
2026-05-07 09:46:33,game kikir,1
2026-05-07 08:08:01,"makin kesini makin sulit untuk naikin rank, dari Ace master mau ke Ace dominator. harus menang sistem grading 4x berturut-turut, dan sistem perlindungan bintangnya cmn sekali. saya udah sering menang 3x, pas kalah malah di reset lagi jadi 0 lagii. Jadi cepat bosan main kalau gini jadinya, gak seru sama sekali. sedangkan kalau ketemu player pd top global, apa setara buat orang yg lagi berusaha naikin grading.",1
2026-05-07 06:16:45,saya sudah lama bermain pung sejak 2019 tapi semakin lama pubg semakin berat mungkin ini alasan kenapa pubg sekarang sepi,1
2026-05-07 05:49:42,mantap seru game nya,5
2026-05-07 03:02:29,tolong lah ngelek di kurangi buat hp kentang biar bisa main .... biar rame lagi🙏🙏🙏🙏,5
2026-05-07 02:41:33,game ya ga seru soalnya bisa ngambil baju orang,1
2026-05-07 01:50:17,kenapa saya ketika ngepeak lalu membuka scop ga bisa nembak ya. anj bangett,1
2026-05-06 23:46:24,ini kenapa kok ngerecord layar gak ada suaranya,1
2026-05-06 23:30:02,MODE KABUTNYA DI HAPUS SAJA...!!!,1
2026-05-06 22:58:24,"dari sekian banyak game,cuma game ini developernya suka gangguin player main..apalagi gue, hampir di setiap match gue di gangguin terus sama developer pubg yang memantau gameplay player.. ga di bolehin ngekill di atas 10 ..kalo gue udah ngekill di atas 10,pasti tombol fire,kamera dan scope tidak bisa di apa2in kalo pakai analog.. selalu kayak gitu.. TOLONGLAH TENCENT PECAT KARYAWAN KAU YANG KURANG AJAR ITU..gara2 karyawan kau itu game ini tidak terlalu menarik lagi di mainkan..",1
2026-05-06 22:34:59,Hapus grading atau promosi rank plis,1
2026-05-06 22:02:25,"sudah gak asyik,, naik ke tier ace ajah di bikin ribet",1
2026-05-06 20:58:08,"game jelek lama cari pemain, sekalinya dapat tim GK sesuai sama tier GK adil. dan juga game aneh masa akun di ban, alasan download data tidak sesuai. lah kan saya download di sini knp saya diban. game aneh. jelek",1
2026-05-06 20:17:25,saya suka gem ini,5
2026-05-06 19:33:36,botnya tolong agak dikurangin auto aimnya gue tau biar keliatan kek player cman masa pas terbang baru direcall aja darah sekarat headshot semua padahal ngejauh itu masih kena aja damagenya klo player mah mungkin terima aja itu pun biasanya masih banyak Miss nya ini pluru nempel semua bot,2
2026-05-06 18:51:36,game yang sangatt baik🤡,5
2026-05-06 18:49:02,ini game pertama terbaik yang pernah ku mainkan!!!,5
2026-05-06 18:20:39,terlalu berat di season 4.4 lebih ringan di season kemarin di 4.3,4
2026-05-06 18:08:18,pengen main cuman chipset gk mendukung wkwk,5
2026-05-06 17:50:59,game bagus kalo hp lu bagus,5
2026-05-06 17:26:51,"segi semuanya udh oke... permintaan saya cuma 2,kalo bikin tim yang bener dikit, lagi ngepush malah turun terus gara gara tim gak ada yang bener ( random ). Terus kedua MUSUH, kalo udh tau tim nya random terus gabisa mainnn, tolongggg bangettt deh, musuhnya seimbangin sama tim dong, kalo yg baru main trus udh ketemu musuh UR LEGEND gmn?, fix dlu tim & musuhnya udh kesekian kali saya minta ini harap di baca",2
2026-05-06 17:25:26,Hallo PUBG mobile.... tolong adakan lagi event Godzilla x Kong dengan tambahan mode malam pasti seru,1
2026-05-06 16:44:49,tolong bot nya sangat sakit cuma 2 kali tembak langsung kenok,5
2026-05-06 16:13:10,grading macam kontolll,3
2026-05-06 15:38:31,pantas pada ninggalin pubg 30 menit mencari laga,1
2026-05-06 15:33:33,"pengen main lancar tapi device-nya kurang sanggup, mau upgrade device ekonomi lagi sulit",5
2026-05-06 14:53:26,"gmna ini, masa download data make wifi gbisa katanya server tidak merespon, masa harus make vpn selalu, mo make data jg boros banget. Baru kali ini ngalamin gni, tolong lh min perbaiki, pdhal udh main ni game dri 2018.",3
2026-05-06 14:17:19,"dulu sering main tapi sekarang dah pensi ,karena ga ada kawan,coba random ternyata random toxic semua merasa jago dan merendahkan bikin ga lagi mood maen PUBG,apakah emang game ini mencetak random yg ga beradab...",3
2026-05-06 13:32:53,"game perang yang terbaik, dan real tidak memakai skill(kemampuan) game perang sesungguhnya, keren..",5
2026-05-06 13:29:39,semoga update berikutnya baik,5
2026-05-06 12:43:07,Mau maen nikmati game aja harus susah payah... pake sistem tes sebelum naik tier... musuhnya juga para pro player kayaknya... bikin gak seru buat kami yang maen buat hiburan,5
2026-05-06 10:57:36,game fps tapi banyak bug nya,1
2026-05-06 10:00:09,BAD GAME EVER,1
2026-05-06 09:02:53,"lu kalau bikin iklan niat dikit lah, iklan gak jelas masih tayang, mana sering muncul",1
2026-05-06 08:43:14,sistem grading sampah semoga makin sepi ni game,1
2026-05-06 08:39:06,"game ampas , lawannya bot semua",1
2026-05-06 06:42:43,seru,5
2026-05-06 05:30:39,"game ini sudah banyak update²nya yg bagus, dan mohon developer untuk mengaktifkan opsi 120fps untuk samsung A36",5
2026-05-06 05:15:29,Good job PUBG MOBILE,5
2026-05-06 04:40:20,More event for f2p .. Thanks,5
2026-05-06 02:20:51,biar di baca kenapa ada aturan pake waktu istirahat baru juga main beberapa mennit sudah suruh istirahat tolong gak usah pake ada aturan kaya gitu ter ganggu jadinya,5
2026-05-06 01:55:45,"HILANGKAN SISTEM GRADING, KARNA MEMBUAT PERMAINAN MENJADI MONOTON DAN MEMBOSANKAN, PLAYER HANYA MENUNGGU AGAR BISA MENCAPAI SYARAT GRADING MEMBUAT PUBG MENJADI TIDAK ADA WAR YANG MENYENANGKAN",1
2026-05-06 00:53:01,"Min, kenapa kalau saya mau record game pubg tidak ada suaranya? saya mau jadi content creator pubg susah ini, tiap record ga ada suaranya. Padahal record game lain lancar² saja, ada suaranya. Tapi kenapa kalau pubg ga bisa? tidak mau men support content creator pubg mobile kah?",1
2026-05-06 00:37:22,terlalu berat tidak seperti konsep awal nya ( Mobile ),1
2026-05-06 00:01:35,"lama ngga main, skarang main tambah cakep",5
2026-05-05 23:56:19,"Tolong minta solusinya, Jadi akun Pubg saya di hack orang, dan saya sedang berusaha untuk kirim aduan akun diretas tapi masih di tolak, dan selama proses itu akun saya di mainkan, dan sekarang malah akunnya kena banned, jadi karena kena banned, saya tidak bisa lagi memproses aduan saya karena akunnya kena banned, jadi tolong solusinya, apakah saya masih bisa mendapatkan akun saya kembali??",4
2026-05-05 23:36:50,"makin kesini makin besar aja gamenya malah jadi pada pensi pemain lama mending dibuat kaya pas awal2 ringan bisa dimainkan semua kalangan gak kaya sekarang, makanya banyak orang pensi main game ini",1
2026-05-05 23:12:15,oakayy,5
2026-05-05 22:57:19,greding terlalu sulit selalu aja mati kalu kak tertembak kena zona atau redzon bikin males main tolong hilangkan aja greding ya seperti semula,1
2026-05-05 22:37:04,sering tegang sendiri padahal sdh pke wifi masih tegang tegang main nya...,1
2026-05-05 22:02:30,"assalamu'alaikum kravton hari ini aku tidak bisa login menggunakan wifi, padahal jaringan wifi ku bagus saat buka yang lain, tapi ketika aku ingin log in pubg malah gk bisa masuk, kalo mau masuk atau log in aku bisanya pakai data seluler gk bisa pakai wifi tolong perbaiki masalah ku karna aku ingin bermain menggunakan wifi🙏🙏👍",2
2026-05-05 20:44:26,"sudah lama gak main,skrg br buka aplikasi malah diminta login. dan parahnya login sj dipersulit😡 jgn cm minta maaf,tlg game ini dipermudah",1
2026-05-05 20:17:07,tolong dong jangan suka download otomatis meski sudah di nonaktifkan download otomatis nya masih saja selalu download otomatis,1
2026-05-05 19:24:37,Game nya Bagus Tapi Tolong di optimalkan Lagi Untuk Performa nya Karena Saat perang suka Tiba Tiba Frame Drop Tolong di optimalkan Lagi,5
2026-05-05 19:14:05,Bring back friendly fire,1
2026-05-05 19:01:31,"tambah update tampah banyak tingkah, udah gitu susah mau naik pangkat , kembalikan pubg yang dulu",2
2026-05-05 18:35:20,game nya keren🤙,1
2026-05-05 18:08:42,"game ini sebenarnya seru. cuman makin kesini update dan sistem naik tire agak membebani player yang notabenenya player dengan device dibawah flagship. pantas saja makin kesini player makin sepi. tolong perbaiki masalah download otomatis yg meresahkan,padahal udah disetting off download otomatis tapi tetep download sendiri. and please hapus ajh tuh sistem naik tair yg meresahkan",1
2026-05-05 17:00:50,mantap,5
2026-05-05 16:49:30,game jelek 🤢🤮 gak bagus gak bisa masuk padahal penyimpanan Suda ringan,1
2026-05-05 16:36:02,geme bagus,5
2026-05-05 16:07:46,aplikasi game yang sangat keren,5
2026-05-05 15:27:40,"okelah, makin keren",5
2026-05-05 14:34:09,"sistem update rank Graiding mu bikin nyusahin Orang,orang makin stress kalau begini2 caranya Game setan",1
2026-05-05 13:17:46,ngga bisa grading ke ace master gimana ini? ngga ada centang nyaa,5
2026-05-05 13:00:07,"kebanyakan fitur sekrang gamplay nya jadi aneh , jalan nya aja kaya bug kadang cepet kadang lambat",1
2026-05-05 12:43:42,"Brothers & Sisters of PUBG Worldwide!When will PUBG release its OFFICIAL TOKEN like other successful crypto projects?Imagine a real Play-to-Earn system where: Veteran players finally get the rewards they deserve Old players who dropped the game years ago come back stronger Every Chicken Dinner, kill, and survival actually earns you real crypto tokensThis is not just another update. This is THE PUBG REVOLUTION!We are the ones who made PUBG explode globally.",5
2026-05-05 12:43:36,game kikir,1
2026-05-05 12:38:47,"PUBGM!!Pusat unduhan kenapa ke download sendiri?,padahal udah nonaktifkan preload sumber daya versi baru,pengunduhan otomatis sudah di nonaktifkan,metode unduhan udah ubah ke hanya data,preferensi download pintar semua udah di nonaktif tetap aja ke download sendiri,saya udh hapus lagi ke download sendiri lagi gitu mulu terus, lama-kelamaan kesal juga..TOLONG DI PERBAIKI PUBGM!!!",1
2026-05-05 11:33:19,"Tolong lah PUBG buat matchmaking nya di percepat. masa nungguin 5 menit lebih baru bisa masuk ke pertempuran, itu pun main squad Rank, kalau solo mungkin setengah jam. Jadi tolong di percepat matchmaking nya agar kami para pemain tidak bosan menunggu, kan jadi males kalau nunggu. Ngasih Bot AI ke dalam game pun gak apa apa buat nambah pemain yang penting Cepatin matchmaking nya Plisss🙏",4
2026-05-05 11:15:56,gajelas sinyal dah kenceng malah lag sialan gatau dari by. u nya atau server pubg nya,1
2026-05-05 11:06:13,"Terimakasih Krafton PUBGM sekarang sudah lebih lancar dari sebelumnya, cuman sedikit keluhan saya...mengapa saat turun di pochinki kadang karakter ku sudah sampai tanah tapi bangunan & tanahnya kaya burik banget sampai ngga keliatan itu bangunan apa, ini sering bikin aku kalah di game😇, terus buat lobby...spertinya fitur ""peningkatan grafis lobby"" tidak terlalu berpengaruh di HP low - mid range, bisa ditingkatkan lagi yaa, segitu aja sih...overall aku tetep suka, terimaksih Krafton🥰😘 ★5",5
2026-05-05 07:20:45,game kikir asw,1
2026-05-05 05:33:49,SISTEMM GRADING HAPUSS ANJINGGG GUA CAPEKKK STACK DI ACE MASTER,1
2026-05-05 04:43:37,jelek,1
2026-05-05 03:28:18,"bot lu kuranganin, sok asik",1
2026-05-05 02:17:24,"penyimpanan makin lama makin gede,dulu 2020 blm Segede sekarang... padahal mau nostalgia lagi",5
2026-05-05 01:23:41,bagus,5
2026-05-05 01:07:45,"ngelag parahh,sinyal bagus,pakai wifi juga ngelag parah,terus pengalaman bermain jadi kurang nyaman karna ngelag atau bug ini.",1
2026-05-04 23:42:12,"Kenapa sekarang harus ad sistem promotion match anjg,Gw capek udh ngendok masih gagal. Ayolah minimal otak di pakek,gk semua player tuh jago anjg.naikin rank udh susah di tambah lgi ini lama-lama orang jdi mls push rank klo gini caranya. Gua aja yg sebagai player old dari season 3 ngerasa makin kesini makin di persulit buat push rank,orang main game buat seneng-seneng klo kayak gini caranya cuma buat emosi doang. Jujur gw kecewa sama tencen game udah lepas PUBG untuk krafton.",1
2026-05-04 23:39:41,saya tidak bisa download pubg mobile,3
2026-05-04 22:11:22,game paling bagus terimakasih pubg,5
2026-05-04 22:06:49,game ini seru sekali,5
2026-05-04 22:00:14,mending gak usah pakai harus naik ter segala cuma bikin para pleyer ngendok z malah bikin game ini gak seru karena kebanyakan pleyer milih pada ngendok karena takut gak bisa naik ter,1
2026-05-04 21:58:20,"saya kasih bintang 5 karna udah main selama 7 tahun di game ini, cuman gacha skin zonk mulu. wkwkwk",5
2026-05-04 21:49:04,kikir last boss,5
2026-05-04 21:45:58,ini game bagus banget wok lu yang rating 1-3 lu kocak sih game bagus gini malah di rating rendah pasti yang rating gitu kebanyakan bocil ml sama ff,5
2026-05-04 21:33:18,game bagus yang telah menemani 7 tahun hidup saya,5
2026-05-04 21:30:01,🤙🤙🤙🤙🤙,5
2026-05-04 20:52:33,tingkat kn lagi ketua..byar lebih terang,5
2026-05-04 20:43:53,bagus bagus,5
2026-05-04 20:27:38,gameya mantap tapi hp gw gak mantap kaya mesin cukur bjir dahlah,3
2026-05-04 20:03:42,"Game bagus , sayangnya hp gw gak mendukung",4
2026-05-04 20:00:12,ini sangat seru di banding ff,5
2026-05-04 19:36:50,"min saya mau spin galcier ,bagi min m4 glacier😭🤣",5
2026-05-04 19:22:13,bagus bagus gamenya,5
2026-05-04 19:04:48,game nya bagus tapi saya sarankan tambahkan mode layar penuh,4
2026-05-04 18:16:02,Gamenya nguawor jika di main kan bersama teman 😹,5
2026-05-04 17:54:58,gemnya sangan Buri masa ada pintunya itumau perang ataumau menyambut tamuA,1
2026-05-04 16:33:05,"terlalu banyak cheater, padahal sudah direport, tapi tidak ada feedback dan cheater tetap merajalela",1
2026-05-04 16:32:57,Kalian pikir grading bikin orang tertantang? gak! cek aja datanya player meninggalkan game ini!,1
2026-05-04 16:22:46,"makin sini makin gk jelas aja masa boot demeg nya tinggi banget, sampe kill player udah mah tiba"" nongol dari tebing curam di kepung kiri kanan depan belakang, hadeuuh gk jelas banget",1
2026-05-04 15:46:57,Tidak seru,1
2026-05-04 15:22:37,"makin diup makin ngk ngotak ni game gw udh lama main baru sekarang sebosen ini main ini game bukan karena game ny jelem tp knp harus ada sistem grading nya , ini yg makin bikin membosankan kan udh harus masuk 10 bsar udh capek"" ngepush ampk 3x pass mau nyari yg k 4 malah masuk 15 besar dah lansung hilng semuanya percuma ampk mata item ngk ada prubahan sma skli",1
2026-05-04 15:17:14,"tidak jadi,sekarang game ini sudah bagus,ff jadi game judi",5
2026-05-04 14:56:37,Perangkat ku dapat bug dan cheat dari pemain gelap tolong cepat di basmi dong!,1
2026-05-04 14:04:28,game favorit 👌,5
2026-05-04 13:07:55,yang paling penting jangan sampai pemain menggunakan ceater,4
2026-05-04 12:39:11,"Gk bisa login di Poco F7 pake wifi,pdhl wifi yg gw pake gk ada masalah sama sekali. Emang udh paling betul pensi dari game ampas ini.",1
