Tanggal,Teks_Ulasan,Rating,Teks_Bersih,Teks_Stopword,Teks_Stemming
2026-05-27 08:39:16,"game pelit, gacha gilt 72× isinya sampah semua",1,game pelit gacha gilt isinya sampah semua,pelit gacha gilt isinya sampah,pelit gacha gilt isi sampah
2026-05-27 08:33:26,ok juga,2,ok juga,ok,ok
2026-05-27 08:27:05,mantap banget grafik nya keren,5,mantap banget grafik nya keren,mantap grafik keren,mantap grafik keren
2026-05-27 08:11:47,game bagus halalw,5,game bagus halalw,bagus halalw,bagus halalw
2026-05-27 06:51:15,game menarik kurangnya event nya yg kurang memuaskan,5,game menarik kurangnya event nya yg kurang memuaskan,menarik kurangnya event memuaskan,tarik kurang event muas
2026-05-27 06:18:52,game kontol,1,game kontol,kontol,kontol
2026-05-27 04:53:45,Tch nandayo koitse,4,tch nandayo koitse,tch nandayo koitse,tch nandayo koitse
2026-05-27 04:24:55,di sayang kan sinyalnya di perbaiki,5,di sayang kan sinyalnya di perbaiki,sayang sinyalnya perbaiki,sayang sinyal baik
2026-05-27 04:20:26,"game ngantuk dan kikir saya heran masih ada yang mau memainkannya, ayo pindah delta force!!!",5,game ngantuk dan kikir saya heran masih ada yang mau memainkannya ayo pindah delta force,ngantuk kikir heran memainkannya ayo pindah delta force,ngantuk kikir heran main ayo pindah delta force
2026-05-27 03:37:53,"wey gimna nih akun ku yg login facebook kok gak bisa di buka,, macam mana ini,, izin login yg bisa cuman lewat gmail,, sedangkan akun ku yg satu nya cuman login FB mana udah top up banyak lagi",2,wey gimna nih akun ku yg login facebook kok gak bisa di buka macam mana ini izin login yg bisa cuman lewat gmail sedangkan akun ku yg satu nya cuman login fb mana udah top up banyak lagi,wey gimna nih akun ku login facebook buka izin login cuman gmail akun ku cuman login fb top up,wey gimna nih akun ku login facebook buka izin login cuman gmail akun ku cuman login fb top up
2026-05-27 03:04:55,seru banget,5,seru banget,seru,seru
2026-05-27 02:17:45,HAPUS GRADING KNTOLL,1,hapus grading kntoll,hapus grading kntoll,hapus grading kntoll
2026-05-27 00:38:21,"saya gak bisa login , hanya stuck di loading 😓🫩",1,saya gak bisa login hanya stuck di loading,login stuck loading,login stuck loading
2026-05-27 00:02:37,"cuma buat tes hp baru aja, game play nya jauh lebih enak free fire. petualangannya sih bagus, cuma lebih suka perangnya saja",1,cuma buat tes hp baru aja game play nya jauh lebih enak free fire petualangannya sih bagus cuma lebih suka perangnya saja,tes hp play enak free fire petualangannya bagus suka perangnya,tes hp play enak free fire tualang bagus suka perang
2026-05-26 23:47:35,game rusak,1,game rusak,rusak,rusak
2026-05-26 23:25:54,grinding idiot ajg,1,grinding idiot ajg,grinding idiot ajg,grinding idiot ajg
2026-05-26 22:44:58,"makin jelek game pubg sekarang pakai ada greding segala makin kesini makin gak seru kecewa kita dengan game pubg sekarang bukan heppy yg di dapat atau kesenangan ,ada nya greding bikin player makin ngendok bikin bosen gk kaya dulu seson awal² seru",2,makin jelek game pubg sekarang pakai ada greding segala makin kesini makin gak seru kecewa kita dengan game pubg sekarang bukan heppy yg di dapat atau kesenangan ada nya greding bikin player makin ngendok bikin bosen gk kaya dulu seson awal seru,jelek pakai greding kesini seru kecewa heppy kesenangan greding player ngendok bosen gk kaya seson seru,jelek pakai greding kesini seru kecewa heppy senang greding player ngendok bosen gk kaya seson seru
2026-05-26 22:32:01,bot nya kurangi lah eventnya jelek lebih baik kasih event tanpa merubah map dengan memberikan loot lebih banyak di daerah tertentu,3,bot nya kurangi lah eventnya jelek lebih baik kasih event tanpa merubah map dengan memberikan loot lebih banyak di daerah tertentu,bot kurangi eventnya jelek kasih event merubah map loot daerah,bot kurang eventnya jelek kasih event rubah map loot daerah
2026-05-26 22:12:17,"gw main dr season 4,Alhamdulillah betah sampe sekarang,min tolong ram nya di perkecil,biar temen gw yg android ram kecil bisa main lagi",5,gw main dr season alhamdulillah betah sampe sekarangmin tolong ram nya di perkecilbiar temen gw yg android ram kecil bisa main lagi,main dr season alhamdulillah betah sampe sekarangmin tolong ram perkecilbiar temen android ram main,main dr season alhamdulillah betah sampe sekarangmin tolong ram perkecilbiar temen android ram main
2026-05-26 21:47:02,gatau males pengin main ml,1,gatau males pengin main ml,gatau males pengin main ml,gatau males pengin main ml
2026-05-26 21:39:21,👍,5,,,
2026-05-26 21:36:08,"seru juga nih, tapi ada masalah di jaringan aja nih tolong di optimalkan",4,seru juga nih tapi ada masalah di jaringan aja nih tolong di optimalkan,seru nih jaringan nih tolong optimalkan,seru nih jaring nih tolong optimal
2026-05-26 21:16:33,gamenya susah,1,gamenya susah,gamenya susah,gamenya susah
2026-05-26 20:35:37,"tolong lah bug bug nya di hilangkan,nyesek kali rasanya habis top up mau push rank ada aja penyakit nya,paling ngeselin bug jaringan,padahal sinyal bagus tapi bisa bisa nya loading,konyol kali bug nya",1,tolong lah bug bug nya di hilangkannyesek kali rasanya habis top up mau push rank ada aja penyakit nyapaling ngeselin bug jaringanpadahal sinyal bagus tapi bisa bisa nya loadingkonyol kali bug nya,tolong bug bug hilangkannyesek kali habis top up push rank penyakit nyapaling ngeselin bug jaringanpadahal sinyal bagus loadingkonyol kali bug,tolong bug bug hilangkannyesek kali habis top up push rank sakit nyapaling ngeselin bug jaringanpadahal sinyal bagus loadingkonyol kali bug
2026-05-26 19:54:21,"pliss ilangin aja mode grading menurut ku itu cuman bikin turun KD,emang betul Rank yg bakal nambah naik tapi KD ancur2an cumn demi naik rank.. kan orang2 pada ngendok semuaaaa!! pliss lah PUBG plisss hapus grading itu capek nihh😭😭 semenjak ada grading jujur nih KD gw malah hancur..capek ama PUBG skrg..🥱",3,pliss ilangin aja mode grading menurut ku itu cuman bikin turun kdemang betul rank yg bakal nambah naik tapi kd ancuran cumn demi naik rank kan orang pada ngendok semuaaaa pliss lah pubg plisss hapus grading itu capek nihh semenjak ada grading jujur nih kd gw malah hancurcapek ama pubg skrg,pliss ilangin mode grading ku cuman turun kdemang rank nambah kd ancuran cumn rank orang ngendok semuaaaa pliss plisss hapus grading capek nihh semenjak grading jujur nih kd hancurcapek ama skrg,pliss ilangin mode grading ku cuman turun kdemang rank nambah kd ancuran cumn rank orang ngendok semuaaaa pliss plisss hapus grading capek nihh semenjak grading jujur nih kd hancurcapek ama skrg
2026-05-26 19:49:19,aku pemain lama udah 8thn kecewa tidak di kasih baju gilt dan xsuitnya kalau nanti tidak di kasih baju gilt ala gladiator fiks saya akan berhenti main pubgm😭😭😭😭😭😭,1,aku pemain lama udah thn kecewa tidak di kasih baju gilt dan xsuitnya kalau nanti tidak di kasih baju gilt ala gladiator fiks saya akan berhenti main pubgm,pemain thn kecewa kasih baju gilt xsuitnya kasih baju gilt ala gladiator fiks berhenti main pubgm,main thn kecewa kasih baju gilt xsuitnya kasih baju gilt ala gladiator fiks henti main pubgm
2026-05-26 19:39:54,bagus tapi gak bisa di buka eror,1,bagus tapi gak bisa di buka eror,bagus buka eror,bagus buka eror
2026-05-26 18:42:18,game haram jangan buat mainnin pas bulan ramadhan,1,game haram jangan buat mainnin pas bulan ramadhan,haram mainnin ramadhan,haram mainnin ramadhan
2026-05-26 18:41:17,matchmaking terlalu lama sampai 9 menit. dan gagal,1,matchmaking terlalu lama sampai menit dan gagal,matchmaking menit gagal,matchmaking menit gagal
2026-05-26 18:40:43,"aturan tambah gak jelas ini,email bener² aktif di bilang tidak aktif kocak ni server bodoh,peraturan juga bodoh,login email di bilang salah akun koplak🤬🤬",1,aturan tambah gak jelas iniemail bener aktif di bilang tidak aktif kocak ni server bodohperaturan juga bodohlogin email di bilang salah akun koplak,aturan iniemail bener aktif bilang aktif kocak ni server bodohperaturan bodohlogin email bilang salah akun koplak,atur iniemail bener aktif bilang aktif kocak ni server bodohperaturan bodohlogin email bilang salah akun koplak
2026-05-26 18:18:39,77 8i k,5,i k,i k,i k
2026-05-26 17:16:21,kacau hampir tiap hari updet mulu apk makin berat pantesan player pubg sekarang beekurang trus banyak skin yang aneh aneh kaya game ff gak seruu,1,kacau hampir tiap hari updet mulu apk makin berat pantesan player pubg sekarang beekurang trus banyak skin yang aneh aneh kaya game ff gak seruu,kacau updet mulu apk berat pantesan player beekurang skin aneh aneh kaya ff seruu,kacau updet mulu apk berat pantesan player beekurang skin aneh aneh kaya ff seruu
2026-05-26 16:01:52,pubg game haram mending main game gta san andreas,1,pubg game haram mending main game gta san andreas,haram mending main gta san andreas,haram mending main gta san andreas
2026-05-26 14:49:26,game baperan,3,game baperan,baperan,baperan
2026-05-26 14:14:22,"game ini sangat baik di mainkan dan baik Skali untuk mengasah otak dengan mencari senjata dan menembak musuh baik itu di licik atau di rangjer petanya juga sangat banyak game PUBG ini ngga ada yang kalahin kalau di game game PUBG ini lebih baik dari dari manapun itu kalau dari saya game PUBG ini tetap game nomor 1 se dunia stau SE alam semesta,buat yang membuat game PUBG ini aku berterimakasih sekali kepada xprmbuat game ini, jika game ini tidak ada saya tidak akan merasakan bermain game PUBG.🤍",5,game ini sangat baik di mainkan dan baik skali untuk mengasah otak dengan mencari senjata dan menembak musuh baik itu di licik atau di rangjer petanya juga sangat banyak game pubg ini ngga ada yang kalahin kalau di game game pubg ini lebih baik dari dari manapun itu kalau dari saya game pubg ini tetap game nomor se dunia stau se alam semestabuat yang membuat game pubg ini aku berterimakasih sekali kepada xprmbuat game ini jika game ini tidak ada saya tidak akan merasakan bermain game pubg,mainkan skali mengasah otak mencari senjata menembak musuh licik rangjer petanya ngga kalahin manapun nomor dunia stau alam semestabuat berterimakasih xprmbuat merasakan bermain,main skali asah otak cari senjata tembak musuh licik rangjer peta ngga kalahin mana nomor dunia stau alam semestabuat berterimakasih xprmbuat rasa main
2026-05-26 13:43:38,server bapuk,1,server bapuk,server bapuk,server bapuk
2026-05-26 12:57:56,mirip ff,4,mirip ff,ff,ff
2026-05-26 12:55:55,"kepada game Pubg yang terhormat: TOLONG DITAMBAHKAN TOMBOL (AUTO SCOPE) karena saya player 2 jari, saya kesulitan saat memainkan game ini. mohon tombol auto scopenya ditambahkan, terima kasih.🙂",5,kepada game pubg yang terhormat tolong ditambahkan tombol auto scope karena saya player jari saya kesulitan saat memainkan game ini mohon tombol auto scopenya ditambahkan terima kasih,terhormat tolong tombol auto scope player jari kesulitan memainkan mohon tombol auto scopenya terima kasih,hormat tolong tombol auto scope player jari sulit main mohon tombol auto scopenya terima kasih
2026-05-26 12:52:19,game burik banyak orang ngedok,1,game burik banyak orang ngedok,burik orang ngedok,burik orang ngedok
2026-05-26 12:15:34,Lukman Bima Ntb (Lukman HJaharudin),5,lukman bima ntb lukman hjaharudin,lukman bima ntb lukman hjaharudin,lukman bima ntb lukman hjaharudin
2026-05-26 11:59:16,di hp redmegic lancar jaya grafik super smooth dan extreme,5,di hp redmegic lancar jaya grafik super smooth dan extreme,hp redmegic lancar jaya grafik super smooth extreme,hp redmegic lancar jaya grafik super smooth extreme
2026-05-26 11:42:29,semenjak.4.4 saya main bug dan patah2.ngelat parah.mau beli hp sesuain masi belum mampu.saya pakai samsung m30s sudah tidak kuat lagi untuk bermain,5,semenjak saya main bug dan patahngelat parahmau beli hp sesuain masi belum mampusaya pakai samsung ms sudah tidak kuat lagi untuk bermain,semenjak main bug patahngelat parahmau beli hp sesuain masi mampusaya pakai samsung ms kuat bermain,semenjak main bug patahngelat parahmau beli hp sesuain mas mampusaya pakai samsung ms kuat main
2026-05-26 11:19:43,gem ini sangat bagus dan menyenangkan,5,gem ini sangat bagus dan menyenangkan,gem bagus menyenangkan,gem bagus senang
2026-05-26 11:18:22,musuh nya boot semua,2,musuh nya boot semua,musuh boot,musuh boot
2026-05-26 10:37:17,miss pubg before,5,miss pubg before,miss before,miss before
2026-05-26 10:27:26,bagus,5,bagus,bagus,bagus
2026-05-26 10:13:28,"tolong developer nya kenapa UC saya tiba² berkurang sendiri pdahal tidak digunakan, tolong lah kita beli UC mengunakan uang sungguhan,UC saya berkurang kisaran 300 UC kurang dikit, tolong perbaiki sistem keamanan",5,tolong developer nya kenapa uc saya tiba berkurang sendiri pdahal tidak digunakan tolong lah kita beli uc mengunakan uang sungguhanuc saya berkurang kisaran uc kurang dikit tolong perbaiki sistem keamanan,tolong developer uc berkurang pdahal tolong beli uc mengunakan uang sungguhanuc berkurang kisaran uc dikit tolong perbaiki sistem keamanan,tolong developer uc kurang pdahal tolong beli uc mengunakan uang sungguhanuc kurang kisar uc dikit tolong baik sistem aman
2026-05-26 09:17:40,I em like pubg,5,i em like pubg,i em like,i em like
2026-05-26 08:29:08,game mandang sosial,1,game mandang sosial,mandang sosial,mandang sosial
2026-05-26 08:08:37,ikut ikutan epep dih,1,ikut ikutan epep dih,ikutan epep dih,ikut epep dih
2026-05-26 08:03:26,"saat bermain game, saya merekam permainan untuk satu match, tapi hasil rekaman suaranya tidak normal hanya terdengar seperti angin ribut, padahal sebelumnya baik2 saja, mungkin setelah update sedikit pembaruan saat membuka game",3,saat bermain game saya merekam permainan untuk satu match tapi hasil rekaman suaranya tidak normal hanya terdengar seperti angin ribut padahal sebelumnya baik saja mungkin setelah update sedikit pembaruan saat membuka game,bermain merekam permainan match hasil rekaman suaranya normal terdengar angin ribut update pembaruan membuka,main rekam main match hasil rekam suara normal dengar angin ribut update baru buka
2026-05-26 07:40:28,game paling pelit yang pernah gua mainin,1,game paling pelit yang pernah gua mainin,pelit mainin,pelit mainin
2026-05-26 07:38:20,"Bintang 1. Game penuh manipulasi. Bot-nya bukan buat mengisi slot tapi buat memanipulasi gameplay. Tiba-tiba jadi aimbot (instan headshot) cuma buat bikin player panik dan kalah. Bukan game skill, tapi game scripted. Percuma main serius kalau sistemnya curang. Uninstalled.",1,bintang game penuh manipulasi botnya bukan buat mengisi slot tapi buat memanipulasi gameplay tibatiba jadi aimbot instan headshot cuma buat bikin player panik dan kalah bukan game skill tapi game scripted percuma main serius kalau sistemnya curang uninstalled,bintang penuh manipulasi botnya mengisi slot memanipulasi gameplay tibatiba aimbot instan headshot player panik kalah skill scripted main serius sistemnya curang uninstalled,bintang penuh manipulasi bot isi slot manipulasi gameplay tibatiba aimbot instan headshot player panik kalah skill scripted main serius sistem curang uninstalled
2026-05-26 06:48:42,Mantap,5,mantap,mantap,mantap
2026-05-26 03:27:37,sangat luar biasa,5,sangat luar biasa,,
2026-05-25 23:18:40,gua download ini gara-gara encang Smith,4,gua download ini garagara encang smith,download garagara encang smith,download garagara encang smith
2026-05-25 23:09:51,Perfect game,5,perfect game,perfect,perfect
2026-05-25 22:28:19,"ini kenapa gw nga bisa login, udah di perbarui ulang tetep aja, nyampe 3x login harus ngulang dan ada waktu pula 300 detik gimna lah",3,ini kenapa gw nga bisa login udah di perbarui ulang tetep aja nyampe x login harus ngulang dan ada waktu pula detik gimna lah,nga login perbarui ulang tetep nyampe x login ngulang detik gimna,nga login baru ulang tetep nyampe x login ngulang detik gimna
2026-05-25 22:26:05,kenapa ngak seperti dulu game nya agak aneh rasanya main game ini sekarang musuhnya hebat hebat lagi nggak seperti dulu dulu ngak ada gyiro ataupun pakai handset tapi sekarang pakai handsed😭😭😭,5,kenapa ngak seperti dulu game nya agak aneh rasanya main game ini sekarang musuhnya hebat hebat lagi nggak seperti dulu dulu ngak ada gyiro ataupun pakai handset tapi sekarang pakai handsed,ngak aneh main musuhnya hebat hebat nggak ngak gyiro pakai handset pakai handsed,ngak aneh main musuh hebat hebat nggak ngak gyiro pakai handset pakai handsed
2026-05-25 22:21:21,makin kesini chiter makin merajalela aja delover tolong tingkatkan kemanan nya lagi chiter masi aja ada makin malas tuk bermain pubg kalo masih ada chiter dan hilangkan ipen ipen yang tidak jelas,2,makin kesini chiter makin merajalela aja delover tolong tingkatkan kemanan nya lagi chiter masi aja ada makin malas tuk bermain pubg kalo masih ada chiter dan hilangkan ipen ipen yang tidak jelas,kesini chiter merajalela delover tolong tingkatkan kemanan chiter masi malas tuk bermain chiter hilangkan ipen ipen,kesini chiter rajalela delover tolong tingkat keman chiter mas malas tuk main chiter hilang ipen ipen
2026-05-25 22:20:09,pubg menyenangkan apabila device mendukung,5,pubg menyenangkan apabila device mendukung,menyenangkan device mendukung,senang device dukung
2026-05-25 21:54:54,"kalau bikin game yang niat masa poin turun nya banyak banget, sekalinya poin kenaikan nya dikit banget nambah nya, itu yang bikin game lu sepi wkwkwkk🤣🤣🤣",1,kalau bikin game yang niat masa poin turun nya banyak banget sekalinya poin kenaikan nya dikit banget nambah nya itu yang bikin game lu sepi wkwkwkk,niat poin turun sekalinya poin kenaikan dikit nambah sepi wkwkwkk,niat poin turun sekali poin naik dikit nambah sepi wkwkwkk
2026-05-25 21:34:50,game nya bagus tapi size makin besar.,2,game nya bagus tapi size makin besar,bagus size,bagus size
2026-05-25 21:29:33,"ini game kebanyakan download habisin quota kaum miskin Bos.. dikit2 download padahal uda di download ,barusan main aman logout masuk lagi login minta unduh lagi.. skin sama item2 nya Bos",1,ini game kebanyakan download habisin quota kaum miskin bos dikit download padahal uda di download barusan main aman logout masuk lagi login minta unduh lagi skin sama item nya bos,kebanyakan download habisin quota kaum miskin bos dikit download uda download barusan main aman logout masuk login unduh skin item bos,banyak download habisin quota kaum miskin bos dikit download uda download barusan main aman logout masuk login unduh skin item bos
2026-05-25 21:19:33,"saya memainkan game ini, update membuat hp saya lag, sinyal terputus, grafis patah patah kejadian ini sangat merugikan saya. saya harap pihak pubg memperbaiki msalah ini secepatnya.",2,saya memainkan game ini update membuat hp saya lag sinyal terputus grafis patah patah kejadian ini sangat merugikan saya saya harap pihak pubg memperbaiki msalah ini secepatnya,memainkan update hp lag sinyal terputus grafis patah patah kejadian merugikan harap memperbaiki msalah secepatnya,main update hp lag sinyal putus grafis patah patah jadi rugi harap baik msalah cepat
2026-05-25 21:18:30,oke,5,oke,oke,oke
2026-05-25 20:27:59,kenapa gak bisa login login sih bug apa ini pubg menggunakan akun lain juga gak bisa login kenapa ini,1,kenapa gak bisa login login sih bug apa ini pubg menggunakan akun lain juga gak bisa login kenapa ini,login login bug akun login,login login bug akun login
2026-05-25 20:18:04,ok,5,ok,ok,ok
2026-05-25 20:10:28,"mencari lawanya kelamaan hampir dua menit, beda sama game ff",1,mencari lawanya kelamaan hampir dua menit beda sama game ff,mencari lawanya menit beda ff,cari lawa menit beda ff
2026-05-25 20:10:13,sudah waktunya hapus gem. 8 gb sudah ga mampu bos login aja susah. sudah terlalu lama main mungkin idah waktunya berenti. over even berat,1,sudah waktunya hapus gem gb sudah ga mampu bos login aja susah sudah terlalu lama main mungkin idah waktunya berenti over even berat,hapus gem gb bos login susah main idah berenti over even berat,hapus gem gb bos login susah main idah renti over even berat
2026-05-25 19:59:57,"ini bug servernya parah,login game malah cuma di loading screen lebih dari 10 menit gak masuk2 padahal wifi ok,sinyal jaringan ok perbaiki lah bug nya, jangan cuma banyakin event doang bug malah di biarin",1,ini bug servernya parahlogin game malah cuma di loading screen lebih dari menit gak masuk padahal wifi oksinyal jaringan ok perbaiki lah bug nya jangan cuma banyakin event doang bug malah di biarin,bug servernya parahlogin loading screen menit masuk wifi oksinyal jaringan ok perbaiki bug banyakin event doang bug biarin,bug servernya parahlogin loading screen menit masuk wifi oksinyal jaring ok baik bug banyakin event doang bug biarin
2026-05-25 19:55:47,makin ga jelas susah login jaringan bagus lancar ngestug di logo aja,1,makin ga jelas susah login jaringan bagus lancar ngestug di logo aja,susah login jaringan bagus lancar ngestug logo,susah login jaring bagus lancar ngestug logo
2026-05-25 19:50:32,"fix tombol fire nya, kadang nembak kadang enggak",2,fix tombol fire nya kadang nembak kadang enggak,fix tombol fire kadang nembak kadang,fix tombol fire kadang nembak kadang
2026-05-25 19:44:58,jelek anying,1,jelek anying,jelek anying,jelek anying
2026-05-25 19:40:13,terlalu banyak bot sudah tidak se seru dulu makin lama makin hilang keseruannya,2,terlalu banyak bot sudah tidak se seru dulu makin lama makin hilang keseruannya,bot seru hilang keseruannya,bot seru hilang seru
2026-05-25 19:17:34,"aneh deh pake wifi gak bisa gabung ke server, tapi pake jaringan data biasa bisa jadi annoying bgt",2,aneh deh pake wifi gak bisa gabung ke server tapi pake jaringan data biasa bisa jadi annoying bgt,aneh pake wifi gabung server pake jaringan data annoying,aneh pake wifi gabung server pake jaring data annoying
2026-05-25 19:04:30,"setelah ada update pembaruan one ui 8.5 pubgm tidak bisa di buka, apakah ini bug? kalo memang iya tolong diperbaiki",5,setelah ada update pembaruan one ui pubgm tidak bisa di buka apakah ini bug kalo memang iya tolong diperbaiki,update pembaruan one ui pubgm buka bug iya tolong diperbaiki,update baru one ui pubgm buka bug iya tolong baik
2026-05-25 19:04:09,gatau belum nyoba,1,gatau belum nyoba,gatau nyoba,gatau nyoba
2026-05-25 18:31:57,mantap sob,5,mantap sob,mantap sob,mantap sob
2026-05-25 18:07:53,Pada update berikutnya tolong berikan smooth 120 fps pada Xiaomi Pad 8,5,pada update berikutnya tolong berikan smooth fps pada xiaomi pad,update tolong smooth fps xiaomi pad,update tolong smooth fps xiaomi pad
2026-05-25 16:31:43,"apala cuma dapet fps cuma 30an kadang turun sampe 10, grafik juga udah super smooth😤",1,apala cuma dapet fps cuma an kadang turun sampe grafik juga udah super smooth,apala dapet fps an kadang turun sampe grafik super smooth,apala dapet fps an kadang turun sampe grafik super smooth
2026-05-25 16:03:28,teruntuk owner pubg mobile tolong perbaiki bug yang sering terjadi ini pas main mode solo di rank terus ubah ke squad dia malah gaada event & tempat recall suka aneh udah kaya epep aja lu banyak bug,5,teruntuk owner pubg mobile tolong perbaiki bug yang sering terjadi ini pas main mode solo di rank terus ubah ke squad dia malah gaada event tempat recall suka aneh udah kaya epep aja lu banyak bug,teruntuk owner mobile tolong perbaiki bug main mode solo rank ubah squad gaada event recall suka aneh kaya epep bug,untuk owner mobile tolong baik bug main mode solo rank ubah squad gaada event recall suka aneh kaya epep bug
2026-05-25 15:07:31,RP sekarang udah tidak bagus..rilis sekin m46.itu pun.lama...sekarang pun makin pahit sekin senjata ya..PUBG sekarang udah tidak memberi kesan bgus.untk di maenkan sama player baru..,5,rp sekarang udah tidak bagusrilis sekin mitu punlamasekarang pun makin pahit sekin senjata yapubg sekarang udah tidak memberi kesan bgusuntk di maenkan sama player baru,rp bagusrilis sekin mitu punlamasekarang pahit sekin senjata yapubg kesan bgusuntk maenkan player,rp bagusrilis sekin mitu punlamasekarang pahit sekin senjata yapubg kesan bgusuntk maenkan player
2026-05-25 15:02:11,"I thank Level Infinite because after Update 4.4, it is a little behind than before, I hope you can improve more changes that can make the game easier and smoother. Another thing I want is how can I stop downloading in pubg, I have stopped the automatic download but why is it still moving to download?",4,i thank level infinite because after update it is a little behind than before i hope you can improve more changes that can make the game easier and smoother another thing i want is how can i stop downloading in pubg i have stopped the automatic download but why is it still moving to download,i thank level infinite because after update it is a little behind than before i hope you can improve more changes that can make the easier and smoother another thing i want is how can i stop downloading in i have stopped the automatic download but why is it still moving to download,i thank level infinite because after update it is a little behind than before i hope you can improve more changes that can make the easier and smoother another thing i want is how can i stop downloading in i have stopped the automatic download but why is it still moving to download
2026-05-25 14:37:43,main ge ini dulu 2018 skarang mau main nih game lagi mau masuk aja ribet eror trus.,1,main ge ini dulu skarang mau main nih game lagi mau masuk aja ribet eror trus,main ge skarang main nih masuk ribet eror,main ge skarang main nih masuk ribet eror
2026-05-25 13:54:31,pubg game bagus sebenarnya gamenya keren,5,pubg game bagus sebenarnya gamenya keren,bagus gamenya keren,bagus gamenya keren
2026-05-25 13:42:00,gem ini mantap saya maen dari 2020,5,gem ini mantap saya maen dari,gem mantap maen,gem mantap maen
2026-05-25 13:26:29,halo saya claimed 220 uc di midasbuy tapi uc tidak tertambah setelah menyelesaiakn top up sebanyak 600 uc . di in game status udah ter claimed juga. bisakah saya melihat history gacha atau beli item di dalam game ini? tolong saya ya. atau kasih alamat email yang bisa aku hubungi ( bukan bot ataupun ai),3,halo saya claimed uc di midasbuy tapi uc tidak tertambah setelah menyelesaiakn top up sebanyak uc di in game status udah ter claimed juga bisakah saya melihat history gacha atau beli item di dalam game ini tolong saya ya atau kasih alamat email yang bisa aku hubungi bukan bot ataupun ai,halo claimed uc midasbuy uc tertambah menyelesaiakn top up uc in status ter claimed history gacha beli item tolong kasih alamat email hubungi bot ai,halo claimed uc midasbuy uc tambah menyelesaiakn top up uc in status ter claimed history gacha beli item tolong kasih alamat email hubung bot ai
2026-05-25 12:12:12,game mati keluar asap wkwk🤪🤣,1,game mati keluar asap wkwk,mati asap wkwk,mati asap wkwk
2026-05-25 11:56:24,♡♡♡♡♡ please update fitur rumah rumah,5,please update fitur rumah rumah,please update fitur rumah rumah,please update fitur rumah rumah
2026-05-25 10:52:23,pake jaringan apapun busuk gak bisa masuk,1,pake jaringan apapun busuk gak bisa masuk,pake jaringan apapun busuk masuk,pake jaring apa busuk masuk
2026-05-25 10:22:34,"Min kenapa Poco F7 belum terbuka HDR Extreme+ padahal secara chipset harusnya sudah mumpuni, terima kasih.",3,min kenapa poco f belum terbuka hdr extreme padahal secara chipset harusnya sudah mumpuni terima kasih,min poco f terbuka hdr extreme chipset mumpuni terima kasih,min poco f buka hdr extreme chipset mumpuni terima kasih
2026-05-25 09:58:57,bagusss🥰😍,5,bagusss,bagusss,bagusss
2026-05-25 09:27:40,baguslah gamenya,5,baguslah gamenya,baguslah gamenya,bagus gamenya
2026-05-25 09:02:06,"tidak bisa login menggunakan akun twitter, sudah 2 hari begini terus padahal akun saya dari season 2,mohon diperbaiki !!",1,tidak bisa login menggunakan akun twitter sudah hari begini terus padahal akun saya dari season mohon diperbaiki,login akun twitter akun season mohon diperbaiki,login akun twitter akun season mohon baik
2026-05-25 08:53:03,kami tim kage PUBG mobile sangan kecewa dengan cerita menjiplak karya seseorang mencurinya secara sewenang-wenang dengan menghilangkan Menggantinya yg baru bahkan jika lebih banyak orang memainkan kage PUBG mobile versi terbaru tim garusoft kami TDK akan ragu menghapus game PUBG mobile di semua negara lagi lagi tim garusoft yg membuat mobile PUBG mobile sangat marah dengan akun bernama ichalkorg,1,kami tim kage pubg mobile sangan kecewa dengan cerita menjiplak karya seseorang mencurinya secara sewenangwenang dengan menghilangkan menggantinya yg baru bahkan jika lebih banyak orang memainkan kage pubg mobile versi terbaru tim garusoft kami tdk akan ragu menghapus game pubg mobile di semua negara lagi lagi tim garusoft yg membuat mobile pubg mobile sangat marah dengan akun bernama ichalkorg,tim kage mobile sangan kecewa cerita menjiplak karya mencurinya sewenangwenang menghilangkan menggantinya orang memainkan kage mobile versi terbaru tim garusoft tdk ragu menghapus mobile negara tim garusoft mobile mobile marah akun bernama ichalkorg,tim kage mobile sangan kecewa cerita jiplak karya cur sewenangwenang hilang ganti orang main kage mobile versi baru tim garusoft tdk ragu hapus mobile negara tim garusoft mobile mobile marah akun nama ichalkorg
2026-05-25 08:19:14,"game ini dulunya sangat bagus dan seru ,namun sekarang saya coba download di Infinix hot 60i sungguh sangat ngepreme ..bahkan makin leg leagi di grafis super semoud Berti PUBG di tahun 2026 ini tidak ada lagi device android bahkan ippone 13 promax tetap leg",1,game ini dulunya sangat bagus dan seru namun sekarang saya coba download di infinix hot i sungguh sangat ngepreme bahkan makin leg leagi di grafis super semoud berti pubg di tahun ini tidak ada lagi device android bahkan ippone promax tetap leg,dulunya bagus seru coba download infinix hot i sungguh ngepreme leg leagi grafis super semoud berti device android ippone promax leg,dulunya bagus seru coba download infinix hot i sungguh ngepreme leg leagi grafis super semoud berti device android ippone promax leg
2026-05-25 08:13:31,game nya seru banget!!!,1,game nya seru banget,seru,seru
2026-05-25 07:41:33,hallo apkah bisa kolaborasi dengan Alan Walker lagi dengan lagi on my way dengan tema mengenang masalalu dan map.kayak di 2018,5,hallo apkah bisa kolaborasi dengan alan walker lagi dengan lagi on my way dengan tema mengenang masalalu dan mapkayak di,hallo apkah kolaborasi alan walker on my way tema mengenang masalalu mapkayak,hallo apkah kolaborasi alan walker on my way tema kenang masalalu mapkayak
2026-05-25 07:31:16,lumayan lah game nya tapi tolong pas grading kenapa kaya pada tau gitu pada ngincer,4,lumayan lah game nya tapi tolong pas grading kenapa kaya pada tau gitu pada ngincer,lumayan tolong grading kaya tau gitu ngincer,lumayan tolong grading kaya tau gitu ngincer
2026-05-25 04:48:52,sayangnya bot terlalu banyak jadi tidak seru,4,sayangnya bot terlalu banyak jadi tidak seru,sayangnya bot seru,sayang bot seru
2026-05-25 04:46:51,"game pubg sekarang sudah tidak sebaik thn 2018-2019.semenjak pubg pindah alam .pubg sekarang makin ngawur,hanya fokus ke iven,bukan lagi kepuasan player bermain.kasian player baru ,oh iya..sekarang pubg tidak melihat tier atau level player meskipun tier player rendah di pertemukan dengan pro player.otomatis tier rendah jadi santapan player pro.ya kan"".proteksi rating yg tidak sepadan.game tolol",1,game pubg sekarang sudah tidak sebaik thn semenjak pubg pindah alam pubg sekarang makin ngawurhanya fokus ke ivenbukan lagi kepuasan player bermainkasian player baru oh iyasekarang pubg tidak melihat tier atau level player meskipun tier player rendah di pertemukan dengan pro playerotomatis tier rendah jadi santapan player proya kanproteksi rating yg tidak sepadangame tolol,thn semenjak pindah alam ngawurhanya fokus ivenbukan kepuasan player bermainkasian player oh iyasekarang tier level player tier player rendah pertemukan pro playerotomatis tier rendah santapan player proya kanproteksi rating sepadangame tolol,thn semenjak pindah alam ngawurhanya fokus ivenbukan puas player bermainkasian player oh iyasekarang tier level player tier player rendah temu pro playerotomatis tier rendah santap player proya kanproteksi rating sepadangame tolol
2026-05-25 01:29:09,Makin hari kenapa makin eror ni pubg dah dekat chiken macam² tu muncul pembritahuan jaringan anda terputus koneksi eror emang tak bisa liat aku kalo main game bahagia kah pubg ni senang sekali aku cakap² emosi tiap hari akhir² ni,3,makin hari kenapa makin eror ni pubg dah dekat chiken macam tu muncul pembritahuan jaringan anda terputus koneksi eror emang tak bisa liat aku kalo main game bahagia kah pubg ni senang sekali aku cakap emosi tiap hari akhir ni,eror ni dah chiken tu muncul pembritahuan jaringan terputus koneksi eror emang liat main bahagia kah ni senang cakap emosi ni,eror ni dah chiken tu muncul pembritahuan jaring putus koneksi eror emang liat main bahagia kah ni senang cakap emosi ni
2026-05-25 00:49:06,"tolong perbaiki system banned kalian saya tidak melakukan apa"" mengapa saya di banned perjam!!",1,tolong perbaiki system banned kalian saya tidak melakukan apa mengapa saya di banned perjam,tolong perbaiki system banned banned perjam,tolong baik system banned banned jam
2026-05-24 23:38:54,game sampah soalnya akun gw mau lepas ikat Gmail gak bisa padahal Gmail lupa kata sandi nomernya udah hanguss udah beberapa ke customer service tapi no respon udah lah pensi aja maen game ke gini akun gw jadi akun mati Tencent haram,1,game sampah soalnya akun gw mau lepas ikat gmail gak bisa padahal gmail lupa kata sandi nomernya udah hanguss udah beberapa ke customer service tapi no respon udah lah pensi aja maen game ke gini akun gw jadi akun mati tencent haram,sampah akun lepas ikat gmail gmail lupa sandi nomernya hanguss customer service no respon pensi maen gini akun akun mati tencent haram,sampah akun lepas ikat gmail gmail lupa sandi nomernya hanguss customer service no respon pensi maen gin akun akun mati tencent haram
2026-05-24 23:34:05,jyjjur seru😙😙..,5,jyjjur seru,jyjjur seru,jyjjur seru
2026-05-24 23:12:39,20000💯💯💯💯💯,3,,,
2026-05-24 22:49:59,"sampah Helios, udh di ngetik jalan malah diem bae",3,sampah helios udh di ngetik jalan malah diem bae,sampah helios udh ngetik jalan diem bae,sampah helios udh ngetik jalan diem bae
2026-05-24 22:41:36,adain lagi rain sama mode night🥺,5,adain lagi rain sama mode night,adain rain mode night,adain rain mode night
2026-05-24 22:19:24,game paleh,1,game paleh,paleh,paleh
2026-05-24 22:14:30,please add errangel map in vs Ai mode like in livik vs Ai maps,5,please add errangel map in vs ai mode like in livik vs ai maps,please add errangel map in vs ai mode like in livik vs ai maps,please add errangel map in vs ai mode like in livik vs ai maps
2026-05-24 22:13:37,"game bapak"",isinya orang"" udah tua,gen melenial😭😭",4,game bapakisinya orang udah tuagen melenial,bapakisinya orang tuagen melenial,bapakisinya orang tuagen melenial
2026-05-24 21:50:18,"Parah UPDATE 250MB , udah 100% malah blom kelar"" ..",5,parah update mb udah malah blom kelar,parah update mb blom kelar,parah update mb blom kelar
2026-05-24 21:21:05,mantap dari 2019..,5,mantap dari,mantap,mantap
2026-05-24 21:02:07,"gem babi udah top up, Yusi nya g masuk",1,gem babi udah top up yusi nya g masuk,gem babi top up yusi g masuk,gem babi top up yusi g masuk
2026-05-24 20:33:45,Geme lain memang bagus tapi pubg lebih menggoda,5,geme lain memang bagus tapi pubg lebih menggoda,geme bagus menggoda,geme bagus goda
2026-05-24 20:26:47,mantap banget skrg fiturnya bagus,5,mantap banget skrg fiturnya bagus,mantap skrg fiturnya bagus,mantap skrg fiturnya bagus
2026-05-24 20:18:32,tolong lah masih banyak cheater ini,1,tolong lah masih banyak cheater ini,tolong cheater,tolong cheater
2026-05-24 20:06:00,Ok,5,ok,ok,ok
2026-05-24 20:03:51,mantap game ini,5,mantap game ini,mantap,mantap
2026-05-24 19:08:40,saya main,5,saya main,main,main
2026-05-24 18:31:59,terbaik,5,terbaik,terbaik,baik
2026-05-24 18:19:30,game bikin pusing gw aja mau nembak musuh gak tau di mana gw beri bintang 🌟 aja,1,game bikin pusing gw aja mau nembak musuh gak tau di mana gw beri bintang aja,pusing nembak musuh tau bintang,pusing nembak musuh tau bintang
2026-05-24 18:19:09,jelek banget,5,jelek banget,jelek,jelek
2026-05-24 17:34:36,apalah ini game lagi lagi seru serunya push awal season malah muncul problem gyroscope tiba tiba mati total padahal di pengaturan in game settingannya semua on udah di laporkan di in game langsung masalah tetap sama gimana ini developer mohon segera di perbaiki udah realog pun masih tetap nihil masalah gak kelar kelar,2,apalah ini game lagi lagi seru serunya push awal season malah muncul problem gyroscope tiba tiba mati total padahal di pengaturan in game settingannya semua on udah di laporkan di in game langsung masalah tetap sama gimana ini developer mohon segera di perbaiki udah realog pun masih tetap nihil masalah gak kelar kelar,apalah seru serunya push season muncul problem gyroscope mati total pengaturan in settingannya on laporkan in langsung gimana developer mohon perbaiki realog nihil kelar kelar,apa seru seru push season muncul problem gyroscope mati total atur in settingannya on lapor in langsung gimana developer mohon baik realog nihil kelar kelar
2026-05-24 17:08:01,"min anak saya ngeluh terus soal game pubg mobile kata anak saya dia butuh tas, helm dan rompi level 4-6 soal nya klo tas, helm dan rompi cuma sampe level 3 tas nya cepet penuh gitu minn🙏🙏",4,min anak saya ngeluh terus soal game pubg mobile kata anak saya dia butuh tas helm dan rompi level soal nya klo tas helm dan rompi cuma sampe level tas nya cepet penuh gitu minn,min anak ngeluh mobile anak butuh tas helm rompi level klo tas helm rompi sampe level tas cepet penuh gitu minn,min anak ngeluh mobile anak butuh tas helm rompi level klo tas helm rompi sampe level tas cepet penuh gitu minn
2026-05-24 17:05:39,saya suka game ini,5,saya suka game ini,suka,suka
2026-05-24 16:36:15,good,5,good,good,good
2026-05-24 16:06:30,epep ini burik,4,epep ini burik,epep burik,epep burik
2026-05-24 15:49:41,gameplay yang sangat bagus dan penuh adrenalin,5,gameplay yang sangat bagus dan penuh adrenalin,gameplay bagus penuh adrenalin,gameplay bagus penuh adrenalin
2026-05-24 15:20:57,"ini game mantap dari dapa game sebelah "" MC GOGO game settingan. game Judi Online. masih mending main game lain",5,ini game mantap dari dapa game sebelah mc gogo game settingan game judi online masih mending main game lain,mantap dapa sebelah mc gogo settingan judi online mending main,mantap dapa belah mc gogo settingan judi online mending main
2026-05-24 15:15:25,"saran saya, sediakan juga kapal very yg bisa mengangkut kendaraan jikalau tidak bisa lewat jembatan, biasanya musuh sering kali mengepung di jembatan",1,saran saya sediakan juga kapal very yg bisa mengangkut kendaraan jikalau tidak bisa lewat jembatan biasanya musuh sering kali mengepung di jembatan,saran sediakan kapal very mengangkut kendaraan jembatan musuh kali mengepung jembatan,saran sedia kapal very angkut kendara jembatan musuh kali kepung jembatan
2026-05-24 15:04:06,"Match matching nya gk JELAS semenjak grading"" t4i kucing!!!! , maen solo dikasih musuh top global full squad semua!!!",1,match matching nya gk jelas semenjak grading ti kucing maen solo dikasih musuh top global full squad semua,match matching gk semenjak grading ti kucing maen solo dikasih musuh top global full squad,match matching gk semenjak grading ti kucing maen solo kasih musuh top global full squad
2026-05-24 14:56:55,SAGAG KERENG,5,sagag kereng,sagag kereng,sagag kereng
2026-05-24 14:50:25,Tolong tambahkan mode bertemakan zombie seperti nya itu menarik ✨,5,tolong tambahkan mode bertemakan zombie seperti nya itu menarik,tolong tambahkan mode bertemakan zombie menarik,tolong tambah mode tema zombie tarik
2026-05-24 14:45:27,beacause their no auto aim,1,beacause their no auto aim,beacause their no auto aim,beacause their no auto aim
2026-05-24 14:18:37,event baru ada fitur gradingnya setiap masuk grading sl ngeframe parah pas ketemu musuh pasti ngefrem lag patah patah padahal kl gak grading semua normal lancar ni game makin buruk makin kedepan bukan makin enak d mainin malah makin busuk kayak bangke,2,event baru ada fitur gradingnya setiap masuk grading sl ngeframe parah pas ketemu musuh pasti ngefrem lag patah patah padahal kl gak grading semua normal lancar ni game makin buruk makin kedepan bukan makin enak d mainin malah makin busuk kayak bangke,event fitur gradingnya masuk grading sl ngeframe parah ketemu musuh ngefrem lag patah patah kl grading normal lancar ni buruk kedepan enak d mainin busuk bangke,event fitur gradingnya masuk grading sl ngeframe parah ketemu musuh ngefrem lag patah patah kl grading normal lancar ni buruk depan enak d mainin busuk bangke
2026-05-24 13:59:28,bagus banget tapi ada kekurangannya,5,bagus banget tapi ada kekurangannya,bagus kekurangannya,bagus kurang
2026-05-24 12:50:31,Belikan saya handphone yang mumpuni biar bisa main pubg lagi..,3,belikan saya handphone yang mumpuni biar bisa main pubg lagi,belikan handphone mumpuni main,belikan handphone mumpuni main
2026-05-24 12:50:03,tolonggg buatt para playerrr yang sering ngomen kok rumah nya kotak kotak kok Ng bagg kok Ngframeee itu bukan salah game PUBG nyaa justru hp nyaaa terlalu kentang jadi gituuu bukan masalah dalam game nyaaaa yaaa kan PUBG juga kalau ada bag dalam game nya mau pun loby ke apa ke kan langsung di perbaiki jadi gituuuu yaa,5,tolonggg buatt para playerrr yang sering ngomen kok rumah nya kotak kotak kok ng bagg kok ngframeee itu bukan salah game pubg nyaa justru hp nyaaa terlalu kentang jadi gituuu bukan masalah dalam game nyaaaa yaaa kan pubg juga kalau ada bag dalam game nya mau pun loby ke apa ke kan langsung di perbaiki jadi gituuuu yaa,tolonggg buatt playerrr ngomen rumah kotak kotak ng bagg ngframeee salah nyaa hp nyaaa kentang gituuu nyaaaa yaaa bag loby langsung perbaiki gituuuu yaa,tolonggg buatt playerrr ngomen rumah kotak kotak ng bagg ngframeee salah nyaa hp nyaaa kentang gituuu nyaaaa yaaa bag loby langsung baik gituuuu yaa
2026-05-24 12:45:13,sangat berkesan,5,sangat berkesan,berkesan,kesan
2026-05-24 12:38:56,"banyak bug , tombol banyak yg ga fungsi , makin kesini kok makin jelek",1,banyak bug tombol banyak yg ga fungsi makin kesini kok makin jelek,bug tombol fungsi kesini jelek,bug tombol fungsi kesini jelek
2026-05-24 11:19:13,"kecewa sama game pubg sekarang ,, makin banyak citer,, udah sering Nemu citer,, saya udah merasa bosan sama game ini",1,kecewa sama game pubg sekarang makin banyak citer udah sering nemu citer saya udah merasa bosan sama game ini,kecewa citer nemu citer bosan,kecewa citer nemu citer bosan
2026-05-24 11:10:54,"banyak bug. dari mulai wifi tidak bisa di akses, bug map, bug tampilan.",1,banyak bug dari mulai wifi tidak bisa di akses bug map bug tampilan,bug wifi akses bug map bug tampilan,bug wifi akses bug map bug tampil
2026-05-24 11:00:21,asik gamenya!!,5,asik gamenya,asik gamenya,asik gamenya
2026-05-24 10:48:14,kenapa gk bisa masuk aku baru main jadi gk tau cara masuk,1,kenapa gk bisa masuk aku baru main jadi gk tau cara masuk,gk masuk main gk tau masuk,gk masuk main gk tau masuk
2026-05-24 10:26:01,nice,5,nice,nice,nice
2026-05-24 10:15:57,sangat bagus udah 6 tahun main PUBG gak pernah bosan,5,sangat bagus udah tahun main pubg gak pernah bosan,bagus main bosan,bagus main bosan
2026-05-24 10:14:51,PUBG MOBILE🥇😍😍😍,5,pubg mobile,mobile,mobile
2026-05-24 10:07:47,makin lama makin besar data penyimanan,1,makin lama makin besar data penyimanan,data penyimanan,data penyimanan
2026-05-24 08:41:34,Papji,5,papji,papji,papji
2026-05-24 07:49:26,"fix frame drop ,dan lagg saat bermain , tolong smooth kan game chipset : Dimensity 6080 tolong boost performance",1,fix frame drop dan lagg saat bermain tolong smooth kan game chipset dimensity tolong boost performance,fix frame drop lagg bermain tolong smooth chipset dimensity tolong boost performance,fix frame drop lagg main tolong smooth chipset dimensity tolong boost performance
2026-05-24 07:17:19,bagus2 aja sihh ini game nyaa tapii masalah nyaa agak mudah panass kalo di HP oppo kuu,5,bagus aja sihh ini game nyaa tapii masalah nyaa agak mudah panass kalo di hp oppo kuu,bagus sihh nyaa tapii nyaa mudah panass hp oppo kuu,bagus sihh nyaa tapi nyaa mudah panass hp oppo kuu
2026-05-24 07:06:54,tolong jgn terlalu sering update,1,tolong jgn terlalu sering update,tolong jgn update,tolong jgn update
2026-05-24 06:48:16,"mau kasih saran untuk developer pubg, di bagian opsi pertempuran terkini (kalau mau undang tim kita yang sebelumnya) tolong kasih di bagian bawah nama mereka atau dimanapun riwayat kill atau skor tim kita sebelumnya supaya kita gampang temuin rekan tim sebelumnya yang gak beban atau jago, terlepas dari itu untuk update kali ini bagus banget walaupun ada beberapa bug yang cukup mengganggu pengalaman bermain player.",5,mau kasih saran untuk developer pubg di bagian opsi pertempuran terkini kalau mau undang tim kita yang sebelumnya tolong kasih di bagian bawah nama mereka atau dimanapun riwayat kill atau skor tim kita sebelumnya supaya kita gampang temuin rekan tim sebelumnya yang gak beban atau jago terlepas dari itu untuk update kali ini bagus banget walaupun ada beberapa bug yang cukup mengganggu pengalaman bermain player,kasih saran developer opsi pertempuran terkini undang tim tolong kasih nama dimanapun riwayat kill skor tim gampang temuin rekan tim beban jago terlepas update kali bagus bug mengganggu pengalaman bermain player,kasih saran developer opsi tempur kini undang tim tolong kasih nama mana riwayat kill skor tim gampang temuin rekan tim beban jago lepas update kali bagus bug ganggu alam main player
2026-05-24 05:39:54,seru,1,seru,seru,seru
2026-05-24 05:35:57,tolong gem nya dikecilin lagi biar banyak player pubg yang udah lama gk maen karena hp ram nya 4,3,tolong gem nya dikecilin lagi biar banyak player pubg yang udah lama gk maen karena hp ram nya,tolong gem dikecilin player gk maen hp ram,tolong gem dikecilin player gk maen hp ram
2026-05-24 02:48:17,"min gacha harley susah amat sih harus spend berapa uc lagi nih😹, terimakasih atas kekikirannya.",5,min gacha harley susah amat sih harus spend berapa uc lagi nih terimakasih atas kekikirannya,min gacha harley susah spend uc nih terimakasih kekikirannya,min gacha harley susah spend uc nih terimakasih kikir
2026-05-23 21:56:26,wkwkwkwkwkw hp gua udah baguss,5,wkwkwkwkwkw hp gua udah baguss,wkwkwkwkwkw hp baguss,wkwkwkwkwkw hp baguss
2026-05-23 21:51:41,"udah banyak yang ngeluh soal grading, banyak yang ngga suka dan malas main,tapi developer seolah olah ngga dengerin kritik,main game buat nenangin pikiran atau buat hiburan bukan malah jadi emosi gara gara grading,kalo masih ada sistem grading mending uninstall game ini",1,udah banyak yang ngeluh soal grading banyak yang ngga suka dan malas maintapi developer seolah olah ngga dengerin kritikmain game buat nenangin pikiran atau buat hiburan bukan malah jadi emosi gara gara gradingkalo masih ada sistem grading mending uninstall game ini,ngeluh grading ngga suka malas maintapi developer olah ngga dengerin kritikmain nenangin pikiran hiburan emosi gara gara gradingkalo sistem grading mending uninstall,ngeluh grading ngga suka malas maintapi developer olah ngga dengerin kritikmain nenangin pikir hibur emosi gara gara gradingkalo sistem grading mending uninstall
2026-05-23 21:41:57,the best,5,the best,the best,the best
2026-05-23 21:26:46,💗,5,,,
2026-05-23 20:56:39,"tambah hari tambah hancur jaringan signalx ini game. di perbaiki itu servis jaringan pubg nya, lag lag melulu, parah banget jaringanx, setiap kali main gamex jaringan tdk pernah stabil",1,tambah hari tambah hancur jaringan signalx ini game di perbaiki itu servis jaringan pubg nya lag lag melulu parah banget jaringanx setiap kali main gamex jaringan tdk pernah stabil,hancur jaringan signalx perbaiki servis jaringan lag lag melulu parah jaringanx kali main gamex jaringan tdk stabil,hancur jaring signalx baik servis jaring lag lag melulu parah jaringanx kali main gamex jaring tdk stabil
2026-05-23 20:53:45,"selamat malam sy pemain drih season Alan Walker sampai akhirnya masah yg TDK aku inginkan tibah, dan taukah bahwa bnyak pemain akan berhenti, karena dmna beratnya untuk mengunduh data""nya dan SDH TDK seperti dluh LG, dan mungkin setelah sy selesai nulis ini sy SDH berhenti main sejak 5 bulan lalu, 👋",2,selamat malam sy pemain drih season alan walker sampai akhirnya masah yg tdk aku inginkan tibah dan taukah bahwa bnyak pemain akan berhenti karena dmna beratnya untuk mengunduh datanya dan sdh tdk seperti dluh lg dan mungkin setelah sy selesai nulis ini sy sdh berhenti main sejak bulan lalu,selamat malam sy pemain drih season alan walker masah tdk tibah taukah bnyak pemain berhenti dmna beratnya mengunduh datanya sdh tdk dluh lg sy selesai nulis sy sdh berhenti main,selamat malam sy main drih season alan walker masah tdk tibah tau bnyak main henti dmna berat unduh data sdh tdk dluh lg sy selesai nulis sy sdh henti main
2026-05-23 20:28:30,"apaan sih update trus, tapi bedanya ga seberapa, menuhin memory aja",3,apaan sih update trus tapi bedanya ga seberapa menuhin memory aja,update bedanya menuhin memory,update beda menuhin memory
2026-05-23 20:25:46,ping 20ms tiba²berubah ke 300ms kalau ketemu musuh.. padahal jaringan ku baik² saja. ini sangat mengganggu.. tolong Tencent/krafton perbaiki..,2,ping ms tibaberubah ke ms kalau ketemu musuh padahal jaringan ku baik saja ini sangat mengganggu tolong tencentkrafton perbaiki,ping ms tibaberubah ms ketemu musuh jaringan ku mengganggu tolong tencentkrafton perbaiki,ping ms tibaberubah ms ketemu musuh jaring ku ganggu tolong tencentkrafton baik
2026-05-23 20:25:13,"I hate the 6X now, the reticle got really thick after the update",5,i hate the x now the reticle got really thick after the update,i hate the x now the reticle got really thick after the update,i hate the x now the reticle got really thick after the update
2026-05-23 20:14:50,welcome back pubg,4,welcome back pubg,welcome back,welcome back
2026-05-23 19:18:16,manggaduah iklannyo,1,manggaduah iklannyo,manggaduah iklannyo,manggaduah iklannyo
2026-05-23 19:14:02,sangat bagus,5,sangat bagus,bagus,bagus
2026-05-23 18:47:47,"udah top up lewat metode pembayaran qris untuk beli rp 50 cuma gak masuk tolong atensinya padahal udah login berkali"" tetap gak masuk",1,udah top up lewat metode pembayaran qris untuk beli rp cuma gak masuk tolong atensinya padahal udah login berkali tetap gak masuk,top up metode pembayaran qris beli rp masuk tolong atensinya login berkali masuk,top up metode bayar qris beli rp masuk tolong atensi login kali masuk
2026-05-23 18:46:03,game nya bagus tapi menurut untuk update selanjutnya agar lebih memperhatikan para player yang hp nya kentang karna semakin update malahan semakin berat yang ngebuat para player yang hp nya kentang lebih susah bersaing dengan player player yang mungkin hp nya bagus,4,game nya bagus tapi menurut untuk update selanjutnya agar lebih memperhatikan para player yang hp nya kentang karna semakin update malahan semakin berat yang ngebuat para player yang hp nya kentang lebih susah bersaing dengan player player yang mungkin hp nya bagus,bagus update memperhatikan player hp kentang karna update berat ngebuat player hp kentang susah bersaing player player hp bagus,bagus update perhati player hp kentang karna update berat ngebuat player hp kentang susah saing player player hp bagus
2026-05-23 18:30:23,koneksi server lost mulu tod babi lah,1,koneksi server lost mulu tod babi lah,koneksi server lost mulu tod babi,koneksi server lost mulu tod babi
2026-05-23 18:23:12,semakin burik terlalu banya iven tapi tdk menguntungkan dan tdk terlu fungsi,1,semakin burik terlalu banya iven tapi tdk menguntungkan dan tdk terlu fungsi,burik banya iven tdk menguntungkan tdk terlu fungsi,burik banya iven tdk untung tdk terlu fungsi
2026-05-23 17:03:06,"game taiii..., mau renked solo.., selalu menunggu waktu sampai 20menit ... terus kapan mainya para player solo ..!",1,game taiii mau renked solo selalu menunggu waktu sampai menit terus kapan mainya para player solo,taiii renked solo menunggu menit mainya player solo,taiii renked solo tunggu menit mai player solo
2026-05-23 16:20:31,"Ini kenapa kok Setiap main ngelag,,padahal jaringan bagus+pkae WiFi",5,ini kenapa kok setiap main ngelagpadahal jaringan baguspkae wifi,main ngelagpadahal jaringan baguspkae wifi,main ngelagpadahal jaring baguspkae wifi
2026-05-23 16:15:57,"saya sangat terganggu dengan adanya kesalahan di dalam pertempuran mengenai rumah yang luntur dan itu sangat menggangu ketika mau war tetapi saya belum bisa looting masuk ke dalam rumah, mohon developer untuk memperbaiki masalah ini.",4,saya sangat terganggu dengan adanya kesalahan di dalam pertempuran mengenai rumah yang luntur dan itu sangat menggangu ketika mau war tetapi saya belum bisa looting masuk ke dalam rumah mohon developer untuk memperbaiki masalah ini,terganggu kesalahan pertempuran rumah luntur menggangu war looting masuk rumah mohon developer memperbaiki,ganggu salah tempur rumah luntur menggangu war looting masuk rumah mohon developer baik
2026-05-23 14:28:37,lepass jangan di pegang siapa siapa selain Tencent!!. makin lama ga masuk nih game even even ! jangan perbanyak event pliss ganti pubg seperti dulu tidak banyak even !! pubg main sepi!,1,lepass jangan di pegang siapa siapa selain tencent makin lama ga masuk nih game even even jangan perbanyak event pliss ganti pubg seperti dulu tidak banyak even pubg main sepi,lepass pegang tencent masuk nih even even perbanyak event pliss ganti even main sepi,lepass pegang tencent masuk nih even even banyak event pliss ganti even main sepi
2026-05-23 14:20:03,game ini bikin gw jadi psikopat,5,game ini bikin gw jadi psikopat,psikopat,psikopat
2026-05-23 14:07:02,Sudah tidak real act. Selalu ada hal yang fiktif dan tidak real. maaf PUBG saya uninstall. Terimakasih PUBG yang dulu. 🙌,1,sudah tidak real act selalu ada hal yang fiktif dan tidak real maaf pubg saya uninstall terimakasih pubg yang dulu,real act fiktif real maaf uninstall terimakasih,real act fiktif real maaf uninstall terimakasih
2026-05-23 13:55:53,"halo, terimakasih sudah membuat game pubg saya sangat senang bisa memainkan nya tapi saya mohon untuk menambah kan fitur grafik yg lebih kompleks misalnya untuk menurunkan resolusi, karena hp saya sudah tidak mampu bermain pubg tetapi saya masih mau bermain dan juga tambah kan fitur grafik yg sangat rendah agar saya dapat bermain minimal 60 fps, karena hp saya 30 fps dan sudah tidak mampu bermain pubg, saya mohon, terimakasih",5,halo terimakasih sudah membuat game pubg saya sangat senang bisa memainkan nya tapi saya mohon untuk menambah kan fitur grafik yg lebih kompleks misalnya untuk menurunkan resolusi karena hp saya sudah tidak mampu bermain pubg tetapi saya masih mau bermain dan juga tambah kan fitur grafik yg sangat rendah agar saya dapat bermain minimal fps karena hp saya fps dan sudah tidak mampu bermain pubg saya mohon terimakasih,halo terimakasih senang memainkan mohon menambah fitur grafik kompleks menurunkan resolusi hp bermain bermain fitur grafik rendah bermain minimal fps hp fps bermain mohon terimakasih,halo terimakasih senang main mohon tambah fitur grafik kompleks turun resolusi hp main main fitur grafik rendah main minimal fps hp fps main mohon terimakasih
2026-05-23 12:57:04,game yg paling saya suka.,5,game yg paling saya suka,suka,suka
2026-05-23 12:42:02,game yang sangat bagus,5,game yang sangat bagus,bagus,bagus
2026-05-23 11:29:07,"Game makin alay dan lebay, malas main",1,game makin alay dan lebay malas main,alay lebay malas main,alay lebay malas main
2026-05-23 11:28:16,"Satu lagi,ini ada bug fps stuck di 60 fps padahal pake settingan grafik 90 fps. biasanya main lancar aja di 90-120 fps dan permainan smooth,tolong lah pubg game lu ni banyak banget bug.perbaiki secepatnya,ga nyaman banget mainnya.",1,satu lagiini ada bug fps stuck di fps padahal pake settingan grafik fps biasanya main lancar aja di fps dan permainan smoothtolong lah pubg game lu ni banyak banget bugperbaiki secepatnyaga nyaman banget mainnya,lagiini bug fps stuck fps pake settingan grafik fps main lancar fps permainan smoothtolong ni bugperbaiki secepatnyaga nyaman mainnya,lagiini bug fps stuck fps pake settingan grafik fps main lancar fps main smoothtolong ni bugperbaiki secepatnyaga nyaman main
2026-05-23 11:05:56,"woyyy update versi 4.4 knp jadi lag, padahal yang sebelumnya enggak lagg, benerin lagi dong ini developer nya Gimn sihh",1,woyyy update versi knp jadi lag padahal yang sebelumnya enggak lagg benerin lagi dong ini developer nya gimn sihh,woyyy update versi knp lag lagg benerin developer gimn sihh,woyyy update versi knp lag lagg benerin developer gimn sihh
2026-05-23 10:08:59,eng bisa di buka ya,5,eng bisa di buka ya,eng buka,eng buka
2026-05-23 09:26:36,"pencarian laga aja sampai 1 jam lebih, itupun juga gk ketemu, saran saya sih klo mmg gk ada pemain lagi mending di bekukan aja PUBG ini. buat apa ada game ini klo gk ada pemain.",1,pencarian laga aja sampai jam lebih itupun juga gk ketemu saran saya sih klo mmg gk ada pemain lagi mending di bekukan aja pubg ini buat apa ada game ini klo gk ada pemain,pencarian laga jam itupun gk ketemu saran klo mmg gk pemain mending bekukan klo gk pemain,cari laga jam itu gk ketemu saran klo mmg gk main mending beku klo gk main
2026-05-23 09:02:40,seru sekali per mainannya,5,seru sekali per mainannya,seru mainannya,seru main
2026-05-23 08:56:36,"game aneh tiba tiba data obb nya kehapus sendiri padahal gua ga ngapa ngapain terus sekarang banyak bug mulai dari tombol revive hilang, tombol recall hilang, dan lompat dari mobil ga mati, mohon di perbaiki karna merusak mood saya waktu bermain dan buat malas untuk main lagi",1,game aneh tiba tiba data obb nya kehapus sendiri padahal gua ga ngapa ngapain terus sekarang banyak bug mulai dari tombol revive hilang tombol recall hilang dan lompat dari mobil ga mati mohon di perbaiki karna merusak mood saya waktu bermain dan buat malas untuk main lagi,aneh data obb kehapus ngapa ngapain bug tombol revive hilang tombol recall hilang lompat mobil mati mohon perbaiki karna merusak mood bermain malas main,aneh data obb hapus ngapa ngapain bug tombol revive hilang tombol recall hilang lompat mobil mati mohon baik karna rusak mood main malas main
2026-05-23 07:48:16,habis update malah ada bug gyroscope ngak fungsi,2,habis update malah ada bug gyroscope ngak fungsi,habis update bug gyroscope ngak fungsi,habis update bug gyroscope ngak fungsi
2026-05-23 06:16:09,sange Bgt,4,sange bgt,sange,sange
2026-05-23 05:35:45,🔥🔥🔥,5,,,
2026-05-23 03:16:12,game kont°l main solo malah grading squad,1,game kontl main solo malah grading squad,kontl main solo grading squad,kontl main solo grading squad
2026-05-23 02:54:12,apk nya ngk jelas ngk bisa login,1,apk nya ngk jelas ngk bisa login,apk ngk ngk login,apk ngk ngk login
2026-05-23 01:46:03,"tolong kasih support untuk hp kentang, hp kentang pengen main juga",3,tolong kasih support untuk hp kentang hp kentang pengen main juga,tolong kasih support hp kentang hp kentang pengen main,tolong kasih support hp kentang hp kentang ken main
2026-05-23 01:22:54,sensi jadi beda habis update,4,sensi jadi beda habis update,sensi beda habis update,sensi beda habis update
2026-05-23 01:02:04,mortar hapus yaaa,5,mortar hapus yaaa,mortar hapus yaaa,mortar hapus yaaa
2026-05-23 00:43:30,menurut gua lama2 bukan kaya perang.. jadi gak asik terlalu banyak fitur2. coba lebih realistik lagi.,3,menurut gua lama bukan kaya perang jadi gak asik terlalu banyak fitur coba lebih realistik lagi,kaya perang asik fitur coba realistik,kaya perang asik fitur coba realistik
2026-05-23 00:35:16,apakah kolaborasi dengan resident evil dari capcom tidak ada lagi,4,apakah kolaborasi dengan resident evil dari capcom tidak ada lagi,kolaborasi resident evil capcom,kolaborasi resident evil capcom
2026-05-22 23:37:38,hoki,5,hoki,hoki,hoki
2026-05-22 23:02:23,tolong kembalikan teman temanku yang dulu!!😌,1,tolong kembalikan teman temanku yang dulu,tolong kembalikan teman temanku,tolong kembali teman teman
2026-05-22 22:42:45,bagus banget aku kasih lima bintang,5,bagus banget aku kasih lima bintang,bagus kasih bintang,bagus kasih bintang
2026-05-22 22:26:37,baik,5,baik,,
2026-05-22 22:09:25,Jangan terlalu sering update. Kalau bisa map erengel yang pertama dikembalikan,1,jangan terlalu sering update kalau bisa map erengel yang pertama dikembalikan,update map erengel dikembalikan,update map erengel kembali
2026-05-22 21:59:57,aku comeback daei pensi hehe enjoy,5,aku comeback daei pensi hehe enjoy,comeback daei pensi hehe enjoy,comeback daei pensi hehe enjoy
2026-05-22 21:49:30,bikin mles main gem ini ni grading kayak taii,1,bikin mles main gem ini ni grading kayak taii,mles main gem ni grading taii,mles main gem ni grading taii
2026-05-22 21:25:48,game yang sangat berat,5,game yang sangat berat,berat,berat
2026-05-22 21:04:51,game yang sangat memuaskan,5,game yang sangat memuaskan,memuaskan,muas
2026-05-22 21:02:41,anjay mabarrrrr,3,anjay mabarrrrr,anjay mabarrrrr,anjay mabarrrrr
2026-05-22 21:01:27,kenapa Sering mati padahal rumah di atas atau atap di larang untuk semuanya tetapi musuh masih bisa diam di atas tiang rumah dan masih bisa menembak dari atap rumah yang jelas sudah di larang oleh sistem 🙏Minta tolong jangan ngecip dong jangan main kecurangan 🙏🙏beberapa kali perbarui ini game untuk musuh atau untuk keperluan musuh supaya dia menang trs menerus ??? sudah 2 tahun game seruh... tetapi untuk kali ini sesekali selalu musuh yang menang sangat membosankan sekali 🙏🙏🙏🙏,1,kenapa sering mati padahal rumah di atas atau atap di larang untuk semuanya tetapi musuh masih bisa diam di atas tiang rumah dan masih bisa menembak dari atap rumah yang jelas sudah di larang oleh sistem minta tolong jangan ngecip dong jangan main kecurangan beberapa kali perbarui ini game untuk musuh atau untuk keperluan musuh supaya dia menang trs menerus sudah tahun game seruh tetapi untuk kali ini sesekali selalu musuh yang menang sangat membosankan sekali,mati rumah atap larang musuh diam tiang rumah menembak atap rumah larang sistem tolong ngecip main kecurangan kali perbarui musuh keperluan musuh menang trs menerus seruh kali musuh menang membosankan,mati rumah atap larang musuh diam tiang rumah tembak atap rumah larang sistem tolong ngecip main curang kali baru musuh perlu musuh menang trs terus seruh kali musuh menang bosan
2026-05-22 20:58:50,untuk developer PUBG mobile jika ada next update tolong perbaiki masalah yang baru saya alami hari ini.jadi pas tadi saya main di event dan saya mati itu kita bisa respawn lagi.nah pas saya baru banget turun di dekat school tiba tiba karakter saya seperti terkena damage padahal tidak ada musuh atau saya bukan di luar zona dan karena itu saya karakter saya mati.itu aja dari saya semoga bisa diperbaiki segera masalah yang saya alami ya developer🙏,4,untuk developer pubg mobile jika ada next update tolong perbaiki masalah yang baru saya alami hari inijadi pas tadi saya main di event dan saya mati itu kita bisa respawn laginah pas saya baru banget turun di dekat school tiba tiba karakter saya seperti terkena damage padahal tidak ada musuh atau saya bukan di luar zona dan karena itu saya karakter saya matiitu aja dari saya semoga bisa diperbaiki segera masalah yang saya alami ya developer,developer mobile next update tolong perbaiki alami inijadi main event mati respawn laginah turun school karakter terkena damage musuh zona karakter matiitu semoga diperbaiki alami developer,developer mobile next update tolong baik alami inijadi main event mati respawn laginah turun school karakter kena damage musuh zona karakter matiitu moga baik alami developer
2026-05-22 20:49:27,game haram,1,game haram,haram,haram
2026-05-22 20:44:34,"game bagus realistis,bagusan PUBG sama ff daripada game plagiat kek blood strike,udah musuh pro semua gak sempat nembak, kikir lagi, penguras uang blood strike emang babi game itu",5,game bagus realistisbagusan pubg sama ff daripada game plagiat kek blood strikeudah musuh pro semua gak sempat nembak kikir lagi penguras uang blood strike emang babi game itu,bagus realistisbagusan ff plagiat kek blood strikeudah musuh pro nembak kikir penguras uang blood strike emang babi,bagus realistisbagusan ff plagiat kek blood strikeudah musuh pro nembak kikir uras uang blood strike emang babi
2026-05-22 20:43:58,"jir terlalu parah si ini game masa harus ganti device setiap mau ganti event selalu aja ada bug nya lah ada frame nya lah udah ukurannya gede tapi masi banyak minesnya. gmn ini, uda kikir juga lagi adeuh",2,jir terlalu parah si ini game masa harus ganti device setiap mau ganti event selalu aja ada bug nya lah ada frame nya lah udah ukurannya gede tapi masi banyak minesnya gmn ini uda kikir juga lagi adeuh,jir parah si ganti device ganti event bug frame ukurannya gede masi minesnya gmn uda kikir adeuh,jir parah si ganti device ganti event bug frame ukur gede mas mes gmn uda kikir adeuh
2026-05-22 20:26:03,karna keren banget aku cinta,5,karna keren banget aku cinta,karna keren cinta,karna keren cinta
2026-05-22 19:45:02,"user HP kentang, ayo kita hapus pubg mobile rame"".event skrang berat nge lag nge frame, 🤦‍♂️🤦‍♂️ turunkan kualitas event nya , aagar kami masih bisa main event pubgM, EVENT TAIKK NGE LAG BNGETT 😡😡",5,user hp kentang ayo kita hapus pubg mobile rameevent skrang berat nge lag nge frame turunkan kualitas event nya aagar kami masih bisa main event pubgm event taikk nge lag bngett,user hp kentang ayo hapus mobile rameevent skrang berat nge lag nge frame turunkan kualitas event aagar main event pubgm event taikk nge lag bngett,user hp kentang ayo hapus mobile rameevent skrang berat nge lag nge frame turun kualitas event aagar main event pubgm event taikk nge lag bngett
2026-05-22 19:35:57,game kebanyakn donlodd doank,4,game kebanyakn donlodd doank,kebanyakn donlodd doank,kebanyakn donlodd doank
2026-05-22 19:21:07,"min, ini tolong aku, aku sudah mengajukan pemulihan akun tapi email sama no hp tidak terkait jadi tidak bisa login dan waktu itu aku loginnya di akun tamu",3,min ini tolong aku aku sudah mengajukan pemulihan akun tapi email sama no hp tidak terkait jadi tidak bisa login dan waktu itu aku loginnya di akun tamu,min tolong mengajukan pemulihan akun email no hp terkait login loginnya akun tamu,min tolong aju pulih akun email no hp kait login loginnya akun tamu
2026-05-22 18:08:44,pemain inti tidak akan redup dari game ini,5,pemain inti tidak akan redup dari game ini,pemain inti redup,main inti redup
2026-05-22 17:47:40,ok,5,ok,ok,ok
2026-05-22 17:41:01,game ini sangat burik,2,game ini sangat burik,burik,burik
2026-05-22 17:14:24,i love PUBGM❤️,5,i love pubgm,i love pubgm,i love pubgm
2026-05-22 17:05:22,mendingan Mai FF dan mL daripada PUBG mobile udah main FF seru banget dan mL banyak Hero nya tapi lebih seru FF,1,mendingan mai ff dan ml daripada pubg mobile udah main ff seru banget dan ml banyak hero nya tapi lebih seru ff,mendingan mai ff ml mobile main ff seru ml hero seru ff,mending mai ff ml mobile main ff seru ml hero seru ff
2026-05-22 16:26:58,"gak beres ini game, saya open scope holo kok jadi gelap ya, di senjata tertentu, saya pakai di senjata uzi aman 2 saja ketika saya pakai di senjata AR malah hitam pekat musuh jadi gak kelihatan. satu lagi sering muncul ( terjadi kesalahan ) tolong pihak developer sekiranya bisa di perbaiki lagi TERJADI PADA HP saya POCO F5",1,gak beres ini game saya open scope holo kok jadi gelap ya di senjata tertentu saya pakai di senjata uzi aman saja ketika saya pakai di senjata ar malah hitam pekat musuh jadi gak kelihatan satu lagi sering muncul terjadi kesalahan tolong pihak developer sekiranya bisa di perbaiki lagi terjadi pada hp saya poco f,beres open scope holo gelap senjata pakai senjata uzi aman pakai senjata ar hitam pekat musuh muncul kesalahan tolong developer perbaiki hp poco f,beres open scope holo gelap senjata pakai senjata uzi aman pakai senjata ar hitam pekat musuh muncul salah tolong developer baik hp poco f
2026-05-22 16:04:44,Game nya sudah bagus tapi tolong yang cheat itu di ban dong gua udh capek plisssssss,4,game nya sudah bagus tapi tolong yang cheat itu di ban dong gua udh capek plisssssss,bagus tolong cheat ban udh capek plisssssss,bagus tolong cheat ban udh capek plisssssss
2026-05-22 15:40:26,game berat 🗿,1,game berat,berat,berat
2026-05-22 15:38:52,jangan jago -jago nanti kalian di banned.,1,jangan jago jago nanti kalian di banned,jago jago banned,jago jago banned
2026-05-22 15:37:07,"PUBG telah kehilangan identitasnya, sayang sekali.",1,pubg telah kehilangan identitasnya sayang sekali,kehilangan identitasnya sayang,hilang identitas sayang
2026-05-22 15:21:13,"game nya burik ya kalo menurut gua udah grafik nya burik, penyimpanan gua langsung Penuh lagi sesudah ngadowload game ini gak wort it banget game burik tapi penyimpanan game nya besar",1,game nya burik ya kalo menurut gua udah grafik nya burik penyimpanan gua langsung penuh lagi sesudah ngadowload game ini gak wort it banget game burik tapi penyimpanan game nya besar,burik grafik burik penyimpanan langsung penuh ngadowload wort it burik penyimpanan,burik grafik burik simpan langsung penuh ngadowload wort it burik simpan
2026-05-22 14:20:45,seru jdi pengen nacak,5,seru jdi pengen nacak,seru jdi pengen nacak,seru jdi ken nacak
2026-05-22 14:18:54,god game,5,god game,god,god
2026-05-22 14:04:02,PUBG mobile banyak bug nya makin kesini makin gak jelas,3,pubg mobile banyak bug nya makin kesini makin gak jelas,mobile bug kesini,mobile bug kesini
2026-05-22 13:08:21,"apa ini woy!!!!!!!!!!!! gua main dari tadi server lu bilang koneksi internet gua hilang, padahal gua buka tiktok ig yt lancar aja, benerin cepat sialan",1,apa ini woy gua main dari tadi server lu bilang koneksi internet gua hilang padahal gua buka tiktok ig yt lancar aja benerin cepat sialan,woy main server bilang koneksi internet hilang buka tiktok ig yt lancar benerin cepat sialan,woy main server bilang koneksi internet hilang buka tiktok ig yt lancar benerin cepat sial
2026-05-22 12:35:05,"permainan nya bagus,cuma sangat sulit mendapatkan sekin senjata ataupun outfit permanen gratis,bagi player yang engga punya uang.",3,permainan nya baguscuma sangat sulit mendapatkan sekin senjata ataupun outfit permanen gratisbagi player yang engga punya uang,permainan baguscuma sulit sekin senjata outfit permanen gratisbagi player engga uang,main baguscuma sulit sekin senjata outfit permanen gratisbagi player engga uang
2026-05-22 11:55:11,sangat gacor,5,sangat gacor,gacor,gacor
2026-05-22 11:36:33,Hallo Developer Saya Ingin Kasih Saran Tolong Bot Ai yg Menggunakan Rambo Itu Terlalu Sakit Damagenya Tolong di perbaiki Segera!!!,2,hallo developer saya ingin kasih saran tolong bot ai yg menggunakan rambo itu terlalu sakit damagenya tolong di perbaiki segera,hallo developer kasih saran tolong bot ai rambo sakit damagenya tolong perbaiki,hallo developer kasih saran tolong bot ai rambo sakit damagenya tolong baik
2026-05-22 11:08:49,"PUBG LONGORRRR , BAGUS BUAT UPDATE AN NY BUJANGGGG",1,pubg longorrrr bagus buat update an ny bujangggg,longorrrr bagus update an ny bujangggg,longorrrr bagus update an ny bujangggg
2026-05-22 10:51:33,sangat Realistic,5,sangat realistic,realistic,realistic
2026-05-22 10:50:05,"Dev, tolonglah prize path itu yang bagus-bagus kayak dulu, seperti kolaborasi attack on titan atau transformer. Sekarang prize path nya kayak sampah, hadiahnya nggak jelas. Hadiah prize path yang sekarang karakter pemain bola, buat apa coba?. Mau perang atau main bola?. Kalau kayak dulu ok lah kayak attack on titan, karakter luffy-nya bagus, outfit titannya ok. Atau yang kayak transformer, dapat outfit bumblebee atau optimus itu bagus. Sekarang malah karakter pemain bola. buat apa?",2,dev tolonglah prize path itu yang bagusbagus kayak dulu seperti kolaborasi attack on titan atau transformer sekarang prize path nya kayak sampah hadiahnya nggak jelas hadiah prize path yang sekarang karakter pemain bola buat apa coba mau perang atau main bola kalau kayak dulu ok lah kayak attack on titan karakter luffynya bagus outfit titannya ok atau yang kayak transformer dapat outfit bumblebee atau optimus itu bagus sekarang malah karakter pemain bola buat apa,dev tolonglah prize path bagusbagus kolaborasi attack on titan transformer prize path sampah hadiahnya nggak hadiah prize path karakter pemain bola coba perang main bola ok attack on titan karakter luffynya bagus outfit titannya ok transformer outfit bumblebee optimus bagus karakter pemain bola,dev tolong prize path bagusbagus kolaborasi attack on titan transformer prize path sampah hadiah nggak hadiah prize path karakter main bola coba perang main bola ok attack on titan karakter luffynya bagus outfit titannya ok transformer outfit bumblebee optimus bagus karakter main bola
2026-05-22 10:29:54,game nya sangat berat,5,game nya sangat berat,berat,berat
2026-05-22 10:23:26,"Tolong untuk pencipta game ini, kurangi semua penyimpanan data gamenya. karena kebanyak orang HP mereka tidak mampu menyimpan semua data di game ini, jika dikurangi data game ini, maka PUBG banyak yang memainkannya, atau menjadi terpopuler di seluruh dunia.",2,tolong untuk pencipta game ini kurangi semua penyimpanan data gamenya karena kebanyak orang hp mereka tidak mampu menyimpan semua data di game ini jika dikurangi data game ini maka pubg banyak yang memainkannya atau menjadi terpopuler di seluruh dunia,tolong pencipta kurangi penyimpanan data gamenya kebanyak orang hp menyimpan data dikurangi data memainkannya terpopuler dunia,tolong cipta kurang simpan data gamenya banyak orang hp simpan data rang data main populer dunia
2026-05-22 09:57:26,HP kentang bisa ap,2,hp kentang bisa ap,hp kentang ap,hp kentang ap
2026-05-22 09:37:34,"tolong ya, event nya banyak...bagi sedikit skinnya, udah gacha berkali² tetep aja ga dapet skin",5,tolong ya event nya banyakbagi sedikit skinnya udah gacha berkali tetep aja ga dapet skin,tolong event banyakbagi skinnya gacha berkali tetep dapet skin,tolong event banyakbagi skinnya gacha kali tetep dapet skin
2026-05-22 09:26:30,"""Dear PUBG Admin, please consider removing the grading or tier system. A lot of players have quit playing because of it. I hope you will take this suggestion into consideration. Thank you."" 🙏🙏🙏",5,dear pubg admin please consider removing the grading or tier system a lot of players have quit playing because of it i hope you will take this suggestion into consideration thank you,dear admin please consider removing the grading or tier system a lot of players have quit playing because of it i hope you will take this suggestion into consideration thank you,dear admin please consider removing the grading or tier system a lot of players have quit playing because of it i hope you will take this suggestion into consideration thank you
2026-05-22 08:58:23,"knp akun sya tiba"" di banned dan ada pemberitahuan kesalahan data dari pubg setelah di update beberapa hari,, tolong di buka kembali data sya",1,knp akun sya tiba di banned dan ada pemberitahuan kesalahan data dari pubg setelah di update beberapa hari tolong di buka kembali data sya,knp akun sya banned pemberitahuan kesalahan data update tolong buka data sya,knp akun sya banned pemberitahuan salah data update tolong buka data sya
2026-05-22 08:32:33,pengalaman main di sini kurang memuaskan..sering kalah tiap kali start,1,pengalaman main di sini kurang memuaskansering kalah tiap kali start,pengalaman main memuaskansering kalah kali start,alam main memuaskansering kalah kali start
2026-05-22 08:23:27,Game bagus,5,game bagus,bagus,bagus
2026-05-22 08:18:11,menjadilebih😁👍😉,5,menjadilebih,menjadilebih,menjadilebih
2026-05-22 05:19:10,kegagalan saya cuman dari hp kentang terus ganti jadi hp pro trus saya menjadi pro prayer sekarang propit saya lagi di legend,5,kegagalan saya cuman dari hp kentang terus ganti jadi hp pro trus saya menjadi pro prayer sekarang propit saya lagi di legend,kegagalan cuman hp kentang ganti hp pro pro prayer propit legend,gagal cuman hp kentang ganti hp pro pro prayer propit legend
2026-05-22 04:59:05,balikin lagu alan walker dulu,3,balikin lagu alan walker dulu,balikin lagu alan walker,balikin lagu alan walker
2026-05-22 00:50:36,oke,5,oke,oke,oke
2026-05-22 00:43:57,Susah menyebalkan mati terus mati lagi gagal chicken,2,susah menyebalkan mati terus mati lagi gagal chicken,susah menyebalkan mati mati gagal chicken,susah sebal mati mati gagal chicken
2026-05-22 00:28:37,"Mantap deh pokoknya sudah lama main,tapi hari ini harus stop karena hp sudah tidak mampuu, trimakasih PUBG mobile sudah menami selama ini 🙏",5,mantap deh pokoknya sudah lama maintapi hari ini harus stop karena hp sudah tidak mampuu trimakasih pubg mobile sudah menami selama ini,mantap pokoknya maintapi stop hp mampuu trimakasih mobile menami,mantap pokok maintapi stop hp mampuu trimakasih mobile tam
2026-05-22 00:16:52,Good game,5,good game,good,good
2026-05-21 23:34:31,"untuk Krifton. tolong hilangkan sistem bot player dalam permainan. itu ga membuat kami menikmati permainannya secara utuh, ditambah skill kami ga berkembang kalo hanya mengeliminasi mereka. semoga dimengerti",3,untuk krifton tolong hilangkan sistem bot player dalam permainan itu ga membuat kami menikmati permainannya secara utuh ditambah skill kami ga berkembang kalo hanya mengeliminasi mereka semoga dimengerti,krifton tolong hilangkan sistem bot player permainan menikmati permainannya utuh ditambah skill berkembang mengeliminasi semoga dimengerti,krifton tolong hilang sistem bot player main nikmat main utuh tambah skill kembang eliminasi moga erti
2026-05-21 23:16:55,Ayo download sekarang dan mari kita mabar sama sama,5,ayo download sekarang dan mari kita mabar sama sama,ayo download mari mabar,ayo download mari mabar
2026-05-21 23:00:12,👍 M4 glacier tolong di update lagi dong,5,m glacier tolong di update lagi dong,m glacier tolong update,m glacier tolong update
2026-05-21 22:46:38,tolong hapus grading pubg,2,tolong hapus grading pubg,tolong hapus grading,tolong hapus grading
2026-05-21 21:58:27,coba dulu baru naikin bintang,2,coba dulu baru naikin bintang,coba naikin bintang,coba naikin bintang
2026-05-21 21:50:23,"maaf sebelumnya, untuk permainan in,bsa gak bos,jangan setiap saat update terus,masa iya update terus,ukuran update y pun trlalu besar,klu seperti in kan malas jadiy",1,maaf sebelumnya untuk permainan inbsa gak bosjangan setiap saat update terusmasa iya update terusukuran update y pun trlalu besarklu seperti in kan malas jadiy,maaf permainan inbsa bosjangan update terusmasa iya update terusukuran update y trlalu besarklu in malas jadiy,maaf main inbsa bosjangan update terusmasa iya update terusukuran update y trlalu besarklu in malas jadiy
2026-05-21 21:38:27,apakah Anda gak bisa mengurangi memori ini sudah 4gb kemakan nya,2,apakah anda gak bisa mengurangi memori ini sudah gb kemakan nya,mengurangi memori gb kemakan,kurang memori gb makan
2026-05-21 21:26:39,sge gak,4,sge gak,sge,sge
2026-05-21 21:04:44,"I want to get the Empor Glacier"" Note: ""Empor Glacier"" is written as it sounds, assuming it's a specific item, name, or term you're referring to. pliss",5,i want to get the empor glacier note empor glacier is written as it sounds assuming its a specific item name or term youre referring to pliss,i want to get the empor glacier note empor glacier is written as it sounds assuming its a specific item name or term youre referring to pliss,i want to get the empor glacier note empor glacier is written as it sounds assuming its a specific item name or term youre referring to pliss
2026-05-21 20:58:06,karena sudah mau main malah keluar dan mb nya besar,2,karena sudah mau main malah keluar dan mb nya besar,main mb,main mb
2026-05-21 20:53:48,udah gak seru game ini berat di hp,1,udah gak seru game ini berat di hp,seru berat hp,seru berat hp
2026-05-21 20:44:33,mantap grapik nya super smooth,5,mantap grapik nya super smooth,mantap grapik super smooth,mantap grapik super smooth
2026-05-21 20:42:21,Hp jadi berat ketika kita maing POPG.d Hp Oppo A5,1,hp jadi berat ketika kita maing popgd hp oppo a,hp berat maing popgd hp oppo a,hp berat maing popgd hp oppo a
2026-05-21 20:19:29,game haram,1,game haram,haram,haram
2026-05-21 19:07:32,Map bermudah dan yang lain nya kok gk ada dulu ada dan pemain itu 100 orang sekarang kok 60 gk seru udah pugb yang versi sekarang,5,map bermudah dan yang lain nya kok gk ada dulu ada dan pemain itu orang sekarang kok gk seru udah pugb yang versi sekarang,map bermudah gk pemain orang gk seru pugb versi,map mudah gk main orang gk seru pugb versi
2026-05-21 18:41:23,maksih telah membuat game sebagus ini krafton 🥰,5,maksih telah membuat game sebagus ini krafton,maksih sebagus krafton,maksih bagus krafton
2026-05-21 17:44:52,bagus,5,bagus,bagus,bagus
2026-05-21 17:37:06,gacha x swit 300 kali belom dapet satupun!!!,1,gacha x swit kali belom dapet satupun,gacha x swit kali belom dapet satupun,gacha x swit kali bom dapet satu
2026-05-21 17:27:55,"Tolong Krafton rilis skin M4 upgrade di Royale pass atau di bonus pass, dan beri fitur transfer batu besar gilt ke siapa saja, saya mohon Krafton sebagai player gratisan 🙏🙏🙏",5,tolong krafton rilis skin m upgrade di royale pass atau di bonus pass dan beri fitur transfer batu besar gilt ke siapa saja saya mohon krafton sebagai player gratisan,tolong krafton rilis skin m upgrade royale pass bonus pass fitur transfer batu gilt mohon krafton player gratisan,tolong krafton rilis skin m upgrade royale pass bonus pass fitur transfer batu gilt mohon krafton player gratis
2026-05-21 17:17:45,ok,5,ok,ok,ok
2026-05-21 17:16:46,ngapain bikin tim ai lagi gk jelas nih game lama lama guna kagak,1,ngapain bikin tim ai lagi gk jelas nih game lama lama guna kagak,ngapain tim ai gk nih kagak,ngapain tim ai gk nih kagak
2026-05-21 16:52:32,cuman bisa bilang bagus👍👍,5,cuman bisa bilang bagus,cuman bilang bagus,cuman bilang bagus
2026-05-21 16:51:11,akun saya kena hack,1,akun saya kena hack,akun kena hack,akun kena hack
2026-05-21 15:53:31,👍,5,,,
2026-05-21 15:27:48,mantap,5,mantap,mantap,mantap
2026-05-21 15:23:10,"Game bagus , tapi kenapa ches rush di hapus",5,game bagus tapi kenapa ches rush di hapus,bagus ches rush hapus,bagus ches rush hapus
2026-05-21 15:12:24,terlalu banyak file download yg mempan waktu panjang setiap apdet bikin lama menunggu lebih baik hapus kembali ke ML,1,terlalu banyak file download yg mempan waktu panjang setiap apdet bikin lama menunggu lebih baik hapus kembali ke ml,file download mempan apdet menunggu hapus ml,file download mempan apdet tunggu hapus ml
2026-05-21 14:20:23,sangat bagus,5,sangat bagus,bagus,bagus
2026-05-21 13:45:08,aplikasi nya tidak bisa dibuka. kenapa begitu ya?,1,aplikasi nya tidak bisa dibuka kenapa begitu ya,aplikasi dibuka,aplikasi buka
2026-05-21 12:39:15,barbar fps drop ❎️ ping turun ✅️,1,barbar fps drop ping turun,barbar fps drop ping turun,barbar fps drop ping turun
2026-05-21 12:30:42,"tombol tembaknya gak bisa di tekan pas main,",5,tombol tembaknya gak bisa di tekan pas main,tombol tembaknya tekan main,tombol tembak tekan main
2026-05-21 11:44:28,"data obb rusak mulu, niat ga buat game? masa harus instal ulang mulu tiap update? gimana dah ini sejak ganti dev jadi aneh",1,data obb rusak mulu niat ga buat game masa harus instal ulang mulu tiap update gimana dah ini sejak ganti dev jadi aneh,data obb rusak mulu niat instal ulang mulu update gimana dah ganti dev aneh,data obb rusak mulu niat instal ulang mulu update gimana dah ganti dev aneh
2026-05-21 11:40:57,best,5,best,best,best
2026-05-21 11:17:09,"game banyak bug, mending gak usah di update lagi percuma",1,game banyak bug mending gak usah di update lagi percuma,bug mending update,bug mending update
2026-05-21 11:16:50,good,5,good,good,good
2026-05-21 10:06:02,kenapa sekarang sering disconnect?,1,kenapa sekarang sering disconnect,disconnect,disconnect
2026-05-21 09:46:18,"banyak event ga jelas, ini yang bikin player pubg malas main",1,banyak event ga jelas ini yang bikin player pubg malas main,event player malas main,event player malas main
2026-05-21 09:38:10,ulasan bersifat publik serta menyertakan info akun dan perangkat anda. pelajari lebih lanjut game ini bagus sekali tolong bagus si lagi game ini tolong bagus si lagi ya,5,ulasan bersifat publik serta menyertakan info akun dan perangkat anda pelajari lebih lanjut game ini bagus sekali tolong bagus si lagi game ini tolong bagus si lagi ya,ulasan bersifat publik menyertakan info akun perangkat pelajari bagus tolong bagus si tolong bagus si,ulas sifat publik serta info akun perangkat ajar bagus tolong bagus si tolong bagus si
2026-05-21 08:00:54,"ayolah,masa tiap update,jaringannya loncat Mulu sih,kapan gua mainnya tenang coooo",1,ayolahmasa tiap updatejaringannya loncat mulu sihkapan gua mainnya tenang coooo,ayolahmasa updatejaringannya loncat mulu sihkapan mainnya tenang coooo,ayolahmasa updatejaringannya loncat mulu sihkapan main tenang coooo
2026-05-21 07:22:14,keren mantap,5,keren mantap,keren mantap,keren mantap
2026-05-21 06:35:27,💯,5,,,
2026-05-21 06:27:01,game nya seru banget,5,game nya seru banget,seru,seru
2026-05-21 05:20:19,game yang sangat suru dan saya suka✌✌,5,game yang sangat suru dan saya suka,suru suka,suru suka
2026-05-21 05:18:00,game nya bagus bisa nya di hp yang kuat dan gaming tapi sayang bisanya online buat map latihan perang offline dong aku bosan bila tak ada wifi maupun kuota teman teman ku main hp aku enga 😭,5,game nya bagus bisa nya di hp yang kuat dan gaming tapi sayang bisanya online buat map latihan perang offline dong aku bosan bila tak ada wifi maupun kuota teman teman ku main hp aku enga,bagus hp kuat gaming sayang bisanya online map latihan perang offline bosan wifi kuota teman teman ku main hp enga,bagus hp kuat gaming sayang bisa online map latih perang offline bosan wifi kuota teman teman ku main hp enga
2026-05-21 01:54:16,musik di lobby terlalu berisik,1,musik di lobby terlalu berisik,musik lobby berisik,musik lobby berisik
2026-05-21 01:04:59,bagus,1,bagus,bagus,bagus
2026-05-21 00:41:34,mantap jos sedap siap sigap cermat siaga cepat tanggap,5,mantap jos sedap siap sigap cermat siaga cepat tanggap,mantap jos sedap sigap cermat siaga cepat tanggap,mantap jos sedap sigap cermat siaga cepat tanggap
2026-05-21 00:39:04,masih banyak bug yang belom di perbaiki,1,masih banyak bug yang belom di perbaiki,bug belom perbaiki,bug bom baik
2026-05-21 00:29:16,"PUBG mobile is a very amazing game, PUBG always accompanies me when I am lonely.",5,pubg mobile is a very amazing game pubg always accompanies me when i am lonely,mobile is a very amazing always accompanies me when i am lonely,mobile is a very amazing always accompanies me when i am lonely
2026-05-21 00:27:08,sangat bagus,5,sangat bagus,bagus,bagus
2026-05-21 00:12:25,game ini sudah tidak intolerans lagi,1,game ini sudah tidak intolerans lagi,intolerans,intolerans
2026-05-21 00:06:00,"cuman kasih saran,saya ping nya kalo main hijau terus,tapi kok suka nge lag padahal saya udah memakai handphone yang bisa dibilang ram nya cukup lah ya untuk memainkan game ini.saya mohon untuk devealover melihat atas semua keluhan yang setiap pemain complain ke devlovr,sekian & terima kasih",5,cuman kasih saransaya ping nya kalo main hijau terustapi kok suka nge lag padahal saya udah memakai handphone yang bisa dibilang ram nya cukup lah ya untuk memainkan game inisaya mohon untuk devealover melihat atas semua keluhan yang setiap pemain complain ke devlovrsekian terima kasih,cuman kasih saransaya ping main hijau terustapi suka nge lag memakai handphone dibilang ram memainkan inisaya mohon devealover keluhan pemain complain devlovrsekian terima kasih,cuman kasih saransaya ping main hijau terustapi suka nge lag pakai handphone bilang ram main inisaya mohon devealover keluh main complain devlovrsekian terima kasih
2026-05-20 23:53:22,"Pubg tolong perbaiki ini sekarang, saya melakukan pembelian dan tidak menerima pembelian tersebut, ada bukti lengkapnya semua, dan sudah dilihat dari buku pengaduan tidak berguna sama sekali, sekali lagi selesaikan ini juga kalau tidak saya TUNTUT",1,pubg tolong perbaiki ini sekarang saya melakukan pembelian dan tidak menerima pembelian tersebut ada bukti lengkapnya semua dan sudah dilihat dari buku pengaduan tidak berguna sama sekali sekali lagi selesaikan ini juga kalau tidak saya tuntut,tolong perbaiki pembelian menerima pembelian bukti lengkapnya buku pengaduan berguna selesaikan tuntut,tolong baik beli terima beli bukti lengkap buku adu guna selesai tuntut
2026-05-20 23:44:02,KETEMU SERVER LUAR TERUS TOLOL TIBA TIBA MS NAIK APALAH PUBG NI GA KAYA DLU YANG BANYAK ORANG INDONYA SEKARANG KEBANYAK ORANG LUAR JADI NABRAK SERVER LUAR IDIOT,1,ketemu server luar terus tolol tiba tiba ms naik apalah pubg ni ga kaya dlu yang banyak orang indonya sekarang kebanyak orang luar jadi nabrak server luar idiot,ketemu server tolol ms apalah ni kaya dlu orang indonya kebanyak orang nabrak server idiot,ketemu server tolol ms apa ni kaya dlu orang indonya banyak orang nabrak server idiot
2026-05-20 23:40:50,"ngapain update mulu sih kocak data lu udah gemuk pemain pada uninstal,",1,ngapain update mulu sih kocak data lu udah gemuk pemain pada uninstal,ngapain update mulu kocak data gemuk pemain uninstal,ngapain update mulu kocak data gemuk main uninstal
2026-05-20 23:22:55,pubg ontop wkwk 🐣🐣🐣🐣🐣🐣🐣🐣🐣🐣,5,pubg ontop wkwk,ontop wkwk,ontop wkwk
2026-05-20 23:16:40,game rusak top up uc 16rb 2x ga masuk maauk parah..,2,game rusak top up uc rb x ga masuk maauk parah,rusak top up uc rb x masuk maauk parah,rusak top up uc rb x masuk maauk parah
2026-05-20 22:55:48,apdate loading lama ga masuk²,2,apdate loading lama ga masuk,apdate loading masuk,apdate loading masuk
2026-05-20 22:31:17,"event sekarang event teeburuk yang saya mainkan,,, event banyak bug lol",1,event sekarang event teeburuk yang saya mainkan event banyak bug lol,event event teeburuk mainkan event bug lol,event event teeburuk main event bug lol
2026-05-20 22:08:08,"sekarang kek eeq main delay mulu, hp sy support, tapi pas event sekrang delay anjer apaan ini main",1,sekarang kek eeq main delay mulu hp sy support tapi pas event sekrang delay anjer apaan ini main,kek eeq main delay mulu hp sy support event sekrang delay anjer main,kek eeq main delay mulu hp sy support event sekrang delay anjer main
2026-05-20 22:07:44,untuk admin pubg hp saya jatuh pas lagi main pabji terpaksa pake hp ortu,5,untuk admin pubg hp saya jatuh pas lagi main pabji terpaksa pake hp ortu,admin hp jatuh main pabji terpaksa pake hp ortu,admin hp jatuh main pabji paksa pake hp ortu
2026-05-20 22:06:28,"haloo masih ingat saya? aku sudah ganti device lohhh dan aku sekarang udah bisa main pubg lagi, yang terakhir aku main pubg itu eummm 2023? entahlah tapi senang bisa memainkan game ini lagi 🔥🔥",5,haloo masih ingat saya aku sudah ganti device lohhh dan aku sekarang udah bisa main pubg lagi yang terakhir aku main pubg itu eummm entahlah tapi senang bisa memainkan game ini lagi,haloo ganti device lohhh main main eummm senang memainkan,haloo ganti device lohhh main main eummm senang main
2026-05-20 21:55:41,Tolong perbaiki jaringan di seluruh indonesia,4,tolong perbaiki jaringan di seluruh indonesia,tolong perbaiki jaringan indonesia,tolong baik jaring indonesia
2026-05-20 21:40:35,semenjak upadate terbaru ini naik rank nya susah turus tanda kalau ada musuh naik mobil kadang ada kadang tidak ada tolong di perbaiki lagi demi kenyamanan kita bermain trimakasih kau update lah reload senjata vss nya PUBG ngerti lah reload nya vss itu lama knpa gak di bnrin c astaga tolong lah,1,semenjak upadate terbaru ini naik rank nya susah turus tanda kalau ada musuh naik mobil kadang ada kadang tidak ada tolong di perbaiki lagi demi kenyamanan kita bermain trimakasih kau update lah reload senjata vss nya pubg ngerti lah reload nya vss itu lama knpa gak di bnrin c astaga tolong lah,semenjak upadate terbaru rank susah turus tanda musuh mobil kadang kadang tolong perbaiki kenyamanan bermain trimakasih kau update reload senjata vss ngerti reload vss knpa bnrin c astaga tolong,semenjak upadate baru rank susah turus tanda musuh mobil kadang kadang tolong baik nyaman main trimakasih kau update reload senjata vss ngerti reload vss knpa bnrin c astaga tolong
2026-05-20 21:14:17,saya kurangin bintangnya karena saya pas main 45ms masa ngelag tau tau mati. sering peladen ga respon juga. season ini season kacau banyak nge frame kalo lagi tembak tembakan sama musuh tolong perbaiki nama char saya SANSS'TuysKuys terimakasih harap dibaca tencent games,1,saya kurangin bintangnya karena saya pas main ms masa ngelag tau tau mati sering peladen ga respon juga season ini season kacau banyak nge frame kalo lagi tembak tembakan sama musuh tolong perbaiki nama char saya sansstuyskuys terimakasih harap dibaca tencent games,kurangin bintangnya main ms ngelag tau tau mati peladen respon season season kacau nge frame tembak tembakan musuh tolong perbaiki nama char sansstuyskuys terimakasih harap dibaca tencent games,rangin bintang main ms ngelag tau tau mati laden respon season season kacau nge frame tembak tembak musuh tolong baik nama char sansstuyskuys terimakasih harap baca tencent games
2026-05-20 21:02:46,"Game yang sangat seru dan penuh tantangan. Let's go... cobain sekarang, pasti menyenangkan!",5,game yang sangat seru dan penuh tantangan lets go cobain sekarang pasti menyenangkan,seru penuh tantangan lets go cobain menyenangkan,seru penuh tantang lets go cobain senang
2026-05-20 20:56:55,"game battle royal rasa game open world, Gameplay cuma buat explore map, terlalu membuang waktu, memang sih ada map ukuran kecil, tapi dari segi gameplay udah bagus 👍",4,game battle royal rasa game open world gameplay cuma buat explore map terlalu membuang waktu memang sih ada map ukuran kecil tapi dari segi gameplay udah bagus,battle royal open world gameplay explore map membuang map ukuran segi gameplay bagus,battle royal open world gameplay explore map buang map ukur segi gameplay bagus
2026-05-20 20:49:41,"yeeeee,, gua main balik oooookkk kangen apa pugjjj",4,yeeeee gua main balik oooookkk kangen apa pugjjj,yeeeee main oooookkk kangen pugjjj,yeeeee main oooookkk kangen pugjjj
2026-05-20 20:46:17,lama download nya,1,lama download nya,download,download
2026-05-20 20:36:49,sangat baik',5,sangat baik,,
2026-05-20 19:57:19,ping selalu merah padahal sinyal kenceng,1,ping selalu merah padahal sinyal kenceng,ping merah sinyal kenceng,ping merah sinyal kenceng
2026-05-20 19:50:51,sdh lama berhenti main pubg akhirnya rindu main lg setelah diupdate tombol tiarap/ merayap tdk ada di game saya dan juga saat membawah / memikul teman tiba² jatuh. apalagi mau memutar badan untuk menembak kadang jadi lalot gerakannya itu saja sendiri terimakasih 🙏,5,sdh lama berhenti main pubg akhirnya rindu main lg setelah diupdate tombol tiarap merayap tdk ada di game saya dan juga saat membawah memikul teman tiba jatuh apalagi mau memutar badan untuk menembak kadang jadi lalot gerakannya itu saja sendiri terimakasih,sdh berhenti main rindu main lg diupdate tombol tiarap merayap tdk membawah memikul teman jatuh memutar badan menembak kadang lalot gerakannya terimakasih,sdh henti main rindu main lg diupdate tombol tiarap rayap tdk bawah pikul teman jatuh putar badan tembak kadang lalot gera terimakasih
2026-05-20 18:13:55,"Untuk pubg mobile,game ini bukan hanya semakin berat di performa namun sangat besar di bagian size aplikasi, bagaimana tidak. size nya hampir mencapai 30gb!! Ini tidak ramah hp kentang,tolong di kompres lagi sizenya turunkan sampe 19gb di bawah nya karena sangat² memakan memori internal.",5,untuk pubg mobilegame ini bukan hanya semakin berat di performa namun sangat besar di bagian size aplikasi bagaimana tidak size nya hampir mencapai gb ini tidak ramah hp kentangtolong di kompres lagi sizenya turunkan sampe gb di bawah nya karena sangat memakan memori internal,mobilegame berat performa size aplikasi size mencapai gb ramah hp kentangtolong kompres sizenya turunkan sampe gb memakan memori internal,mobilegame berat performa size aplikasi size capai gb ramah hp kentangtolong kompres sizenya turun sampe gb makan memori internal
2026-05-20 18:00:26,"Ya ya ya, saya setuju dengan semua orang yg mengkritik game ini, saya juga sudah berhenti main pubgm.",1,ya ya ya saya setuju dengan semua orang yg mengkritik game ini saya juga sudah berhenti main pubgm,setuju orang mengkritik berhenti main pubgm,tuju orang kritik henti main pubgm
2026-05-20 16:38:10,bug nya perbaiki dulu,3,bug nya perbaiki dulu,bug perbaiki,bug baik
2026-05-20 16:33:33,game buruk,1,game buruk,buruk,buruk
2026-05-20 16:09:27,gem ini sangat sangat tengeleng,5,gem ini sangat sangat tengeleng,gem tengeleng,gem tengeleng
2026-05-20 15:05:30,buat admin pubg minta tolong lah cok untuk M4 mohon untuk di kembalikan lagi demagenya lagi jangan di nerf gua lagi nembak musuh kena kepala itu berapa kali cok baru knock tolong lah jangan cok plis jadi nggak menantang lagi cok pubg pokoknya damage m4 harus kek dulu!!,2,buat admin pubg minta tolong lah cok untuk m mohon untuk di kembalikan lagi demagenya lagi jangan di nerf gua lagi nembak musuh kena kepala itu berapa kali cok baru knock tolong lah jangan cok plis jadi nggak menantang lagi cok pubg pokoknya damage m harus kek dulu,admin tolong cok m mohon kembalikan demagenya nerf nembak musuh kena kepala kali cok knock tolong cok plis nggak menantang cok pokoknya damage m kek,admin tolong cok m mohon kembali dage nerf nembak musuh kena kepala kali cok knock tolong cok plis nggak tantang cok pokok damage m kek
2026-05-20 14:31:10,kebanyakan update ngen habis download harus download lagi aelah dah lama²meledak juga ni hp,3,kebanyakan update ngen habis download harus download lagi aelah dah lamameledak juga ni hp,kebanyakan update ngen habis download download aelah dah lamameledak ni hp,banyak update ngen habis download download aelah dah lamameledak ni hp
2026-05-20 14:27:23,aku suka game ini sangat cocok untuk hari ini,5,aku suka game ini sangat cocok untuk hari ini,suka cocok,suka cocok
2026-05-20 13:37:25,"Tolong diperbaiki bug nya seperti bug tidak bisa revive , bug masuk tembok, dan bug mobil menabrak benda tak terlihat",5,tolong diperbaiki bug nya seperti bug tidak bisa revive bug masuk tembok dan bug mobil menabrak benda tak terlihat,tolong diperbaiki bug bug revive bug masuk tembok bug mobil menabrak benda,tolong baik bug bug revive bug masuk tembok bug mobil tabrak benda
2026-05-20 13:16:30,Dev ini kenapa saya tidak bisa login akun google play hanya mentok d loading dan hanya ada tulisan mempersiapkan sumber daya,4,dev ini kenapa saya tidak bisa login akun google play hanya mentok d loading dan hanya ada tulisan mempersiapkan sumber daya,dev login akun google play mentok d loading tulisan sumber daya,dev login akun google play mentok d loading tulis sumber daya
2026-05-20 12:24:02,Mntap bngettt,5,mntap bngettt,mntap bngettt,mntap bngettt
2026-05-20 12:12:00,good game in war world,5,good game in war world,good in war world,good in war world
2026-05-20 10:23:11,sangat bagus sekali game cocok pemula,5,sangat bagus sekali game cocok pemula,bagus cocok pemula,bagus cocok mula
2026-05-20 10:06:14,sangat bagus dan sangat seru,5,sangat bagus dan sangat seru,bagus seru,bagus seru
2026-05-20 09:40:56,kerja sama dengan film jhon wick pasti seru,5,kerja sama dengan film jhon wick pasti seru,kerja film jhon wick seru,kerja film jhon wick seru
2026-05-20 08:56:36,game nya jelek gabisa burik mati keluar asap,1,game nya jelek gabisa burik mati keluar asap,jelek gabisa burik mati asap,jelek gabisa burik mati asap
2026-05-20 08:53:45,"game ga jelas, jago dikit di observasi, jago dikit di observasi, aneh, gimana mau betah player, kalo di gituin Mulu, tolong di ilangin tuh observasi² yang ga jelas itu, jadi ga betah main, mending pensi.",1,game ga jelas jago dikit di observasi jago dikit di observasi aneh gimana mau betah player kalo di gituin mulu tolong di ilangin tuh observasi yang ga jelas itu jadi ga betah main mending pensi,jago dikit observasi jago dikit observasi aneh gimana betah player gituin mulu tolong ilangin tuh observasi betah main mending pensi,jago dikit observasi jago dikit observasi aneh gimana betah player gituin mulu tolong ilangin tuh observasi betah main mending pensi
2026-05-20 08:13:40,well,5,well,well,well
2026-05-20 06:54:35,"sistem grading konyol, membuat player kabur ke game lain",1,sistem grading konyol membuat player kabur ke game lain,sistem grading konyol player kabur,sistem grading konyol player kabur
2026-05-20 06:31:16,aku dari kecil udah main PUBG terimakasih PUBG gem nya seru,5,aku dari kecil udah main pubg terimakasih pubg gem nya seru,main terimakasih gem seru,main terimakasih gem seru
2026-05-20 06:21:02,"bikin sistem grinding oke, tpi knp semua dipaksa di squad? knp tidak disesuaikan dengan mode masing2",2,bikin sistem grinding oke tpi knp semua dipaksa di squad knp tidak disesuaikan dengan mode masing,sistem grinding oke tpi knp dipaksa squad knp disesuaikan mode,sistem grinding oke tpi knp paksa squad knp sesuai mode
2026-05-20 05:27:27,tolong min sesuaikan rank kalo ketemu mussuh,5,tolong min sesuaikan rank kalo ketemu mussuh,tolong min sesuaikan rank ketemu mussuh,tolong min sesuai rank ketemu mussuh
2026-05-20 03:35:27,"kebanyakan update, sekalinya update sampe 3 kali belom nanti pas gamplay nya skin nya update lagi",3,kebanyakan update sekalinya update sampe kali belom nanti pas gamplay nya skin nya update lagi,kebanyakan update sekalinya update sampe kali belom gamplay skin update,banyak update sekali update sampe kali bom gamplay skin update
2026-05-20 02:49:33,"knp sih kontrol tidak responsif ketika 3 jarik nekan,, buka scope trus peak tekan tombol tembak ga nembak,, alhasil mati konyol",3,knp sih kontrol tidak responsif ketika jarik nekan buka scope trus peak tekan tombol tembak ga nembak alhasil mati konyol,knp kontrol responsif jarik nekan buka scope peak tekan tombol tembak nembak alhasil mati konyol,knp kontrol responsif jarik nekan buka scope peak tekan tombol tembak nembak alhasil mati konyol
2026-05-20 01:06:37,game taek,1,game taek,taek,taek
2026-05-20 00:15:47,"dulu pas main masih banyak player seru, sekarang kebanyakan bot promax nya",1,dulu pas main masih banyak player seru sekarang kebanyakan bot promax nya,main player seru kebanyakan bot promax,main player seru banyak bot promax
2026-05-19 23:57:00,"GAME RUSAK, semenjak update banyak skali bug, dan salah satunya koneksi server error, kami player kehilangan poin sia², game rusak",1,game rusak semenjak update banyak skali bug dan salah satunya koneksi server error kami player kehilangan poin sia game rusak,rusak semenjak update skali bug salah satunya koneksi server error player kehilangan poin sia rusak,rusak semenjak update skali bug salah satu koneksi server error player hilang poin sia rusak
2026-05-19 23:55:01,besar bgt gb nya,4,besar bgt gb nya,gb,gb
2026-05-19 23:25:32,banyak upgrade tapi Medan sama saja,1,banyak upgrade tapi medan sama saja,upgrade medan,upgrade medan
2026-05-19 22:44:24,Game ini sangat bagus,5,game ini sangat bagus,bagus,bagus
2026-05-19 22:32:28,"MENURUT PENDAPAT SAYA PUBG CUKUP BAGUS, WALAUPUN SAYA MEMAINKAN NYA DI HP SEKELAS ENTRY LEVEL (sedang lah) DENGAN GRAFIS SMOOTH/BALANCE. DI IN GAME MUSUH YANG SAYA DAPATKAN SELAMA SAYA MAIN ADA KALANYA JAGO DAN ADA KALANYA JUGA TIDAK TERLALU JAGO. TAPI DISINI SAYA BERTERIMA KASIH KARNA TELAH MEMBERIKAN FITUR PEMILIHAN UKURAN APK UNTUK PUBG NYA SENDIRI YANG MAKSILAM PALING RENDAH 5GB DAN ITU UDAH CUKUP UNTUK DIVICE ENTRY LEVEL SEPERTI SAYA, THANK U KRAFTON🫡🫡",5,menurut pendapat saya pubg cukup bagus walaupun saya memainkan nya di hp sekelas entry level sedang lah dengan grafis smoothbalance di in game musuh yang saya dapatkan selama saya main ada kalanya jago dan ada kalanya juga tidak terlalu jago tapi disini saya berterima kasih karna telah memberikan fitur pemilihan ukuran apk untuk pubg nya sendiri yang maksilam paling rendah gb dan itu udah cukup untuk divice entry level seperti saya thank u krafton,pendapat bagus memainkan hp sekelas entry level grafis smoothbalance in musuh dapatkan main kalanya jago kalanya jago berterima kasih karna fitur pemilihan ukuran apk maksilam rendah gb divice entry level thank u krafton,dapat bagus main hp kelas entry level grafis smoothbalance in musuh dapat main kala jago kala jago terima kasih karna fitur pilih ukur apk maksilam rendah gb divice entry level thank u krafton
2026-05-19 22:11:50,masa ump kalah sakit sama crosboow sih..gak reall makin lama,1,masa ump kalah sakit sama crosboow sihgak reall makin lama,ump kalah sakit crosboow sihgak reall,ump kalah sakit crosboow sihgak reall
2026-05-19 21:40:33,Amazing,5,amazing,amazing,amazing
2026-05-19 21:14:41,my favorite Game,4,my favorite game,my favorite,my favorite
2026-05-19 21:14:18,"bug revive, event terlalu sulit, tantangan achilles tidak cukup waktunya, sudah coba berulang-ulang tetap gagal",1,bug revive event terlalu sulit tantangan achilles tidak cukup waktunya sudah coba berulangulang tetap gagal,bug revive event sulit tantangan achilles coba berulangulang gagal,bug revive event sulit tantang achilles coba berulangulang gagal
2026-05-19 21:06:57,gmn bug rivive ini ga bisaa apalahh game rusak,1,gmn bug rivive ini ga bisaa apalahh game rusak,gmn bug rivive bisaa apalahh rusak,gmn bug rivive bisaa apalahh rusak
2026-05-19 20:58:32,"gem GC jelas dikit2 apdet mana lama apdetnya besar pula datanya, apdet y kira2 dong, lama bener ,",1,gem gc jelas dikit apdet mana lama apdetnya besar pula datanya apdet y kira dong lama bener,gem gc dikit apdet apdetnya datanya apdet y bener,gem gc dikit apdet apdetnya data apdet y bener
2026-05-19 20:37:52,males gw player lama setiap donwload obb pasti harus nunggu sebulan buat kerumah saudara males banget dah obb nya gak jelas padahal kan data gw banyak kenapa harus pake wifi di kira semua org pake wifi kali ya kalo error obb itu liatin berapa mb cuman stuck di loading screen mana tau resah gw lama lama mending gw pensi.,1,males gw player lama setiap donwload obb pasti harus nunggu sebulan buat kerumah saudara males banget dah obb nya gak jelas padahal kan data gw banyak kenapa harus pake wifi di kira semua org pake wifi kali ya kalo error obb itu liatin berapa mb cuman stuck di loading screen mana tau resah gw lama lama mending gw pensi,males player donwload obb nunggu sebulan kerumah saudara males dah obb data pake wifi org pake wifi kali error obb liatin mb cuman stuck loading screen tau resah mending pensi,males player donwload obb nunggu bulan rumah saudara males dah obb data pake wifi org pake wifi kali error obb liatin mb cuman stuck loading screen tau resah mending pensi
2026-05-19 20:37:23,game kontol,2,game kontol,kontol,kontol
2026-05-19 20:19:51,agak sulit tapi okelah,5,agak sulit tapi okelah,sulit okelah,sulit oke
2026-05-19 20:12:37,gamenya ngebosenin karena mode battle royal terus tolong tambahkan mode shoot loot kayak game arena breakout,4,gamenya ngebosenin karena mode battle royal terus tolong tambahkan mode shoot loot kayak game arena breakout,gamenya ngebosenin mode battle royal tolong tambahkan mode shoot loot arena breakout,gamenya ngebosenin mode battle royal tolong tambah mode shoot loot arena breakout
2026-05-19 19:41:07,mantap,5,mantap,mantap,mantap
2026-05-19 19:20:19,game bagus tapi sayang sekali hp aku terlalu kentang when yah baru 🙃🙃,5,game bagus tapi sayang sekali hp aku terlalu kentang when yah baru,bagus sayang hp kentang when yah,bagus sayang hp kentang when yah
2026-05-19 18:21:43,pubg good,5,pubg good,good,good
2026-05-19 17:26:09,"kenapa tidak bisa di mainkan versi solo, duo dan squad tidak seperti sebelum²nya mudah di mainkan... sekarang mentok di 13 saja pemainnya dan harus 100 biar bisa main, klo tdk ada pemain pakai bot saja. udah download gede² masak tidak bisa di mainkan 👎👎👎👎👎👎",1,kenapa tidak bisa di mainkan versi solo duo dan squad tidak seperti sebelumnya mudah di mainkan sekarang mentok di saja pemainnya dan harus biar bisa main klo tdk ada pemain pakai bot saja udah download gede masak tidak bisa di mainkan,mainkan versi solo duo squad mudah mainkan mentok pemainnya main klo tdk pemain pakai bot download gede masak mainkan,main versi solo duo squad mudah main mentok main main klo tdk main pakai bot download gede masak main
2026-05-19 17:10:21,Game bagus Udah main dari season 6 seru banget,5,game bagus udah main dari season seru banget,bagus main season seru,bagus main season seru
2026-05-19 17:09:11,knpa nih pubg serin ngebak kadan tombol rivive nya hilang anjir lahhh,1,knpa nih pubg serin ngebak kadan tombol rivive nya hilang anjir lahhh,knpa nih serin ngebak kadan tombol rivive hilang anjir lahhh,knpa nih serin ngebak kad tombol rivive hilang anjir lahhh
2026-05-19 16:54:16,ini game ga bagus grafiknya jelek tembakannya ga bisa di targetin langsung mendingan donlownd free fire bisa di targetin,1,ini game ga bagus grafiknya jelek tembakannya ga bisa di targetin langsung mendingan donlownd free fire bisa di targetin,bagus grafiknya jelek tembakannya targetin langsung mendingan donlownd free fire targetin,bagus grafik jelek tembak targetin langsung mending donlownd free fire targetin
2026-05-19 16:53:49,makan banyak memori,1,makan banyak memori,makan memori,makan memori
2026-05-19 16:42:00,apalah nembak tembok bisa kena,1,apalah nembak tembok bisa kena,apalah nembak tembok kena,apa nembak tembok kena
2026-05-19 16:12:55,"gak adil bgt pubg, beda bgt player yang main pake internet jelek kartu pula sama yang internet wifi biznet, indihomo, atau lainnya di kasih bot di match ranked yang banyak, aedangkan gw di kasih bot dikit² bgt, kenapa gw tau dia player wifi karna pas dia dateng ke area gw nge lagg super parah, apalah gw, gak semua orang internetnya pake wifi fiber...!",1,gak adil bgt pubg beda bgt player yang main pake internet jelek kartu pula sama yang internet wifi biznet indihomo atau lainnya di kasih bot di match ranked yang banyak aedangkan gw di kasih bot dikit bgt kenapa gw tau dia player wifi karna pas dia dateng ke area gw nge lagg super parah apalah gw gak semua orang internetnya pake wifi fiber,adil beda player main pake internet jelek kartu internet wifi biznet indihomo kasih bot match ranked aedangkan kasih bot dikit tau player wifi karna dateng area nge lagg super parah apalah orang internetnya pake wifi fiber,adil beda player main pake internet jelek kartu internet wifi biznet indihomo kasih bot match ranked aedangkan kasih bot dikit tau player wifi karna dateng area nge lagg super parah apa orang internetnya pake wifi fiber
2026-05-19 15:51:13,uda ku uninstall ini game..,1,uda ku uninstall ini game,uda ku uninstall,uda ku uninstall
2026-05-19 14:59:12,tlong bantu saya login pulg saya gk bisa ini kenapa padahal udh updet udh semua tpba² gk bisa msuk ngestak kalo bisa hubungi sy pribadi kalo bisaaaa yahhh gw pengen bgt. mainnya ini biar gw kasih liat masalah gw ke lu pd,1,tlong bantu saya login pulg saya gk bisa ini kenapa padahal udh updet udh semua tpba gk bisa msuk ngestak kalo bisa hubungi sy pribadi kalo bisaaaa yahhh gw pengen bgt mainnya ini biar gw kasih liat masalah gw ke lu pd,tlong bantu login pulg gk udh updet udh tpba gk msuk ngestak hubungi sy pribadi bisaaaa yahhh pengen mainnya kasih liat pd,tlong bantu login pulg gk udh updet udh tpba gk msuk ngestak hubung sy pribadi bisaaaa yahhh ken main kasih liat pd
2026-05-19 14:33:45,bodohh bug tombol revive,3,bodohh bug tombol revive,bodohh bug tombol revive,bodohh bug tombol revive
2026-05-19 14:20:12,gem cacat lama klo masuk TPP matchmeking solo rank knapa terjadi lama kali pas lgin,1,gem cacat lama klo masuk tpp matchmeking solo rank knapa terjadi lama kali pas lgin,gem cacat klo masuk tpp matchmeking solo rank knapa kali lgin,gem cacat klo masuk tpp matchmeking solo rank knapa kali lgin
2026-05-19 13:55:55,"hallo pubg mobile, saya sudah download lagi pubg dan agak berapa lama sudah update ke 4.4 sudah update malah banyak bug bagaimana sihh pubg mobile. banyak bug, mulai dari : 1. bug tidak bisa merevive teman, tidak ada tombol revive 2. bug server down, satu team gw lag semua jaringan. ping jumping 100-150 ke atas. 3. bug sensivitas, tiba tiba sensi berubah sendiri dan acak gak beraturan. 4. bug grafik. SEMUA BUG ITU TERJADI KETIKA DI PERTENGAHAN MATCH. JADI MERUSAK MOOD ORANG MAIN GAME TAU",2,hallo pubg mobile saya sudah download lagi pubg dan agak berapa lama sudah update ke sudah update malah banyak bug bagaimana sihh pubg mobile banyak bug mulai dari bug tidak bisa merevive teman tidak ada tombol revive bug server down satu team gw lag semua jaringan ping jumping ke atas bug sensivitas tiba tiba sensi berubah sendiri dan acak gak beraturan bug grafik semua bug itu terjadi ketika di pertengahan match jadi merusak mood orang main game tau,hallo mobile download update update bug sihh mobile bug bug merevive teman tombol revive bug server down team lag jaringan ping jumping bug sensivitas sensi berubah acak beraturan bug grafik bug pertengahan match merusak mood orang main tau,hallo mobile download update update bug sihh mobile bug bug merevive teman tombol revive bug server down team lag jaring ping jumping bug sensivitas sensi ubah acak atur bug grafik bug tengah match rusak mood orang main tau
2026-05-19 13:49:14,gak bisa dimainin gamenya macam iblis kon loadingnya lama pula emang gamenya jelek banget zaman sekarang,1,gak bisa dimainin gamenya macam iblis kon loadingnya lama pula emang gamenya jelek banget zaman sekarang,dimainin gamenya iblis kon loadingnya emang gamenya jelek zaman,dimainin gamenya iblis kon loadingnya emang gamenya jelek zaman
2026-05-19 13:17:26,"ngestuck di logo terus "" ada kesalahan izin "" itu aja terus udah uninstal 5x tetap aj gitu game rusak",1,ngestuck di logo terus ada kesalahan izin itu aja terus udah uninstal x tetap aj gitu game rusak,ngestuck logo kesalahan izin uninstal x aj gitu rusak,ngestuck logo salah izin uninstal x aj gitu rusak
2026-05-19 11:50:34,"bug ngga bisa revive rekan tim ngga di fix, udah seminggu juga😮‍💨 aneh",1,bug ngga bisa revive rekan tim ngga di fix udah seminggu juga aneh,bug ngga revive rekan tim ngga fix seminggu aneh,bug ngga revive rekan tim ngga fix minggu aneh
2026-05-19 11:31:25,"setelah update event sparta, jaringan sering ga stabil, padahal wifi ku krncang bgt, dites ke game yang lain aman aja lancar jaya, game pubg sering bermasalah kalau dah update",3,setelah update event sparta jaringan sering ga stabil padahal wifi ku krncang bgt dites ke game yang lain aman aja lancar jaya game pubg sering bermasalah kalau dah update,update event sparta jaringan stabil wifi ku krncang dites aman lancar jaya bermasalah dah update,update event sparta jaring stabil wifi ku krncang tes aman lancar jaya masalah dah update
2026-05-19 11:24:00,bug lagi main map livik layar getar padahal gyro pas ngeschope kadang geter kadang normal aneh,1,bug lagi main map livik layar getar padahal gyro pas ngeschope kadang geter kadang normal aneh,bug main map livik layar getar gyro ngeschope kadang geter kadang normal aneh,bug main map livik layar getar gyro ngeschope kadang geter kadang normal aneh
2026-05-19 11:03:50,"makin ga jelas sekarang,tiba² log out dan ga bisa masuk lagi,padahal udah 7 th",1,makin ga jelas sekarangtiba log out dan ga bisa masuk lagipadahal udah th,sekarangtiba log out masuk lagipadahal th,sekarangtiba log out masuk lagipadahal th
2026-05-19 10:22:53,aku ya ora paham arep komen kepriwe. soale uneg2 ku uwis wakilna kabeh.. ya pokoke doa ku sing terbaik bae y kanggo sedulur2.,5,aku ya ora paham arep komen kepriwe soale uneg ku uwis wakilna kabeh ya pokoke doa ku sing terbaik bae y kanggo sedulur,ora paham arep komen kepriwe soale uneg ku uwis wakilna kabeh pokoke doa ku sing terbaik bae y kanggo sedulur,ora paham arep komen kepriwe soale uneg ku uwis wakilna kabeh pokoke doa ku sing baik bae y kanggo dulur
2026-05-19 10:20:40,bagus,5,bagus,bagus,bagus
2026-05-19 10:00:13,game nya seru lancar dihp kentangku,4,game nya seru lancar dihp kentangku,seru lancar dihp kentangku,seru lancar dihp kentang
2026-05-19 09:58:40,ADMIN YANG MEMBUAT GAME INI TOLONG!!perbaiki pubg mobile saya karena setiap saya mau main tiba tiba pubg saya sangkut sangkut atau patah patah dan ada keluar suara nyangkut tolong di perbaiki lagi mohon saya mau main pubg saya seperti dulu lancar dan ngak patah patah..................tapi boong,3,admin yang membuat game ini tolongperbaiki pubg mobile saya karena setiap saya mau main tiba tiba pubg saya sangkut sangkut atau patah patah dan ada keluar suara nyangkut tolong di perbaiki lagi mohon saya mau main pubg saya seperti dulu lancar dan ngak patah patahtapi boong,admin tolongperbaiki mobile main sangkut sangkut patah patah suara nyangkut tolong perbaiki mohon main lancar ngak patah patahtapi boong,admin tolongperbaiki mobile main sangkut sangkut patah patah suara nyangkut tolong baik mohon main lancar ngak patah patahtapi boong
2026-05-19 09:55:47,bagi skin gratis dong atau use gratis 😂👍👍,5,bagi skin gratis dong atau use gratis,skin gratis use gratis,skin gratis use gratis
2026-05-19 09:49:04,good game,5,good game,good,good
2026-05-19 08:55:02,ok lah,4,ok lah,ok,ok
2026-05-19 08:39:24,broadcast tim untuk M416 the fool di kasi juga biar tambh bagus,3,broadcast tim untuk m the fool di kasi juga biar tambh bagus,broadcast tim m the fool kasi tambh bagus,broadcast tim m the fool kasi tambh bagus
2026-05-19 08:33:06,mantap pokoknyaaa,5,mantap pokoknyaaa,mantap pokoknyaaa,mantap pokoknyaaa
2026-05-19 08:25:09,"akhirnya saya uninstall,pembaruan yang sangat sering dan bertele tele lama lama membosankan",1,akhirnya saya uninstallpembaruan yang sangat sering dan bertele tele lama lama membosankan,uninstallpembaruan bertele tele membosankan,uninstallpembaruan tele tele bosan
2026-05-19 07:44:52,geme nyseru,5,geme nyseru,geme nyseru,geme nyseru
2026-05-19 07:39:00,kenapa ya kalau mau msuk main gak bisa2 soalnya lagi gak cukup pemainnya gitu cape nungguin gak msuk2 bosen mending GK main PUBG lgi ku hps apk nya,1,kenapa ya kalau mau msuk main gak bisa soalnya lagi gak cukup pemainnya gitu cape nungguin gak msuk bosen mending gk main pubg lgi ku hps apk nya,msuk main pemainnya gitu cape nungguin msuk bosen mending gk main lgi ku hps apk,msuk main main gitu cape nungguin msuk bosen mending gk main lgi ku hps apk
2026-05-19 06:40:57,Sangat Ber adrenalin Tinggi ☝📈,5,sangat ber adrenalin tinggi,ber adrenalin,ber adrenalin
2026-05-19 05:52:32,"animasi bergerak saat download data Tolong di hilangkan aggar tidak terlalu berat, soalnya di hp tertentu kadang bisa keluar sendiri dari aplikasi pubg",2,animasi bergerak saat download data tolong di hilangkan aggar tidak terlalu berat soalnya di hp tertentu kadang bisa keluar sendiri dari aplikasi pubg,animasi bergerak download data tolong hilangkan aggar berat hp kadang aplikasi,animasi gerak download data tolong hilang aggar berat hp kadang aplikasi
2026-05-19 04:56:20,"ada kendala obb runing sehabis update, adakah solusi nya ?",5,ada kendala obb runing sehabis update adakah solusi nya,kendala obb runing sehabis update adakah solusi,kendala obb runing habis update ada solusi
2026-05-19 04:35:28,mantep,5,mantep,mantep,mantep
2026-05-19 04:28:11,"Tolong lah match matching Solo jangan di bikin lama"" cape kita yang push conqueror, kesalip terus soalnya match matching nya lama kali. tolong ya di perbaiki.",1,tolong lah match matching solo jangan di bikin lama cape kita yang push conqueror kesalip terus soalnya match matching nya lama kali tolong ya di perbaiki,tolong match matching solo cape push conqueror kesalip match matching kali tolong perbaiki,tolong match matching solo cape push conqueror salip match matching kali tolong baik
2026-05-19 03:49:30,semakin capek mainnya,3,semakin capek mainnya,capek mainnya,capek main
2026-05-19 03:19:17,PUGB MOBIL TOLONG LAH kasi bot semua saya lagi pus conqueror ini,5,pugb mobil tolong lah kasi bot semua saya lagi pus conqueror ini,pugb mobil tolong kasi bot pus conqueror,pugb mobil tolong kasi bot pus conqueror
2026-05-19 03:18:09,kebanyakan event .bikin lemot bug ya ampun frem parah.. coba turun sedikit biar gak ngelek trus ..parahh..smkin hancur,1,kebanyakan event bikin lemot bug ya ampun frem parah coba turun sedikit biar gak ngelek trus parahhsmkin hancur,kebanyakan event lemot bug ampun frem parah coba turun ngelek parahhsmkin hancur,banyak event lot bug ampun frem parah coba turun ngelek parahhsmkin hancur
2026-05-19 03:08:34,sangat bagus,5,sangat bagus,bagus,bagus
2026-05-19 01:48:32,masih kurang smooth,3,masih kurang smooth,smooth,smooth
2026-05-19 01:08:21,"Mohon maaf min,bisa ga sih nominal downloadnya diturunkan sekitar MB aj sih kasian yg hpnya ga tahan pengen main game ini",5,mohon maaf minbisa ga sih nominal downloadnya diturunkan sekitar mb aj sih kasian yg hpnya ga tahan pengen main game ini,mohon maaf minbisa nominal downloadnya diturunkan mb aj kasian hpnya tahan pengen main,mohon maaf minbisa nominal downloadnya turun mb aj kasi hpnya tahan ken main
2026-05-19 00:24:22,ngelek sinyalll nya sering kluar sendiri knpaa,5,ngelek sinyalll nya sering kluar sendiri knpaa,ngelek sinyalll kluar knpaa,ngelek sinyalll kluar knpaa
2026-05-19 00:23:24,semuanya dah bagus cuma servernya lag banget anjir perbaiki lah pliss aku herannn,3,semuanya dah bagus cuma servernya lag banget anjir perbaiki lah pliss aku herannn,dah bagus servernya lag anjir perbaiki pliss herannn,dah bagus servernya lag anjir baik pliss herannn
2026-05-18 23:41:40,"tolong lah benerin bug nya . sering banget pas baru turun karakter mengapung di atas tanah , bangunan rumah juga gak terlihat masih bentuk ager ager",3,tolong lah benerin bug nya sering banget pas baru turun karakter mengapung di atas tanah bangunan rumah juga gak terlihat masih bentuk ager ager,tolong benerin bug turun karakter mengapung tanah bangunan rumah bentuk ager ager,tolong benerin bug turun karakter apung tanah bangun rumah bentuk ager ager
2026-05-18 23:29:11,kenapa bisa PUBG mobile ku kekeranya lari lari ntah keman sekop x3 sama x6 nak,5,kenapa bisa pubg mobile ku kekeranya lari lari ntah keman sekop x sama x nak,mobile ku kekeranya lari lari ntah keman sekop x x nak,mobile ku kera lari lari ntah keman sekop x x nak
2026-05-18 23:10:04,abis update selalu gabisa dibuka bapuk,1,abis update selalu gabisa dibuka bapuk,abis update gabisa dibuka bapuk,abis update gabisa buka bapuk
2026-05-18 23:09:43,Oke,5,oke,oke,oke
2026-05-18 23:09:01,mantap bro,5,mantap bro,mantap bro,mantap bro
2026-05-18 23:08:51,#HIBURAN MANTAP 👍,5,hiburan mantap,hiburan mantap,hibur mantap
2026-05-18 23:03:43,mau tanya kenapa habis update PUBG saya mau selamatin kawan Tombol Selamatkan nya hilang ya,5,mau tanya kenapa habis update pubg saya mau selamatin kawan tombol selamatkan nya hilang ya,habis update selamatin kawan tombol selamatkan hilang,habis update selamatin kawan tombol selamat hilang
2026-05-18 22:17:32,game kontol kakean bug,1,game kontol kakean bug,kontol kakean bug,kontol kakean bug
2026-05-18 22:12:29,game korupsi,5,game korupsi,korupsi,korupsi
2026-05-18 22:10:55,Pubg burik ep ep bagus,5,pubg burik ep ep bagus,burik ep ep bagus,burik ep ep bagus
2026-05-18 21:48:58,udah makin aneh..banyak cheater..game lawak.. tolong di update lebih baik lagi...,1,udah makin anehbanyak cheatergame lawak tolong di update lebih baik lagi,anehbanyak cheatergame lawak tolong update,anehbanyak cheatergame lawak tolong update
2026-05-18 21:24:49,update event mulu heran. tombol revive menghilang ni.,1,update event mulu heran tombol revive menghilang ni,update event mulu heran tombol revive menghilang ni,update event mulu heran tombol revive hilang ni
2026-05-18 20:50:50,game kok kaya gini sihh gahh bisa masuk masuk sihh bang tolong perbaikannya dong,1,game kok kaya gini sihh gahh bisa masuk masuk sihh bang tolong perbaikannya dong,kaya gini sihh gahh masuk masuk sihh bang tolong perbaikannya,kaya gin sihh gahh masuk masuk sihh bang tolong baik
2026-05-18 20:45:59,🥰🥰🥰,5,,,
2026-05-18 20:37:38,Game terbaik,5,game terbaik,terbaik,baik
2026-05-18 20:30:54,"ifen mancing tolol , tombol geser eror mancing apa tolol",5,ifen mancing tolol tombol geser eror mancing apa tolol,ifen mancing tolol tombol geser eror mancing tolol,ifen mancing tolol tombol geser eror mancing tolol
2026-05-18 20:30:22,"knpa y sya udh dowload kok sering balik"" gmna bng apa hp sya tdk kuat y",1,knpa y sya udh dowload kok sering balik gmna bng apa hp sya tdk kuat y,knpa y sya udh dowload gmna bng hp sya tdk kuat y,knpa y sya udh dowload gmna bng hp sya tdk kuat y
2026-05-18 20:12:30,game kntlll GB nya banyak tlll yg bikin kek kntlll,1,game kntlll gb nya banyak tlll yg bikin kek kntlll,kntlll gb tlll kek kntlll,kntlll gb tlll kek kntlll
2026-05-18 20:06:46,Saya tidak suka dengan adanya pergantian server yang mengharuskan menunggu 60 hari.. Tolong kembalikan pergantian server seperti semula.. terima kasih..,5,saya tidak suka dengan adanya pergantian server yang mengharuskan menunggu hari tolong kembalikan pergantian server seperti semula terima kasih,suka pergantian server mengharuskan menunggu tolong kembalikan pergantian server terima kasih,suka ganti server harus tunggu tolong kembali ganti server terima kasih
2026-05-18 19:57:06,saking pengennya bermain game ini gua paksa HP kentang ini buat instal,5,saking pengennya bermain game ini gua paksa hp kentang ini buat instal,saking pengennya bermain paksa hp kentang instal,saking ken main paksa hp kentang instal
2026-05-18 19:47:32,"udah di update PUBG kukira bagus makin sini malah kek ep ep, tandain map ada suara notifnya, dikit dikit ada suara notif dari sistem entah suara apa, jaringan bagus di lobby udah okey pas main di atas 100 ms, udah gitu setingan pas update di ubah"" makin sini makin gak jelas",1,udah di update pubg kukira bagus makin sini malah kek ep ep tandain map ada suara notifnya dikit dikit ada suara notif dari sistem entah suara apa jaringan bagus di lobby udah okey pas main di atas ms udah gitu setingan pas update di ubah makin sini makin gak jelas,update kukira bagus kek ep ep tandain map suara notifnya dikit dikit suara notif sistem suara jaringan bagus lobby okey main ms gitu setingan update ubah,update kira bagus kek ep ep tandain map suara notifnya dikit dikit suara notif sistem suara jaring bagus lobby okey main ms gitu ting update ubah
2026-05-18 19:37:38,"tiap gacha susah dpat skin bagus ,padahal akun sudah lama di pakai",2,tiap gacha susah dpat skin bagus padahal akun sudah lama di pakai,gacha susah dpat skin bagus akun pakai,gacha susah dpat skin bagus akun pakai
2026-05-18 19:28:15,"bug di peta Rondo tolong cepat diperbaiki letaknya di Yun Gu (tempat recall) beberapa kali turun tidak ada senjata atau apapun sama sekali, bener-bener cuma bangunan aja polos.",3,bug di peta rondo tolong cepat diperbaiki letaknya di yun gu tempat recall beberapa kali turun tidak ada senjata atau apapun sama sekali benerbener cuma bangunan aja polos,bug peta rondo tolong cepat diperbaiki letaknya yun gu recall kali turun senjata apapun benerbener bangunan polos,bug peta rondo tolong cepat baik letak yun gu recall kali turun senjata apa benerbener bangun polos
2026-05-18 19:19:52,Sekaran banyak bak Nia Uda apdeit Nia buruk lagi kangen PUBG Ian dulu🥲,1,sekaran banyak bak nia uda apdeit nia buruk lagi kangen pubg ian dulu,sekaran bak nia uda apdeit nia buruk kangen ian,sekar bak nia uda apdeit nia buruk kangen ian
2026-05-18 18:59:13,"ini kenapa, pas saya apdate aplikasinya tidak bisa di gunakan lagi, gimana ini, tolong perbaiki lagi aplikasinya",2,ini kenapa pas saya apdate aplikasinya tidak bisa di gunakan lagi gimana ini tolong perbaiki lagi aplikasinya,apdate aplikasinya gimana tolong perbaiki aplikasinya,apdate aplikasi gimana tolong baik aplikasi
2026-05-18 18:53:46,dulu hp saya hampir meledak tapi sekarang engak lagi,5,dulu hp saya hampir meledak tapi sekarang engak lagi,hp meledak engak,hp ledak engak
2026-05-18 18:49:26,game nya KLO loading saat pertama kali download lama bgt,1,game nya klo loading saat pertama kali download lama bgt,klo loading kali download,klo loading kali download
2026-05-18 18:36:38,bagus game nya tapi jangan berat berat,5,bagus game nya tapi jangan berat berat,bagus berat berat,bagus berat berat
2026-05-18 18:10:49,💝,5,,,
2026-05-18 18:00:18,"ada bugg render building ketika turun dari pesawat, tapi saya kasih bintang lima berharap cepat di perbaiki",5,ada bugg render building ketika turun dari pesawat tapi saya kasih bintang lima berharap cepat di perbaiki,bugg render building turun pesawat kasih bintang berharap cepat perbaiki,bugg render building turun pesawat kasih bintang harap cepat baik
2026-05-18 17:55:16,kenapa setelah update 4.4 saya login harus menggunakan vpn? padahal saya sedang berada di malaysia. tolong di perbaiki .karena di versi sebelum nya normal2 saja,4,kenapa setelah update saya login harus menggunakan vpn padahal saya sedang berada di malaysia tolong di perbaiki karena di versi sebelum nya normal saja,update login vpn malaysia tolong perbaiki versi normal,update login vpn malaysia tolong baik versi normal
2026-05-18 17:43:47,oke,5,oke,oke,oke
2026-05-18 17:35:49,please fix bug Sensivity bottom,1,please fix bug sensivity bottom,please fix bug sensivity bottom,please fix bug sensivity bottom
2026-05-18 17:33:51,ok,5,ok,ok,ok
2026-05-18 17:27:01,lama sekali sih loading nya hapus aja loadingnya,4,lama sekali sih loading nya hapus aja loadingnya,loading hapus loadingnya,loading hapus loadingnya
2026-05-18 17:26:36,low rank di kasih musuh jago-jago? bro? you kidding?,1,low rank di kasih musuh jagojago bro you kidding,low rank kasih musuh jagojago bro you kidding,low rank kasih musuh jagojago bro you kidding
2026-05-18 16:58:06,"temen saya gak ada tombol revive, karena itu saya mati",1,temen saya gak ada tombol revive karena itu saya mati,temen tombol revive mati,temen tombol revive mati
2026-05-18 16:37:09,Sangat bagus dari sigi kecepatan dan tdak lelet seperti sebelomnya.,5,sangat bagus dari sigi kecepatan dan tdak lelet seperti sebelomnya,bagus sigi kecepatan tdak lelet sebelomnya,bagus sigi cepat tdak lelet bom
2026-05-18 16:12:47,download nya terlalu agak lama,3,download nya terlalu agak lama,download,download
2026-05-18 16:09:19,"update terbaru kali ini sangat tidak bagus, selalu kena bug tombol selamatkan teman, tolong di perhatikan",3,update terbaru kali ini sangat tidak bagus selalu kena bug tombol selamatkan teman tolong di perhatikan,update terbaru kali bagus kena bug tombol selamatkan teman tolong perhatikan,update baru kali bagus kena bug tombol selamat teman tolong perhati
2026-05-18 13:12:25,game nya asik seru lah,5,game nya asik seru lah,asik seru,asik seru
2026-05-18 12:58:43,cartoon game,5,cartoon game,cartoon,cartoon
2026-05-18 12:48:50,mantap,5,mantap,mantap,mantap
2026-05-18 12:39:59,game nya bagus tapi kadang ada yang ngechet,5,game nya bagus tapi kadang ada yang ngechet,bagus kadang ngechet,bagus kadang ngechet
2026-05-18 12:35:24,tombol revive ga keluar sering banget nyusahin,3,tombol revive ga keluar sering banget nyusahin,tombol revive nyusahin,tombol revive nyusahin
2026-05-18 12:33:14,"makin kesini makin joss sihh,,kekurangan nya cuma waktu pencarian di renk solo bisa""sampai 6/7 menitan,,jadi kurang seru main solo,,apa lag sayai player solo,,tolong perbaiki",4,makin kesini makin joss sihhkekurangan nya cuma waktu pencarian di renk solo bisasampai menitanjadi kurang seru main soloapa lag sayai player solotolong perbaiki,kesini joss sihhkekurangan pencarian renk solo bisasampai menitanjadi seru main soloapa lag sayai player solotolong perbaiki,kesini joss sihhkekurangan cari renk solo bisasampai menitanjadi seru main soloapa lag saya player solotolong baik
2026-05-18 12:11:31,"ga bisa masuk ke gem nya,pas udah di unduh mau di mainkan ga bisa masuk ke gem tolong di perbaiki ya tolong aku mau main plis baca",1,ga bisa masuk ke gem nyapas udah di unduh mau di mainkan ga bisa masuk ke gem tolong di perbaiki ya tolong aku mau main plis baca,masuk gem nyapas unduh mainkan masuk gem tolong perbaiki tolong main plis baca,masuk gem nyapas unduh main masuk gem tolong baik tolong main plis baca
2026-05-18 11:54:18,"saya suka game ini, sya penggemar perang.",5,saya suka game ini sya penggemar perang,suka sya penggemar perang,suka sya gemar perang
2026-05-18 11:50:38,"RANKED SUDAH KAYAK GAME MOBA , AMPAS",1,ranked sudah kayak game moba ampas,ranked moba ampas,ranked moba ampas
2026-05-18 11:43:07,"game ini sarangnya bug setiap saya main pasti ada bug tidak responsif,pas saya laporin cuma di diemin bukan di benerin",1,game ini sarangnya bug setiap saya main pasti ada bug tidak responsifpas saya laporin cuma di diemin bukan di benerin,sarangnya bug main bug responsifpas laporin diemin benerin,sarang bug main bug responsifpas laporin diemin benerin
2026-05-18 11:33:38,saya harap jangan asal bandit akun pemain teliti dulu yg berbuat curang atau tidak,5,saya harap jangan asal bandit akun pemain teliti dulu yg berbuat curang atau tidak,harap bandit akun pemain teliti berbuat curang,harap bandit akun main teliti buat curang
2026-05-18 11:32:04,"setelah update,kenapa gini?rusak?",5,setelah updatekenapa ginirusak,updatekenapa ginirusak,updatekenapa ginirusak
2026-05-18 11:27:41,mantab,5,mantab,mantab,mantab
2026-05-18 11:13:53,permainan yg menguji adrenalin sasama kawan dan melawan musu seperti tentar di nyata,5,permainan yg menguji adrenalin sasama kawan dan melawan musu seperti tentar di nyata,permainan menguji adrenalin sasama kawan melawan musu tentar nyata,main uji adrenalin sasama kawan lawan musu tentar nyata
2026-05-18 10:22:19,"makin kesini makin banyak bug eror, gyro suka gerak sendiri, mau ngunduh pembaruan aja leletnya minta ampun",2,makin kesini makin banyak bug eror gyro suka gerak sendiri mau ngunduh pembaruan aja leletnya minta ampun,kesini bug eror gyro suka gerak ngunduh pembaruan leletnya ampun,kesini bug eror gyro suka gerak ngunduh baru lelet ampun
2026-05-18 10:00:14,udah gua kasih bintang 5 mau M416 glacier dong min 🗿,5,udah gua kasih bintang mau m glacier dong min,kasih bintang m glacier min,kasih bintang m glacier min
2026-05-18 09:50:19,"update season ini buruk,koneksi tidak stabil,tombol revive tidak muncul,shortcut ganti medkit,pain killer tidak fungsi harus buka tas untuk menggunakan medkit atau pain killer",1,update season ini burukkoneksi tidak stabiltombol revive tidak munculshortcut ganti medkitpain killer tidak fungsi harus buka tas untuk menggunakan medkit atau pain killer,update season burukkoneksi stabiltombol revive munculshortcut ganti medkitpain killer fungsi buka tas medkit pain killer,update season burukkoneksi stabiltombol revive munculshortcut ganti medkitpain killer fungsi buka tas medkit pain killer
2026-05-18 08:54:31,game seruuuuuuuuuuuuuu,5,game seruuuuuuuuuuuuuu,seruuuuuuuuuuuuuu,seruuuuuuuuuuuuuu
2026-05-18 08:48:25,keren,5,keren,keren,keren
2026-05-18 07:53:00,edit 18 mei 2026 bug lagi bug lagi dan lagi yakni pada self revive tidak bisa di gunakan yang padahal ADA!!! di dalam backpack sangat wow banget,1,edit mei bug lagi bug lagi dan lagi yakni pada self revive tidak bisa di gunakan yang padahal ada di dalam backpack sangat wow banget,edit mei bug bug self revive backpack wow,edit mei bug bug self revive backpack wow
2026-05-18 07:08:52,Versi 4.4 ada BUG tombol heal tidak muncul saat team knock !! sama tolong hilangkan bot bikin bosen main,1,versi ada bug tombol heal tidak muncul saat team knock sama tolong hilangkan bot bikin bosen main,versi bug tombol heal muncul team knock tolong hilangkan bot bosen main,versi bug tombol heal muncul team knock tolong hilang bot bosen main
2026-05-18 06:20:06,"knapa setiap kali perlu download latar belakang,,, rasa2 pengen gw hapus aja ini game",1,knapa setiap kali perlu download latar belakang rasa pengen gw hapus aja ini game,knapa kali download latar pengen hapus,knapa kali download latar ken hapus
2026-05-18 06:14:22,"ya oke,cmn aku tdk bisa mainnya",5,ya okecmn aku tdk bisa mainnya,okecmn tdk mainnya,okecmn tdk main
2026-05-18 04:49:16,mohon diberi kelancaran untuk hp 4 ram,5,mohon diberi kelancaran untuk hp ram,mohon kelancaran hp ram,mohon lancar hp ram
2026-05-18 03:41:35,tolong game terlalu banyak BUG versi 4.4 1 tidak ada tombol revive teman 2 bug heal 3 map sering muncul icon ngak jelas,5,tolong game terlalu banyak bug versi tidak ada tombol revive teman bug heal map sering muncul icon ngak jelas,tolong bug versi tombol revive teman bug heal map muncul icon ngak,tolong bug versi tombol revive teman bug heal map muncul icon ngak
2026-05-18 03:10:08,"saya sudah melakukan pembayaran melalui metode qr bayar untuk pembelian UC, saldo saya sudah terpotong yang menandakan pembayaran telah berhasil dilakukan, namun pihak pubg secara sepihak mengatakan ""purchase failed"" dan UC saya sama sekali tidak bertambah, solusi apa yang bisa diberikan oleh developer game sampah ini",1,saya sudah melakukan pembayaran melalui metode qr bayar untuk pembelian uc saldo saya sudah terpotong yang menandakan pembayaran telah berhasil dilakukan namun pihak pubg secara sepihak mengatakan purchase failed dan uc saya sama sekali tidak bertambah solusi apa yang bisa diberikan oleh developer game sampah ini,pembayaran metode qr bayar pembelian uc saldo terpotong menandakan pembayaran berhasil purchase failed uc bertambah solusi developer sampah,bayar metode qr bayar beli uc saldo potong tanda bayar hasil purchase failed uc tambah solusi developer sampah
2026-05-18 02:36:44,mengapa sesudah update game ini tidak bisa di buka..?,4,mengapa sesudah update game ini tidak bisa di buka,update buka,update buka
2026-05-18 02:14:28,game busuk sekali setiap main teman knock kita ga bisa revive karna ga ada tombol nya + nya,1,game busuk sekali setiap main teman knock kita ga bisa revive karna ga ada tombol nya nya,busuk main teman knock revive karna tombol,busuk main teman knock revive karna tombol
2026-05-18 01:36:45,kok GK bisa di buka pubg ini ada apa???,1,kok gk bisa di buka pubg ini ada apa,gk buka,gk buka
2026-05-18 01:29:38,kenapa pubg saya patah2 min.. device saya iqoo z10,3,kenapa pubg saya patah min device saya iqoo z,patah min device iqoo z,patah min device iqoo z
2026-05-18 00:38:36,gema yg bagus,5,gema yg bagus,gema bagus,gema bagus
2026-05-18 00:23:05,"game ajgg ,ngerusak mood cewek orang aja lu brengsek ,benerin tuh jaringan server",1,game ajgg ngerusak mood cewek orang aja lu brengsek benerin tuh jaringan server,ajgg ngerusak mood cewek orang brengsek benerin tuh jaringan server,ajgg ngerusak mood cewek orang brengsek benerin tuh jaring server
2026-05-18 00:03:07,bug audio setelah update 4.4,1,bug audio setelah update,bug audio update,bug audio update
2026-05-17 23:19:25,gem ini kaku banget dan pateh patah tapi bagus sih aku kasih bintang 5,5,gem ini kaku banget dan pateh patah tapi bagus sih aku kasih bintang,gem kaku pateh patah bagus kasih bintang,gem kaku pateh patah bagus kasih bintang
2026-05-17 23:04:38,memang game banyak bug udah mau chicken ttap masih di troll dasar game sampah betulin dulu bug tuh masa tinggal gua di map masih tetap juara 2,1,memang game banyak bug udah mau chicken ttap masih di troll dasar game sampah betulin dulu bug tuh masa tinggal gua di map masih tetap juara,bug chicken ttap troll dasar sampah betulin bug tuh tinggal map juara,bug chicken ttap troll dasar sampah betulin bug tuh tinggal map juara
2026-05-17 22:55:59,ko ngga bisa di instal ya😕,2,ko ngga bisa di instal ya,ko ngga instal,ko ngga instal
2026-05-17 22:43:29,Tolong di update agar support menggunakan gamepad controller,5,tolong di update agar support menggunakan gamepad controller,tolong update support gamepad controller,tolong update support gamepad controller
2026-05-17 22:18:45,makin berat game nya rusak tolong jangan ada update lgi kami yg player hp kentang menangis😭😓,5,makin berat game nya rusak tolong jangan ada update lgi kami yg player hp kentang menangis,berat rusak tolong update lgi player hp kentang menangis,berat rusak tolong update lgi player hp kentang menang
2026-05-17 22:16:45,Tolong sistem rank nya dipermudah dong.,5,tolong sistem rank nya dipermudah dong,tolong sistem rank dipermudah,tolong sistem rank mudah
2026-05-17 21:19:32,gokil,5,gokil,gokil,gokil
2026-05-17 21:01:36,update terus bodok,1,update terus bodok,update bodok,update bodok
2026-05-17 20:50:06,melatih emosi,5,melatih emosi,melatih emosi,latih emosi
2026-05-17 20:39:36,"terlalu banyak update ,tidak cocok untuk hp ram kecil,tolong dikurangi untuk updatenya",1,terlalu banyak update tidak cocok untuk hp ram keciltolong dikurangi untuk updatenya,update cocok hp ram keciltolong dikurangi updatenya,update cocok hp ram keciltolong rang updatenya
2026-05-17 20:30:09,Pubg sekarang trus Ada updatean kenpa?,4,pubg sekarang trus ada updatean kenpa,updatean kenpa,updatean kenpa
2026-05-17 20:25:23,kebanyakan eror di obb,3,kebanyakan eror di obb,kebanyakan eror obb,banyak eror obb
2026-05-17 20:13:30,game kok ngetamu awokawok game haram,1,game kok ngetamu awokawok game haram,ngetamu awokawok haram,ngetamu awokawok haram
2026-05-17 20:08:40,keren,1,keren,keren,keren
2026-05-17 19:53:22,kasih Update M416 glacier kasih! Animasi Ganti Senjata! cepatan!😠😡 skin M416 lain ada efek Animasi Ganti Senjata! skin M416 Glacier gak ada Efak Animasi Ganti senjata😠😡 ini kalau gak di kasih update aku gak mau kasih Bintang 5 😠,2,kasih update m glacier kasih animasi ganti senjata cepatan skin m lain ada efek animasi ganti senjata skin m glacier gak ada efak animasi ganti senjata ini kalau gak di kasih update aku gak mau kasih bintang,kasih update m glacier kasih animasi ganti senjata cepatan skin m efek animasi ganti senjata skin m glacier efak animasi ganti senjata kasih update kasih bintang,kasih update m glacier kasih animasi ganti senjata cepat skin m efek animasi ganti senjata skin m glacier efak animasi ganti senjata kasih update kasih bintang
2026-05-17 19:13:30,hilangin naik tier granding dong,1,hilangin naik tier granding dong,hilangin tier granding,hilangin tier granding
2026-05-17 19:01:37,GLACIER M416 SWITCH EFFECT tidak ada parah pubg,1,glacier m switch effect tidak ada parah pubg,glacier m switch effect parah,glacier m switch effect parah
2026-05-17 18:47:42,COBALAH BERPIKIR DAN HAPUS GRADING DARI GAME INI,1,cobalah berpikir dan hapus grading dari game ini,cobalah berpikir hapus grading,coba pikir hapus grading
2026-05-17 18:46:24,dapetin akun baru dan diamond ku banyak makasih ya baby,5,dapetin akun baru dan diamond ku banyak makasih ya baby,dapetin akun diamond ku makasih baby,dapetin akun diamond ku makasih baby
2026-05-17 18:10:42,"Adakah versi untuk main di HP kentang biar buat seru-seruan , sudah lama pensi karna penyimpanan dan lebih banyak update, padahal awal perilisannya gamenya sangat seru dan lebih fun.",3,adakah versi untuk main di hp kentang biar buat seruseruan sudah lama pensi karna penyimpanan dan lebih banyak update padahal awal perilisannya gamenya sangat seru dan lebih fun,adakah versi main hp kentang seruseruan pensi karna penyimpanan update perilisannya gamenya seru fun,ada versi main hp kentang seruseruan pensi karna simpan update rilis gamenya seru fun
2026-05-17 18:05:47,Terima kasih Plafon pencipta Game PUBG MOBILE semakin seru Pada tiap Chapter Baru di Metro Royale lebih Menarik jika Tabahan Proplayer berjumlah 100 selain Dari Boot,5,terima kasih plafon pencipta game pubg mobile semakin seru pada tiap chapter baru di metro royale lebih menarik jika tabahan proplayer berjumlah selain dari boot,terima kasih plafon pencipta mobile seru chapter metro royale menarik tabahan proplayer boot,terima kasih plafon cipta mobile seru chapter metro royale tarik tabah proplayer boot
2026-05-17 18:04:02,aku sukaaaaaaaaaaaaaaa klu ada update terbaru,5,aku sukaaaaaaaaaaaaaaa klu ada update terbaru,sukaaaaaaaaaaaaaaa klu update terbaru,sukaaaaaaaaaaaaaaa klu update baru
2026-05-17 17:57:47,tolong kembalikan pubg jaman dulu saja itu yang kami butuh,5,tolong kembalikan pubg jaman dulu saja itu yang kami butuh,tolong kembalikan jaman butuh,tolong kembali jaman butuh
2026-05-17 17:47:15,tolong dong aku main gak ada tombol rifef nya tadi malem udah 3× kayak gitu terus 😭udah usaha apa pun masih aja gak adatuh tombol nya,4,tolong dong aku main gak ada tombol rifef nya tadi malem udah kayak gitu terus udah usaha apa pun masih aja gak adatuh tombol nya,tolong main tombol rifef malem gitu usaha adatuh tombol,tolong main tombol rifef malem gitu usaha adatuh tombol
2026-05-17 17:33:38,"hp gw dah triak2 jir "" gak kuat bang! jan update mulu """,4,hp gw dah triak jir gak kuat bang jan update mulu,hp dah triak jir kuat bang jan update mulu,hp dah triak jir kuat bang jan update mulu
2026-05-17 17:28:56,menghilangkan stress saya,5,menghilangkan stress saya,menghilangkan stress,hilang stress
2026-05-17 16:52:24,"tolong perbaiki game nya,sering ngebug kalo lagi update gal bisa masuk game",2,tolong perbaiki game nyasering ngebug kalo lagi update gal bisa masuk game,tolong perbaiki nyasering ngebug update gal masuk,tolong baik nyasering ngebug update gal masuk
2026-05-17 16:04:48,Saya harap pihak developer bisa memberikan update event yang lebih besar lagi di season mendatang 🙏🏻,5,saya harap pihak developer bisa memberikan update event yang lebih besar lagi di season mendatang,harap developer update event season,harap developer update event season
2026-05-17 15:50:49,kenapa sering update terus..,4,kenapa sering update terus,update,update
2026-05-17 15:45:36,bug tombol tembak hilang,1,bug tombol tembak hilang,bug tombol tembak hilang,bug tombol tembak hilang
2026-05-17 15:37:53,"makin lama makin besar. GK bisah lagi main pkek hp yang biasa buat main. kmaren masih sson 2 main pkek hp siomi ram 4 udah pro kali awak. kalo sekarang jangan cobak"".",5,makin lama makin besar gk bisah lagi main pkek hp yang biasa buat main kmaren masih sson main pkek hp siomi ram udah pro kali awak kalo sekarang jangan cobak,gk bisah main pkek hp main kmaren sson main pkek hp siomi ram pro kali awak cobak,gk bisah main pkek hp main kmaren sson main pkek hp siomi ram pro kali awak cobak
2026-05-17 15:27:21,game nya bagus sekali!!,5,game nya bagus sekali,bagus,bagus
2026-05-17 15:08:20,"tolong bug nya di perbaiki, tombol revive sering hilang dan tombol utk pakai medkit susah di tekan dan untuk penanda step musuh kadang muncul di map kandang tidak ada",3,tolong bug nya di perbaiki tombol revive sering hilang dan tombol utk pakai medkit susah di tekan dan untuk penanda step musuh kadang muncul di map kandang tidak ada,tolong bug perbaiki tombol revive hilang tombol utk pakai medkit susah tekan penanda step musuh kadang muncul map kandang,tolong bug baik tombol revive hilang tombol utk pakai medkit susah tekan tanda step musuh kadang muncul map kandang
2026-05-17 15:07:01,"mengapa saya tidak bisa login pubg mobile?,, padahal sebelumnya bisa, tapi saat ini jika mau login ke pubg mobile selalu keluar sendiri? padahal internet bagus ram masi banyakk?? sudah saya hapus lalu instal lagi tetap sama tidak bisa login pubg mobile",4,mengapa saya tidak bisa login pubg mobile padahal sebelumnya bisa tapi saat ini jika mau login ke pubg mobile selalu keluar sendiri padahal internet bagus ram masi banyakk sudah saya hapus lalu instal lagi tetap sama tidak bisa login pubg mobile,login mobile login mobile internet bagus ram masi banyakk hapus instal login mobile,login mobile login mobile internet bagus ram mas banyakk hapus instal login mobile
2026-05-17 15:05:33,mantap,5,mantap,mantap,mantap
2026-05-17 14:38:58,terlalu sering update,1,terlalu sering update,update,update
2026-05-17 14:37:23,kbnyakan apdat.. pembaharuan terus.. gym tolol,1,kbnyakan apdat pembaharuan terus gym tolol,kbnyakan apdat pembaharuan gym tolol,kbnyakan apdat baharu gym tolol
2026-05-17 14:32:55,goood naiss,5,goood naiss,goood naiss,goood naiss
2026-05-17 14:32:35,bagus bgt grafiknya dan naikkan rank juga tidak sulit,5,bagus bgt grafiknya dan naikkan rank juga tidak sulit,bagus grafiknya naikkan rank sulit,bagus grafik naik rank sulit
2026-05-17 14:11:12,"malah disuruh dowload obb service dan pas mau dowload malah gabisa, jadinyaharus hapus game nya baru dowload lagi aduhh, udah tau dowload nya 1.3 GB cokkk, ditambahharus ngedowload data game nya lagi banyak lah pokoknya aduhh ayolah PUBG yg bener napaa!!!!!",3,malah disuruh dowload obb service dan pas mau dowload malah gabisa jadinyaharus hapus game nya baru dowload lagi aduhh udah tau dowload nya gb cokkk ditambahharus ngedowload data game nya lagi banyak lah pokoknya aduhh ayolah pubg yg bener napaa,disuruh dowload obb service dowload gabisa jadinyaharus hapus dowload aduhh tau dowload gb cokkk ditambahharus ngedowload data pokoknya aduhh ayolah bener napaa,suruh dowload obb service dowload gabisa jadinyaharus hapus dowload aduhh tau dowload gb cokkk ditambahharus ngedowload data pokok aduhh ayo bener napaa
2026-05-17 13:50:58,gilak keren banget,5,gilak keren banget,gilak keren,gilak keren
2026-05-17 13:35:48,gamenya sangat bagus,5,gamenya sangat bagus,gamenya bagus,gamenya bagus
2026-05-17 13:06:07,obb service is running.. selalu bermaslah,2,obb service is running selalu bermaslah,obb service is running bermaslah,obb service is running mas
2026-05-17 12:57:55,berat anjeng,5,berat anjeng,berat anjeng,berat anjeng
2026-05-17 12:51:26,sangat bagus,5,sangat bagus,bagus,bagus
2026-05-17 12:08:55,nganu banget gamenya,5,nganu banget gamenya,nganu gamenya,nganu gamenya
2026-05-17 11:59:10,"kenapa setiap upgrade pasti pakai memori banyak padahal map itu itu sj gak ada yg baru map Evant sj yang berubah, saran kalo bisa buat map baru biar lebih seru dan menantang...",2,kenapa setiap upgrade pasti pakai memori banyak padahal map itu itu sj gak ada yg baru map evant sj yang berubah saran kalo bisa buat map baru biar lebih seru dan menantang,upgrade pakai memori map sj map evant sj berubah saran map seru menantang,upgrade pakai memori map sj map evant sj ubah saran map seru tantang
2026-05-17 11:57:09,"tolong lah pubg, kasih mudah lah sikit dapetin m416 glacier nya..! susah kali pun. jangan lah pelit kali .",1,tolong lah pubg kasih mudah lah sikit dapetin m glacier nya susah kali pun jangan lah pelit kali,tolong kasih mudah sikit dapetin m glacier susah kali pelit kali,tolong kasih mudah sikit dapetin m glacier susah kali pelit kali
2026-05-17 11:48:06,😂bagus maen bersama,5,bagus maen bersama,bagus maen,bagus maen
2026-05-17 11:23:45,buruk makin susah 4.4 un install aja dah ngabisin waktu aja,1,buruk makin susah un install aja dah ngabisin waktu aja,buruk susah un install dah ngabisin,buruk susah un install dah ngabisin
2026-05-17 10:50:38,"Game haram, di fitnah melakukan timming sampe di ban, sekarang ban orang tanpa bukti jelas, klo bener saya melakukan timming coba kirimkan bukti saya melakukan timming, bagusan dipegang tencent sekarang banyak orang cupu yang asal report",1,game haram di fitnah melakukan timming sampe di ban sekarang ban orang tanpa bukti jelas klo bener saya melakukan timming coba kirimkan bukti saya melakukan timming bagusan dipegang tencent sekarang banyak orang cupu yang asal report,haram fitnah timming sampe ban ban orang bukti klo bener timming coba kirimkan bukti timming bagusan dipegang tencent orang cupu report,haram fitnah timming sampe ban ban orang bukti klo bener timming coba kirim bukti timming bagus pegang tencent orang cupu report
2026-05-17 10:43:50,sangat realisasi,1,sangat realisasi,realisasi,realisasi
2026-05-17 10:33:52,"bug tombol tembaknya masih ada babi, masak main tombol tembaknya jadi manual, tusun jadinya tadi main babi",1,bug tombol tembaknya masih ada babi masak main tombol tembaknya jadi manual tusun jadinya tadi main babi,bug tombol tembaknya babi masak main tombol tembaknya manual tusun main babi,bug tombol tembak babi masak main tombol tembak manual tusun main babi
2026-05-17 10:13:05,PUBG burikkkkk FF baru keren,5,pubg burikkkkk ff baru keren,burikkkkk ff keren,burikkkkk ff keren
2026-05-17 10:12:04,HALO KAK..KAK UNTUK UPDATE SEASON DEPAN BUATKAN SETINGAN KONTROL PEGANG SENJATA DI TANGAN KIRI BISA GAK😁😁 KALOK BISA PASTI SERU...,5,halo kakkak untuk update season depan buatkan setingan kontrol pegang senjata di tangan kiri bisa gak kalok bisa pasti seru,halo kakkak update season buatkan setingan kontrol pegang senjata tangan kiri kalok seru,halo kakkak update season buat ting kontrol pegang senjata tangan kiri kalok seru
2026-05-17 10:02:04,aku mau top up kok gak bisa ini?,5,aku mau top up kok gak bisa ini,top up,top up
2026-05-17 09:45:10,gw suka game ini soalnya banyak yang sexs dan banyak karakter cewe belah tengah,5,gw suka game ini soalnya banyak yang sexs dan banyak karakter cewe belah tengah,suka sexs karakter cewe belah,suka sexs karakter cewe belah
2026-05-17 09:39:44,kembalikan soundtrack ON MY WAY,5,kembalikan soundtrack on my way,kembalikan soundtrack on my way,kembali soundtrack on my way
2026-05-17 09:30:00,kualitas nya baguss menarik,5,kualitas nya baguss menarik,kualitas baguss menarik,kualitas baguss tarik
2026-05-17 09:15:13,matchmaking lama banget duo fpp 20 menit,1,matchmaking lama banget duo fpp menit,matchmaking duo fpp menit,matchmaking duo fpp menit
2026-05-17 08:26:02,game nyee ngebak,1,game nyee ngebak,nyee ngebak,nyee ngebak
2026-05-17 08:02:35,pubg eror masa Gak bisa di log in nin,1,pubg eror masa gak bisa di log in nin,eror log in nin,eror log in nin
2026-05-17 07:44:07,berikanlah kehokian pada akun saya 😇,5,berikanlah kehokian pada akun saya,berikanlah kehokian akun,beri hoki akun
2026-05-17 07:34:32,saya suka pubg,5,saya suka pubg,suka,suka
2026-05-17 07:23:25,lebih detail dari pada game sebelah 🫣,5,lebih detail dari pada game sebelah,detail sebelah,detail belah
2026-05-17 06:33:59,nanti di update lagi penilaiannya,4,nanti di update lagi penilaiannya,update penilaiannya,update nilai
2026-05-17 06:32:29,pubg mantap. cuma pubg yg terbaik,5,pubg mantap cuma pubg yg terbaik,mantap terbaik,mantap baik
2026-05-17 06:10:36,Banyak kali bug nya lah. tolong secepat nya di perbaiki,3,banyak kali bug nya lah tolong secepat nya di perbaiki,kali bug tolong secepat perbaiki,kali bug tolong cepat baik
2026-05-17 05:57:23,sorry dikurangi 1bintang.. karena sekrng banyak ngebak nya.. kadang suara TDK terdengar oleh teman trus kadang juga tombol rifev nya hilang.. tolong di perbaiki 🙏🙏🙏,4,sorry dikurangi bintang karena sekrng banyak ngebak nya kadang suara tdk terdengar oleh teman trus kadang juga tombol rifev nya hilang tolong di perbaiki,sorry dikurangi bintang sekrng ngebak kadang suara tdk terdengar teman kadang tombol rifev hilang tolong perbaiki,sorry rang bintang sekrng ngebak kadang suara tdk dengar teman kadang tombol rifev hilang tolong baik
2026-05-17 05:13:35,"Sakit minusNya , rank rendah serasa domi. boring diawal. bukannya ga pro tpi kesan awal udh maen kencang aje minus.",1,sakit minusnya rank rendah serasa domi boring diawal bukannya ga pro tpi kesan awal udh maen kencang aje minus,sakit minusnya rank rendah serasa domi boring diawal pro tpi kesan udh maen kencang aje minus,sakit minus rank rendah serasa dom boring awal pro tpi kesan udh maen kencang aje minus
2026-05-17 05:05:16,mantap dah pokonya,5,mantap dah pokonya,mantap dah pokonya,mantap dah poko
2026-05-17 04:48:50,"tolong perbaiki fitur bug gyroscope, saya pakai device oppo reno 14f 5g, sejak update 4.4 saya kena bug gyroscope, kronologi : saat saya memasuki mode pertempuran gyroscope saya menjadi terbalik, saya sudah cek di setting, saya tidak memakai fitur gyroscope terbalik, tetapi pas saya main ranked ataupun battle royal, gyroscope saya selalu terbalik, tolong dari pihak tencent perbaiki bug ini, saya pun sudah ngecek, untuk sensor gyroscope di device saya berfungsi dengan baik dan normal",1,tolong perbaiki fitur bug gyroscope saya pakai device oppo reno f g sejak update saya kena bug gyroscope kronologi saat saya memasuki mode pertempuran gyroscope saya menjadi terbalik saya sudah cek di setting saya tidak memakai fitur gyroscope terbalik tetapi pas saya main ranked ataupun battle royal gyroscope saya selalu terbalik tolong dari pihak tencent perbaiki bug ini saya pun sudah ngecek untuk sensor gyroscope di device saya berfungsi dengan baik dan normal,tolong perbaiki fitur bug gyroscope pakai device oppo reno f g update kena bug gyroscope kronologi memasuki mode pertempuran gyroscope terbalik cek setting memakai fitur gyroscope terbalik main ranked battle royal gyroscope terbalik tolong tencent perbaiki bug ngecek sensor gyroscope device berfungsi normal,tolong baik fitur bug gyroscope pakai device oppo reno f g update kena bug gyroscope kronologi pasuk mode tempur gyroscope balik cek setting pakai fitur gyroscope balik main ranked battle royal gyroscope balik tolong tencent baik bug ngecek sensor gyroscope device fungsi normal
2026-05-17 03:55:02,"saya suka sekali dengan PUBG Mobile, tapi sayang terlalu banyak memori terkuras dan paket cepat habis.....🙏🙏",5,saya suka sekali dengan pubg mobile tapi sayang terlalu banyak memori terkuras dan paket cepat habis,suka mobile sayang memori terkuras paket cepat habis,suka mobile sayang memori kuras paket cepat habis
2026-05-17 03:13:17,banyak sekali kenangan di tahun 2018 yg tak terlupakan😭,5,banyak sekali kenangan di tahun yg tak terlupakan,kenangan terlupakan,kenang lupa
2026-05-17 02:02:57,setelah update malah gk bisa dibuka,2,setelah update malah gk bisa dibuka,update gk dibuka,update gk buka
2026-05-17 01:34:20,game tidak amanah. saya top up melalui qris transaksi sudah berhasil tapi dalam permainan tidak masuk,1,game tidak amanah saya top up melalui qris transaksi sudah berhasil tapi dalam permainan tidak masuk,amanah top up qris transaksi berhasil permainan masuk,amanah top up qris transaksi hasil main masuk
2026-05-17 01:11:56,benerin bot ai lahh aim nggak ngotak,1,benerin bot ai lahh aim nggak ngotak,benerin bot ai lahh aim nggak ngotak,benerin bot ai lahh aim nggak ngotak
2026-05-17 01:06:26,sudah membaik tapi tidak sempurna,3,sudah membaik tapi tidak sempurna,membaik sempurna,baik sempurna
2026-05-17 00:34:09,terbaiikkkkkkk☺️,5,terbaiikkkkkkk,terbaiikkkkkkk,terbaiikkkkkkk
2026-05-16 23:38:01,"game udah ga jelas dengan sistem grading ditambah player yang memakai handphone terkadang ketemu streamer/player yang menggunakan ipad dan emulator dimana kita kalah fps dan juga view untuk player handphone yang masih dibawah, saya harap pubg bisa membagi server antara ipad, emulator dan handphone",1,game udah ga jelas dengan sistem grading ditambah player yang memakai handphone terkadang ketemu streamerplayer yang menggunakan ipad dan emulator dimana kita kalah fps dan juga view untuk player handphone yang masih dibawah saya harap pubg bisa membagi server antara ipad emulator dan handphone,sistem grading ditambah player memakai handphone terkadang ketemu streamerplayer ipad emulator dimana kalah fps view player handphone dibawah harap membagi server ipad emulator handphone,sistem grading tambah player pakai handphone terkadang ketemu streamerplayer ipad emulator mana kalah fps view player handphone bawah harap bagi server ipad emulator handphone
2026-05-16 23:24:55,kenapa habis di update gk bisa masuk..?,1,kenapa habis di update gk bisa masuk,habis update gk masuk,habis update gk masuk
2026-05-16 23:06:27,"kok sering kali update nya,,bikin kesel apa lagi gua gak ada paket,taik taik",1,kok sering kali update nyabikin kesel apa lagi gua gak ada pakettaik taik,kali update nyabikin kesel pakettaik taik,kali update nyabikin kesel pakettaik taik
2026-05-16 22:12:47,game tolol banyak bug,1,game tolol banyak bug,tolol bug,tolol bug
2026-05-16 22:03:01,"terlalu pelit gcah sma player lama maunya pake uci , jaringan tidak setabil game trlalu berat dasar pelit",1,terlalu pelit gcah sma player lama maunya pake uci jaringan tidak setabil game trlalu berat dasar pelit,pelit gcah sma player maunya pake uci jaringan setabil trlalu berat dasar pelit,pelit gcah sma player mau pake uci jaring setabil trlalu berat dasar pelit
2026-05-16 21:59:11,"pubg sekarang jadi berat pas lagi main mau hp bagus,hp jelek sama ajaa,gaa bisaa menikmati lagi mainnya",1,pubg sekarang jadi berat pas lagi main mau hp bagushp jelek sama ajaagaa bisaa menikmati lagi mainnya,berat main hp bagushp jelek ajaagaa bisaa menikmati mainnya,berat main hp bagushp jelek ajaagaa bisaa nikmat main
2026-05-16 21:30:46,"update kali ini lumayanlah.. tapi jujur aku bener2 menikmati event hanya sampai pownin.. berkesan bgt rasanya.. setelah event pownin selesai, event2 selanjutnya sangat sangat biasa aja. kaya gak ada kesan yg bagus.. flat",3,update kali ini lumayanlah tapi jujur aku bener menikmati event hanya sampai pownin berkesan bgt rasanya setelah event pownin selesai event selanjutnya sangat sangat biasa aja kaya gak ada kesan yg bagus flat,update kali lumayanlah jujur bener menikmati event pownin berkesan event pownin selesai event kaya kesan bagus flat,update kali lumayan jujur bener nikmat event pownin kesan event pownin selesai event kaya kesan bagus flat
2026-05-16 21:28:54,pas lagi main tiba2 keluar aplikasi dengan sendirinya... ada apa dengan update an yg baru,3,pas lagi main tiba keluar aplikasi dengan sendirinya ada apa dengan update an yg baru,main aplikasi update an,main aplikasi update an
2026-05-16 21:24:24,game bagus cuman hp saya ga kuat120 fps🗿,5,game bagus cuman hp saya ga kuat fps,bagus cuman hp kuat fps,bagus cuman hp kuat fps
2026-05-16 21:16:45,sebelumnya terima kasih min untuk update terbaru nya menurutku bagus sih...tapi saya ada keluhan soal bug dan terkadang jaringan sering belum stabil dan sering tinggi. Mohon di perbaiki lagi min,5,sebelumnya terima kasih min untuk update terbaru nya menurutku bagus sihtapi saya ada keluhan soal bug dan terkadang jaringan sering belum stabil dan sering tinggi mohon di perbaiki lagi min,terima kasih min update terbaru menurutku bagus sihtapi keluhan bug terkadang jaringan stabil mohon perbaiki min,terima kasih min update baru turut bagus sihtapi keluh bug terkadang jaring stabil mohon baik min
2026-05-16 20:57:19,lagi lagi abis update frame droppp.. najis bgt gilaa sampe 30fps kocakk,1,lagi lagi abis update frame droppp najis bgt gilaa sampe fps kocakk,abis update frame droppp najis gilaa sampe fps kocakk,abis update frame droppp najis gilaa sampe fps kocakk
2026-05-16 20:47:14,keluar Asep mati nyaa kaya kena azab tukang maling cangcut,1,keluar asep mati nyaa kaya kena azab tukang maling cangcut,asep mati nyaa kaya kena azab tukang maling cangcut,asep mati nyaa kaya kena azab tukang maling cangcut
2026-05-16 20:42:20,gem sakit mata,2,gem sakit mata,gem sakit mata,gem sakit mata
2026-05-16 20:33:49,"game babbiii, sumpah mau login ribet mau ganti sandi ribet anjng",1,game babbiii sumpah mau login ribet mau ganti sandi ribet anjng,babbiii sumpah login ribet ganti sandi ribet anjng,babbiii sumpah login ribet ganti sandi ribet anjng
2026-05-16 20:33:30,lebih seru ada borgol belakang punggungnya ide iseng dan mengoda pliss ada nada senyum,5,lebih seru ada borgol belakang punggungnya ide iseng dan mengoda pliss ada nada senyum,seru borgol punggungnya ide iseng mengoda pliss nada senyum,seru borgol punggung ide iseng koda pliss nada senyum
2026-05-16 20:31:11,"apa ini gak bisa login lagi, katanya gua di curigai padahal ini gua, aku main pake no telpon, dan no nya itu nomor biasa bukan wa, kok gak bisa katanya verivikasi pas verifikasi udah malah eror bener dah dulu bug bundle sekarang bug system,",3,apa ini gak bisa login lagi katanya gua di curigai padahal ini gua aku main pake no telpon dan no nya itu nomor biasa bukan wa kok gak bisa katanya verivikasi pas verifikasi udah malah eror bener dah dulu bug bundle sekarang bug system,login curigai main pake no telpon no nomor wa verivikasi verifikasi eror bener dah bug bundle bug system,login curiga main pake no telpon no nomor wa verivikasi verifikasi eror bener dah bug bundle bug system
2026-05-16 20:27:57,"""koneksi server hilang. periksa koneksi jaringan kamu sebelum mencoba lagi"" ini maksud nya apa min???",1,koneksi server hilang periksa koneksi jaringan kamu sebelum mencoba lagi ini maksud nya apa min,koneksi server hilang periksa koneksi jaringan mencoba maksud min,koneksi server hilang periksa koneksi jaring coba maksud min
2026-05-16 20:13:31,Kenapa Rank saya Turun sendiri dari ACE MASTER jadi ke Platinum.. padahal baru pagi saya mainkan Masi ACE MASTER pas malam saya buka PUBG tiba2 rank saya jadi Platinum...ada apa dgn PUBG mobile ketika update season 4.4. ini... berikan penjelasan nya...untuk pihak PUBG mobile Indonesia,5,kenapa rank saya turun sendiri dari ace master jadi ke platinum padahal baru pagi saya mainkan masi ace master pas malam saya buka pubg tiba rank saya jadi platinumada apa dgn pubg mobile ketika update season ini berikan penjelasan nyauntuk pihak pubg mobile indonesia,rank turun ace master platinum pagi mainkan masi ace master malam buka rank platinumada dgn mobile update season penjelasan nyauntuk mobile indonesia,rank turun ace master platinum pagi main mas ace master malam buka rank platinumada dgn mobile update season jelas nyauntuk mobile indonesia
2026-05-16 20:07:36,kembalikan tombol revive gua pubg tolol,5,kembalikan tombol revive gua pubg tolol,kembalikan tombol revive tolol,kembali tombol revive tolol
2026-05-16 20:00:51,"lu pakek ipad lu punya pubg babi udah gitu view ipad di dewa dewakan ,bot dimana mana fitur kebayakan ini game mau di matikan kah ? udah main dari 8 th tiap tahun makin gak menikmati gamenya dari pindahnya ke kraton tolol itu",1,lu pakek ipad lu punya pubg babi udah gitu view ipad di dewa dewakan bot dimana mana fitur kebayakan ini game mau di matikan kah udah main dari th tiap tahun makin gak menikmati gamenya dari pindahnya ke kraton tolol itu,pakek ipad babi gitu view ipad dewa dewakan bot dimana fitur kebayakan matikan kah main th menikmati gamenya pindahnya kraton tolol,pakek ipad babi gitu view ipad dewa dewa bot mana fitur kebaya mati kah main th nikmat gamenya pindah kraton tolol
2026-05-16 19:51:39,kenapa grapik nya gaada yg lebih burik min hp gw smot aj ada suara mesin cukur,1,kenapa grapik nya gaada yg lebih burik min hp gw smot aj ada suara mesin cukur,grapik gaada burik min hp smot aj suara mesin cukur,grapik gaada burik min hp smot aj suara mesin cukur
2026-05-16 19:37:10,jaringan bagus tapi nggak bisa login server tidak merespon,2,jaringan bagus tapi nggak bisa login server tidak merespon,jaringan bagus nggak login server merespon,jaring bagus nggak login server merespon
2026-05-16 19:35:58,please fix rendernya cepet biar turun event gak mati,1,please fix rendernya cepet biar turun event gak mati,please fix rendernya cepet turun event mati,please fix rendernya cepet turun event mati
2026-05-16 19:33:48,"makin kesini makin cape main pubg, skil anak tk di bantai skil anak stm, belum juga nembak, udah mati duluan makin gajelas tencent, kalo caranya gini, gw bakalan lawan, pindah server ke ML aja blog, pusing nambah stress iya, emang anjeng",1,makin kesini makin cape main pubg skil anak tk di bantai skil anak stm belum juga nembak udah mati duluan makin gajelas tencent kalo caranya gini gw bakalan lawan pindah server ke ml aja blog pusing nambah stress iya emang anjeng,kesini cape main skil anak tk bantai skil anak stm nembak mati duluan gajelas tencent gini lawan pindah server ml blog pusing nambah stress iya emang anjeng,kesini cape main skil anak tk bantai skil anak stm nembak mati duluan gajelas tencent gin lawan pindah server ml blog pusing nambah stress iya emang anjeng
2026-05-16 19:32:41,tak kasih bintang 5 soalnya gara gara krafton manca jadi upload,5,tak kasih bintang soalnya gara gara krafton manca jadi upload,kasih bintang gara gara krafton manca upload,kasih bintang gara gara krafton manca upload
2026-05-16 19:14:42,good game,5,good game,good,good
2026-05-16 19:11:01,"AKHIR2 INI BANYAK KELUHAN MIN DARI KAWAN2 TERMASUK GUA MIN, SEKARANG MAKIN BANYAK BUG NYA. BAGUSAN ERANYA TENCENT MIN DARI PADA SEKARANG",1,akhir ini banyak keluhan min dari kawan termasuk gua min sekarang makin banyak bug nya bagusan eranya tencent min dari pada sekarang,keluhan min kawan min bug bagusan eranya tencent min,keluh min kawan min bug bagus era tencent min
2026-05-16 18:47:20,"yah udah jadi tradisi keknya nih tiap update pasti bugnya bejibun 😅 tapi yang paling ngeselin bug analog, pas momen² genting lagi close combat analognya ngga bisa digerakin. moga cepet di fix lah kesel banget reset season baru main dua match too soon gara-gara bug analog",1,yah udah jadi tradisi keknya nih tiap update pasti bugnya bejibun tapi yang paling ngeselin bug analog pas momen genting lagi close combat analognya ngga bisa digerakin moga cepet di fix lah kesel banget reset season baru main dua match too soon garagara bug analog,yah tradisi keknya nih update bugnya bejibun ngeselin bug analog momen genting close combat analognya ngga digerakin moga cepet fix kesel reset season main match too soon garagara bug analog,yah tradisi kek nih update bugnya bejibun ngeselin bug analog momen genting close combat analog ngga digerakin moga cepet fix kesel reset season main match too soon garagara bug analog
2026-05-16 18:47:08,tidak seru tidak seru sekali dan tidak enak dimainkan,2,tidak seru tidak seru sekali dan tidak enak dimainkan,seru seru enak dimainkan,seru seru enak main
2026-05-16 18:46:36,"sejauh ini, masih bisa dinikmati",4,sejauh ini masih bisa dinikmati,dinikmati,nikmat
2026-05-16 18:44:43,Bagus. Tapi,4,bagus tapi,bagus,bagus
2026-05-16 18:38:31,"Gw mau push conqu woy pubg, napa gw ga bisa main mental mulu ""koneksi ke server hilang, periksa koneksi jaringan kamu sebelum mencoba lagi"".Game gajelas, niat ga sih lu.",1,gw mau push conqu woy pubg napa gw ga bisa main mental mulu koneksi ke server hilang periksa koneksi jaringan kamu sebelum mencoba lagigame gajelas niat ga sih lu,push conqu woy napa main mental mulu koneksi server hilang periksa koneksi jaringan mencoba lagigame gajelas niat,push conqu woy napa main mental mulu koneksi server hilang periksa koneksi jaring coba lagigame gajelas niat
2026-05-16 18:33:22,m4 glacier efek please,2,m glacier efek please,m glacier efek please,m glacier efek please
2026-05-16 18:27:06,game rusak,1,game rusak,rusak,rusak
2026-05-16 18:26:02,tolong itu hapus trading nya biar gak strees kalau mau naik rank pliis krafton biar saya main lagi ini game,2,tolong itu hapus trading nya biar gak strees kalau mau naik rank pliis krafton biar saya main lagi ini game,tolong hapus trading strees rank pliis krafton main,tolong hapus trading strees rank pliis krafton main
2026-05-16 18:22:41,game nya udah mulai bagus. PUBG mobile coba buat bisa ubah tampilan PUBG mobile menjadi macam iPad walaupun menggunakan hp biasa.,5,game nya udah mulai bagus pubg mobile coba buat bisa ubah tampilan pubg mobile menjadi macam ipad walaupun menggunakan hp biasa,bagus mobile coba ubah tampilan mobile ipad hp,bagus mobile coba ubah tampil mobile ipad hp
2026-05-16 18:21:45,"ini apa sih udh sampe loby d blng koneksi putus krn jaringan padahal jaringan aman,,aneh bgt pubg skrng bkn ny mkn gede data ny kok mkin susah ajaa",3,ini apa sih udh sampe loby d blng koneksi putus krn jaringan padahal jaringan amananeh bgt pubg skrng bkn ny mkn gede data ny kok mkin susah ajaa,udh sampe loby d blng koneksi putus krn jaringan jaringan amananeh skrng bkn ny mkn gede data ny mkin susah ajaa,udh sampe loby d blng koneksi putus krn jaring jaring amananeh skrng bkn ny mkn gede data ny mkin susah ajaa
2026-05-16 18:20:34,game apaan ini update season servis ngk dukung,1,game apaan ini update season servis ngk dukung,update season servis ngk dukung,update season servis ngk dukung
2026-05-16 18:18:33,"bug mempengaruhi terputus ny server pusat karena jaringan, padahal koneksi sinyal sedang bagus",2,bug mempengaruhi terputus ny server pusat karena jaringan padahal koneksi sinyal sedang bagus,bug mempengaruhi terputus ny server pusat jaringan koneksi sinyal bagus,bug pengaruh putus ny server pusat jaring koneksi sinyal bagus
2026-05-16 18:17:47,GOOD,5,good,good,good
2026-05-16 18:15:57,makin di update malah makin bug ga jelas pabji,3,makin di update malah makin bug ga jelas pabji,update bug pabji,update bug pabji
2026-05-16 18:09:48,makin busuk aja abis update,1,makin busuk aja abis update,busuk abis update,busuk abis update
2026-05-16 17:57:11,tolong lah klo gacha kita punya kupon peti semisal punya 6 bisa langsung gacha 10 pake AG ini malah uc yg ke potong ngotak lah,1,tolong lah klo gacha kita punya kupon peti semisal punya bisa langsung gacha pake ag ini malah uc yg ke potong ngotak lah,tolong klo gacha kupon peti langsung gacha pake ag uc potong ngotak,tolong klo gacha kupon peti langsung gacha pake ag uc potong ngotak
2026-05-16 17:53:31,game cacat sinyal bagus tp gak mau masuk padahal wifi cuma di pake 2 hape,1,game cacat sinyal bagus tp gak mau masuk padahal wifi cuma di pake hape,cacat sinyal bagus tp masuk wifi pake hape,cacat sinyal bagus tp masuk wifi pake hape
2026-05-16 17:47:14,pubg lambat masuk mohon di perbaiki,3,pubg lambat masuk mohon di perbaiki,lambat masuk mohon perbaiki,lambat masuk mohon baik
2026-05-16 17:45:54,Gachanya aja diperbaikin biar gk terlalu mahal dan gk banyakan item sampah,5,gachanya aja diperbaikin biar gk terlalu mahal dan gk banyakan item sampah,gachanya diperbaikin gk mahal gk banyakan item sampah,gachanya diperbaikin gk mahal gk banyak item sampah
2026-05-16 17:39:08,👍👍👍,5,,,
2026-05-16 17:27:28,game terbaikku😍🥰,5,game terbaikku,terbaikku,baik
2026-05-16 17:14:29,game kontolll. banyakk bugg. udah semua mahal GK nguntungin pemain GK meberi kenyamanan permainan. sampah.,1,game kontolll banyakk bugg udah semua mahal gk nguntungin pemain gk meberi kenyamanan permainan sampah,kontolll banyakk bugg mahal gk nguntungin pemain gk meberi kenyamanan permainan sampah,kontolll banyakk bugg mahal gk nguntungin main gk meberi nyaman main sampah
2026-05-16 16:51:18,mau dapat M416 GLACIER DARI PETI GRATIS TENSEGN,5,mau dapat m glacier dari peti gratis tensegn,m glacier peti gratis tensegn,m glacier peti gratis tensegn
2026-05-16 16:41:33,obat stresss tingkatkan kemanannya lagi... terimakasid,5,obat stresss tingkatkan kemanannya lagi terimakasid,obat stresss tingkatkan kemanannya terimakasid,obat stresss tingkat keman terimakasid
2026-05-16 16:19:48,"gara"" main game pubg ini hatiku benar"" mati 🥀",5,gara main game pubg ini hatiku benar mati,gara main hatiku mati,gara main hati mati
2026-05-16 15:49:38,"krafton, game lu bagus cuman hp gw aja yang oon💔💔",5,krafton game lu bagus cuman hp gw aja yang oon,krafton bagus cuman hp oon,krafton bagus cuman hp oon
2026-05-16 15:39:38,semakin berat tiap update,3,semakin berat tiap update,berat update,berat update
2026-05-16 15:27:55,evennya gak jelas,1,evennya gak jelas,evennya,evennya
2026-05-16 15:27:38,"tambahin mp min auto ngajak temen"" download+Mabar",5,tambahin mp min auto ngajak temen downloadmabar,tambahin mp min auto ngajak temen downloadmabar,tambahin mp min auto ngajak temen downloadmabar
2026-05-16 14:31:37,selalu ngelek padahal saya pakek starlink,3,selalu ngelek padahal saya pakek starlink,ngelek pakek starlink,ngelek pakek starlink
2026-05-16 13:21:29,walaupun agak berat pubgm sekarang tpi masih seru apa lagi metro roya minus nya gk ada teman mabar aja sih,5,walaupun agak berat pubgm sekarang tpi masih seru apa lagi metro roya minus nya gk ada teman mabar aja sih,berat pubgm tpi seru metro roya minus gk teman mabar,berat pubgm tpi seru metro roya minus gk teman mabar
2026-05-16 12:50:16,"tidak bisa login menggunakan wifi, jika menggunakan wifi akan stuck di preparing resource, ketika pakai data baru akan jalan, tetapi ketika sudah di dalam lobby ingame dan match baru bisa menggunakan wifi, hal ini sangat merugikan saya karena pemborosan data, apalagi setiap login harus menggunakan data saya diharuskan untuk mengupdate 5 mb yang tidak jelas untuk apa hal itu, ini jelas merugikan saya karena pemborosan paket data dan juga storage, sangat mengecewakan.",1,tidak bisa login menggunakan wifi jika menggunakan wifi akan stuck di preparing resource ketika pakai data baru akan jalan tetapi ketika sudah di dalam lobby ingame dan match baru bisa menggunakan wifi hal ini sangat merugikan saya karena pemborosan data apalagi setiap login harus menggunakan data saya diharuskan untuk mengupdate mb yang tidak jelas untuk apa hal itu ini jelas merugikan saya karena pemborosan paket data dan juga storage sangat mengecewakan,login wifi wifi stuck preparing resource pakai data jalan lobby ingame match wifi merugikan pemborosan data login data diharuskan mengupdate mb merugikan pemborosan paket data storage mengecewakan,login wifi wifi stuck preparing resource pakai data jalan lobby ingame match wifi rugi boros data login data harus mengupdate mb rugi boros paket data storage kecewa
2026-05-16 12:49:13,"ayo laah... update terbaru kok sering bug, tombol revive teman tiba tiba hilang, sering gak muncul...",3,ayo laah update terbaru kok sering bug tombol revive teman tiba tiba hilang sering gak muncul,ayo laah update terbaru bug tombol revive teman hilang muncul,ayo laah update baru bug tombol revive teman hilang muncul
2026-05-16 11:57:08,gamenya bagus dan seru cuman developer nya pelit kikir nya gangotak dan satulagi hapus sistem grading nyusahin banget,3,gamenya bagus dan seru cuman developer nya pelit kikir nya gangotak dan satulagi hapus sistem grading nyusahin banget,gamenya bagus seru cuman developer pelit kikir gangotak satulagi hapus sistem grading nyusahin,gamenya bagus seru cuman developer pelit kikir gangotak satulagi hapus sistem grading nyusahin
2026-05-16 11:27:48,udah lama GK main geme ini sekeli nya donlod lagi mau masuk dalam geme donlod data nya lama GK macam dulu jadi males main nya lagi udah gak jelas geme nya,1,udah lama gk main geme ini sekeli nya donlod lagi mau masuk dalam geme donlod data nya lama gk macam dulu jadi males main nya lagi udah gak jelas geme nya,gk main geme sekeli donlod masuk geme donlod data gk males main geme,gk main geme keli donlod masuk geme donlod data gk males main geme
2026-05-16 10:45:32,keren sekali ini mahh,5,keren sekali ini mahh,keren mahh,keren mahh
2026-05-16 10:44:45,seru banget,5,seru banget,seru,seru
2026-05-16 10:34:09,tolong di ganti bahasa indo plis kukasih 5 bintang,5,tolong di ganti bahasa indo plis kukasih bintang,tolong ganti bahasa indo plis kukasih bintang,tolong ganti bahasa indo plis kasih bintang
2026-05-16 10:14:55,tolong perbaiki Bug di hp realme c30s layarnya miring jadi tidak bisa main,1,tolong perbaiki bug di hp realme cs layarnya miring jadi tidak bisa main,tolong perbaiki bug hp realme cs layarnya miring main,tolong baik bug hp realme cs layar miring main
2026-05-16 09:27:19,bagus,5,bagus,bagus,bagus
2026-05-16 09:08:53,bagus sekali,5,bagus sekali,bagus,bagus
2026-05-16 08:45:47,bagussss,5,bagussss,bagussss,bagussss
2026-05-16 08:45:08,"hp udah spek tinggi masih juga Nge frame lag, makin jelek PUBG saya kasih bintang 1, kalau sudah bagus baru saya kasih bintang 5",1,hp udah spek tinggi masih juga nge frame lag makin jelek pubg saya kasih bintang kalau sudah bagus baru saya kasih bintang,hp spek nge frame lag jelek kasih bintang bagus kasih bintang,hp spek nge frame lag jelek kasih bintang bagus kasih bintang
2026-05-16 08:36:56,setelah update kok malah error......game haram,5,setelah update kok malah errorgame haram,update errorgame haram,update errorgame haram
2026-05-16 08:34:52,"ada update tapi ga bisa ke download dan loading terus.padahal sebelumnya ga ada masalah .kalo OS atau Spec device ,udh jelas diatas minimum requirement. selama main ga pernah ngelag",1,ada update tapi ga bisa ke download dan loading teruspadahal sebelumnya ga ada masalah kalo os atau spec device udh jelas diatas minimum requirement selama main ga pernah ngelag,update download loading teruspadahal os spec device udh diatas minimum requirement main ngelag,update download loading teruspadahal os spec device udh atas minimum requirement main ngelag
2026-05-16 08:23:07,pubg ini keren lo tirimakasi yang suda buat game keren ini,5,pubg ini keren lo tirimakasi yang suda buat game keren ini,keren tirimakasi suda keren,keren tirimakasi suda keren
2026-05-16 08:08:12,4.4 Kren banget 👍,5,kren banget,kren,kren
2026-05-16 08:07:11,update terbaru kok susah min download map nya mana bentar2 loading melulu,4,update terbaru kok susah min download map nya mana bentar loading melulu,update terbaru susah min download map bentar loading melulu,update baru susah min download map bentar loading melulu
2026-05-16 08:06:18,Pembaruan malah jadi ancur sinyal nya... ga bisa masuk ke pertandingan,1,pembaruan malah jadi ancur sinyal nya ga bisa masuk ke pertandingan,pembaruan ancur sinyal masuk pertandingan,baru ancur sinyal masuk tanding
2026-05-16 08:00:12,kasi bintang 3 karna pelit aku berkali kali gacha gak di kasih hoki dari dulu blood reven aku dapat matrial aja gak pernah di kasih hoki kalo gacha tolong dong kasih hoki,3,kasi bintang karna pelit aku berkali kali gacha gak di kasih hoki dari dulu blood reven aku dapat matrial aja gak pernah di kasih hoki kalo gacha tolong dong kasih hoki,kasi bintang karna pelit berkali kali gacha kasih hoki blood reven matrial kasih hoki gacha tolong kasih hoki,kasi bintang karna pelit kali kali gacha kasih hoki blood reven matrial kasih hoki gacha tolong kasih hoki
2026-05-16 07:52:58,game apaan ni matching lama baru main dapet musuh yg jago apaan banget,1,game apaan ni matching lama baru main dapet musuh yg jago apaan banget,ni matching main dapet musuh jago,ni matching main dapet musuh jago
2026-05-16 05:55:28,"Kok pas dowlodkok lama mau download ya saya sampel nunggu 2 jam,coba kalo gemlain bentar kayak free fire ,iya sih kalau main ya grafik ya bagus dan seru",5,kok pas dowlodkok lama mau download ya saya sampel nunggu jamcoba kalo gemlain bentar kayak free fire iya sih kalau main ya grafik ya bagus dan seru,dowlodkok download sampel nunggu jamcoba gemlain bentar free fire iya main grafik bagus seru,dowlodkok download sampel nunggu jamcoba gemlain bentar free fire iya main grafik bagus seru
2026-05-16 05:40:38,hapus rikolan sama iven,1,hapus rikolan sama iven,hapus rikolan iven,hapus rikolan iven
2026-05-16 05:31:00,hiburan gw ini,5,hiburan gw ini,hiburan,hibur
2026-05-16 04:52:09,"makin update malah makin banyak bug,yang bener Napa gua dah susah susah grading sisa 1 malah ngebug di island",5,makin update malah makin banyak bugyang bener napa gua dah susah susah grading sisa malah ngebug di island,update bugyang bener napa dah susah susah grading sisa ngebug island,update bugyang bener napa dah susah susah grading sisa ngebug island
2026-05-16 04:05:19,LET'S GO🔥🔥🔥,5,lets go,lets go,lets go
2026-05-16 04:03:37,"setiap Kali Ganti Season Pasti Aja ngelag Parah,Padahal sinyal Bagus,Ram sama Chipset mendukung,tapi Game Nya Tak mendukung,Tolong lah Tencent Perbaiki.",5,setiap kali ganti season pasti aja ngelag parahpadahal sinyal bagusram sama chipset mendukungtapi game nya tak mendukungtolong lah tencent perbaiki,kali ganti season ngelag parahpadahal sinyal bagusram chipset mendukungtapi mendukungtolong tencent perbaiki,kali ganti season ngelag parahpadahal sinyal bagusram chipset mendukungtapi mendukungtolong tencent baik
2026-05-16 03:04:46,game paling seru,5,game paling seru,seru,seru
2026-05-16 01:50:32,"saya udah lama meninggalkan permainan ini, sudah gak seindah dan seenak dulu lagi game nya, bnyk perubahan malah makin gak enak di lihat.",1,saya udah lama meninggalkan permainan ini sudah gak seindah dan seenak dulu lagi game nya bnyk perubahan malah makin gak enak di lihat,meninggalkan permainan seindah seenak bnyk perubahan enak lihat,tinggal main indah enak bnyk ubah enak lihat
2026-05-16 01:44:58,tolong bug nya diperbaiki setelah update seperti tombol revive yg hilang ketika teman knock dan sinyal yg sering drop,1,tolong bug nya diperbaiki setelah update seperti tombol revive yg hilang ketika teman knock dan sinyal yg sering drop,tolong bug diperbaiki update tombol revive hilang teman knock sinyal drop,tolong bug baik update tombol revive hilang teman knock sinyal drop
2026-05-16 01:39:23,"aplikasi sering terjadi kesalahan di HP infinik note40 pro 5g dan juga frime rate tidak samapai 60 FPS sangat disayangkan sekali dan juga sering muncul seperti(Notifikasi baru. Ketuk untuk melihat Sistem Android 27 m Kesalahan Aplikasi Terdeteksi bahwa aplikasi ""PUBG MOBILE"" mogok karena masalahnya sendiri. Harap tunggu pembaruan untuk memperbaiki masalah, atau kirimkan umpan balik melalui saluran layanan pelanggan dalam aplikasi. Tutup)",1,aplikasi sering terjadi kesalahan di hp infinik note pro g dan juga frime rate tidak samapai fps sangat disayangkan sekali dan juga sering muncul sepertinotifikasi baru ketuk untuk melihat sistem android m kesalahan aplikasi terdeteksi bahwa aplikasi pubg mobile mogok karena masalahnya sendiri harap tunggu pembaruan untuk memperbaiki masalah atau kirimkan umpan balik melalui saluran layanan pelanggan dalam aplikasi tutup,aplikasi kesalahan hp infinik note pro g frime rate samapai fps disayangkan muncul sepertinotifikasi ketuk sistem android m kesalahan aplikasi terdeteksi aplikasi mobile mogok harap tunggu pembaruan memperbaiki kirimkan umpan saluran layanan pelanggan aplikasi tutup,aplikasi salah hp infinik note pro g frime rate samapai fps sayang muncul sepertinotifikasi ketuk sistem android m salah aplikasi deteksi aplikasi mobile mogok harap tunggu baru baik kirim umpan salur layan langgan aplikasi tutup
2026-05-16 01:34:31,Tunggu aku update hp ya jangan sampe ilang dari playstore,5,tunggu aku update hp ya jangan sampe ilang dari playstore,tunggu update hp sampe ilang playstore,tunggu update hp sampe ilang playstore
2026-05-16 01:07:16,"setelah update, malah lemot banget. baru lobby aja delay banget",2,setelah update malah lemot banget baru lobby aja delay banget,update lemot lobby delay,update lot lobby delay
2026-05-16 01:02:49,"Saya ingin memberikan masukan agar sistem Promotion Match di ranked dihapus. Sistem ini sering membuat pemain yang sudah bermain konsisten tetap gagal naik rank hanya karena beberapa match yang tidak beruntung, sistem poin rank yang sekarang sudah cukup untuk menentukan progression pemain tanpa perlu Promotion Match tambahan. Semoga bisa dipertimbangkan agar ranked terasa lebih fair dan nyaman dimainkan.",1,saya ingin memberikan masukan agar sistem promotion match di ranked dihapus sistem ini sering membuat pemain yang sudah bermain konsisten tetap gagal naik rank hanya karena beberapa match yang tidak beruntung sistem poin rank yang sekarang sudah cukup untuk menentukan progression pemain tanpa perlu promotion match tambahan semoga bisa dipertimbangkan agar ranked terasa lebih fair dan nyaman dimainkan,masukan sistem promotion match ranked dihapus sistem pemain bermain konsisten gagal rank match beruntung sistem poin rank menentukan progression pemain promotion match tambahan semoga dipertimbangkan ranked fair nyaman dimainkan,masuk sistem promotion match ranked hapus sistem main main konsisten gagal rank match untung sistem poin rank tentu progression main promotion match tambah moga timbang ranked fair nyaman main
2026-05-16 00:12:02,"tolong pihak PUBG, mohon di kurang data geam kami parah pengguna hp kentang sayang menyukai bermain geam PUBG Jika data geam terus bertambah kami tidak akan bisa bermain geam yang sangat kami suka yaitu PUBG",5,tolong pihak pubg mohon di kurang data geam kami parah pengguna hp kentang sayang menyukai bermain geam pubg jika data geam terus bertambah kami tidak akan bisa bermain geam yang sangat kami suka yaitu pubg,tolong mohon data geam parah pengguna hp kentang sayang menyukai bermain geam data geam bertambah bermain geam suka,tolong mohon data geam parah guna hp kentang sayang suka main geam data geam tambah main geam suka
2026-05-16 00:11:53,"tolong perbaiki fitur hapus data untuk wow karena setiap login memenuhi ruang penyimpanan, serta jika bisa hapus saja fitur hub karena sudah ada cheerpark dan training ground. pindahkan saja beberapa fitur hub ke cheerpark untuk pelengkap.",2,tolong perbaiki fitur hapus data untuk wow karena setiap login memenuhi ruang penyimpanan serta jika bisa hapus saja fitur hub karena sudah ada cheerpark dan training ground pindahkan saja beberapa fitur hub ke cheerpark untuk pelengkap,tolong perbaiki fitur hapus data wow login memenuhi ruang penyimpanan hapus fitur hub cheerpark training ground pindahkan fitur hub cheerpark pelengkap,tolong baik fitur hapus data wow login penuh ruang simpan hapus fitur hub cheerpark training ground pindah fitur hub cheerpark lengkap
2026-05-16 00:09:11,"tidak profesional untuk pertandingan,ada perbedaan fps,saran aja untuk fps 120 di pertemukan sesama fpa 120 biar adil dan kompletsibel",3,tidak profesional untuk pertandinganada perbedaan fpssaran aja untuk fps di pertemukan sesama fpa biar adil dan kompletsibel,profesional pertandinganada perbedaan fpssaran fps pertemukan fpa adil kompletsibel,profesional pertandinganada beda fpssaran fps temu fpa adil kompletsibel
2026-05-16 00:02:51,bang sensi gyroscope gua eror tolong di perbaiki lagi,2,bang sensi gyroscope gua eror tolong di perbaiki lagi,bang sensi gyroscope eror tolong perbaiki,bang sensi gyroscope eror tolong baik
2026-05-15 23:37:52,Memuaskan.😎😎🔥,5,memuaskan,memuaskan,muas
2026-05-15 23:13:48,oleh para 🙏,5,oleh para,,
2026-05-15 22:54:41,bagus dan keren,5,bagus dan keren,bagus keren,bagus keren
2026-05-15 22:46:16,kenapa event baru 4close terus kaga bisa match d livik.,1,kenapa event baru close terus kaga bisa match d livik,event close kaga match d livik,event close kaga match d livik
2026-05-15 22:45:54,"kurangi bintang setelah updet bug parah,ga usah updet yang gak penting kopok jadi pada males main pupg",1,kurangi bintang setelah updet bug parahga usah updet yang gak penting kopok jadi pada males main pupg,kurangi bintang updet bug parahga updet kopok males main pupg,kurang bintang updet bug parahga updet kopok males main pupg
2026-05-15 22:38:01,"Terlalu banyak Bug yang membuat pengalaman bermain tidak menyenangkan setelah UPDATE 4.4 Perbaiki Bug Game saat pembaruan, berhenti buat Event yang merugikan bagi user pubg, event yang merusak pengalaman lancar bermain game PUBGM",1,terlalu banyak bug yang membuat pengalaman bermain tidak menyenangkan setelah update perbaiki bug game saat pembaruan berhenti buat event yang merugikan bagi user pubg event yang merusak pengalaman lancar bermain game pubgm,bug pengalaman bermain menyenangkan update perbaiki bug pembaruan berhenti event merugikan user event merusak pengalaman lancar bermain pubgm,bug alam main senang update baik bug baru henti event rugi user event rusak alam lancar main pubgm
2026-05-15 22:31:10,"game terbaik yang pernah ada,terima kasih",4,game terbaik yang pernah adaterima kasih,terbaik adaterima kasih,baik adaterima kasih
2026-05-15 22:20:08,"Mohon penjelasannya min, ini kenapa saya ga bisa buka aplikasinya yak setelah mau masuk update 3.9 ini ? tertulis ""Please enable storage access permission for this app in settings and restart the game"". Udah di cek di pengaturan dll aman aman aja tapi tetap ga bisa masuk aplikasi. note : bintang bakal berubah sesuai dengan bisa atau tidaknya masalah ini teratasi.",5,mohon penjelasannya min ini kenapa saya ga bisa buka aplikasinya yak setelah mau masuk update ini tertulis please enable storage access permission for this app in settings and restart the game udah di cek di pengaturan dll aman aman aja tapi tetap ga bisa masuk aplikasi note bintang bakal berubah sesuai dengan bisa atau tidaknya masalah ini teratasi,mohon penjelasannya min buka aplikasinya yak masuk update tertulis please enable storage access permission for this app in settings and restart the cek pengaturan dll aman aman masuk aplikasi note bintang berubah sesuai tidaknya teratasi,mohon jelas min buka aplikasi yak masuk update tulis please enable storage access permission for this app in settings and restart the cek atur dll aman aman masuk aplikasi note bintang ubah sesuai tidak atas
2026-05-15 22:18:08,Makin seru skin2 nya. X-Sw dong,5,makin seru skin nya xsw dong,seru skin xsw,seru skin xsw
2026-05-15 22:16:20,makin bulan ke bulan makin gila ini game keren abis✌️,5,makin bulan ke bulan makin gila ini game keren abis,gila keren abis,gila keren abis
2026-05-15 22:15:26,0ok.. 0ok... 00k... 0okk.. mantap,5,ok ok k okk mantap,ok ok k okk mantap,ok ok k okk mantap
2026-05-15 22:12:51,makin gk jelas game nya pake wifi malah gk bisa main jadi males,1,makin gk jelas game nya pake wifi malah gk bisa main jadi males,gk pake wifi gk main males,gk pake wifi gk main males
2026-05-15 22:09:45,ngestuck di 92%,3,ngestuck di,ngestuck,ngestuck
2026-05-15 22:03:30,"makin update makin ga nyaman,teropong ×6 di perkecil udah beda,ukuran garis makin besar dari sebelumnya,pas nembak musuh dari jauh ga keliatan musuh nya ketutupan sama garis yang ada di scope",1,makin update makin ga nyamanteropong di perkecil udah bedaukuran garis makin besar dari sebelumnyapas nembak musuh dari jauh ga keliatan musuh nya ketutupan sama garis yang ada di scope,update nyamanteropong perkecil bedaukuran garis sebelumnyapas nembak musuh keliatan musuh ketutupan garis scope,update nyamanteropong kecil bedaukuran garis sebelumnyapas nembak musuh liat musuh tutup garis scope
2026-05-15 22:00:27,"parah sih, gak ada tombol rifep nya bikin kesel nih",4,parah sih gak ada tombol rifep nya bikin kesel nih,parah tombol rifep kesel nih,parah tombol rifep kesel nih
2026-05-15 21:53:55,suka,5,suka,suka,suka
2026-05-15 21:41:53,keren gak ada auto aim bisa melatih ketepatan,5,keren gak ada auto aim bisa melatih ketepatan,keren auto aim melatih ketepatan,keren auto aim latih tepat
2026-05-15 21:35:02,oke semuwa,5,oke semuwa,oke semuwa,oke semuwa
2026-05-15 21:31:30,gamenya bagus,5,gamenya bagus,gamenya bagus,gamenya bagus
2026-05-15 21:28:11,mantapp,5,mantapp,mantapp,mantapp
2026-05-15 21:27:35,gem ini membantu sy dengan mendapatkan cuan,5,gem ini membantu sy dengan mendapatkan cuan,gem membantu sy cuan,gem bantu sy cuan
2026-05-15 21:25:50,knpa game gw gak bisa dibuka...,5,knpa game gw gak bisa dibuka,knpa dibuka,knpa buka
2026-05-15 21:23:08,saya suka walaupun banyak yang belum saya pahami..🇹🇱🇹🇱,5,saya suka walaupun banyak yang belum saya pahami,suka pahami,suka paham
2026-05-15 21:15:26,PUBG gak ada dua nya,5,pubg gak ada dua nya,,
2026-05-15 21:07:19,mantap behgggg,5,mantap behgggg,mantap behgggg,mantap behgggg
2026-05-15 20:55:23,bos tolong di perbaiki di ifen nya? bayak buknya kadang g bisa nmbak,3,bos tolong di perbaiki di ifen nya bayak buknya kadang g bisa nmbak,bos tolong perbaiki ifen bayak buknya kadang g nmbak,bos tolong baik ifen bayak buk kadang g nmbak
2026-05-15 20:43:56,jaringan Telkom macam taayek updatenya lama bet dah,5,jaringan telkom macam taayek updatenya lama bet dah,jaringan telkom taayek updatenya bet dah,jaring telkom taayek updatenya bet dah
2026-05-15 20:39:14,"sistem grading di rangked hapus ajaa kecualii di tdm baru masuk akall,kalah 2 kali resett ulang dari awall di kira perjuangan gitu gamoang kali bikin nurunin kd jugaa haduhh",1,sistem grading di rangked hapus ajaa kecualii di tdm baru masuk akallkalah kali resett ulang dari awall di kira perjuangan gitu gamoang kali bikin nurunin kd jugaa haduhh,sistem grading rangked hapus ajaa kecualii tdm masuk akallkalah kali resett ulang awall perjuangan gitu gamoang kali nurunin kd jugaa haduhh,sistem grading rangked hapus ajaa kecuali tdm masuk akallkalah kali resett ulang awall juang gitu gamoang kali nurunin kd jugaa haduhh
2026-05-15 20:39:10,"ad misi untuk return player main bersama teman tapi tdak bisa karna perbedaan tier, lah kan tidak masuk akal. waktu bermain juga berbeda dengan teman otomatis ada perbedaan tier, ketika bisa bermain bersama masalah perbedaan tier jdi kendala. apa coba tujuannya? pikirkan juga masalah pemain baru, tujuannya install pubg supaya bisa mabar sama temannya, dan apa? maslah perbedaan tier lagi. lagian mayoritas pemain juga pasti membentuk squad untuk bermain, jangan desain sistem yang menghalangilah.",1,ad misi untuk return player main bersama teman tapi tdak bisa karna perbedaan tier lah kan tidak masuk akal waktu bermain juga berbeda dengan teman otomatis ada perbedaan tier ketika bisa bermain bersama masalah perbedaan tier jdi kendala apa coba tujuannya pikirkan juga masalah pemain baru tujuannya install pubg supaya bisa mabar sama temannya dan apa maslah perbedaan tier lagi lagian mayoritas pemain juga pasti membentuk squad untuk bermain jangan desain sistem yang menghalangilah,ad misi return player main teman tdak karna perbedaan tier masuk akal bermain berbeda teman otomatis perbedaan tier bermain perbedaan tier jdi kendala coba tujuannya pikirkan pemain tujuannya install mabar temannya maslah perbedaan tier mayoritas pemain membentuk squad bermain desain sistem menghalangilah,ad misi return player main teman tdak karna beda tier masuk akal main beda teman otomatis beda tier main beda tier jdi kendala coba tuju pikir main tuju install mabar teman mas beda tier mayoritas main bentuk squad main desain sistem halang
2026-05-15 20:33:22,"PUBG, ini tidak bisa masuk ke game, mohon di bantu",1,pubg ini tidak bisa masuk ke game mohon di bantu,masuk mohon bantu,masuk mohon bantu
2026-05-15 20:21:11,"sering ga stabil saat ada musuh ga tau kenapa, jadi malas euy",1,sering ga stabil saat ada musuh ga tau kenapa jadi malas euy,stabil musuh tau malas euy,stabil musuh tau malas euy
2026-05-15 20:17:23,gamenya bagus realistis ramah untuk bocil yang berumur 9 tahun,5,gamenya bagus realistis ramah untuk bocil yang berumur tahun,gamenya bagus realistis ramah bocil berumur,gamenya bagus realistis ramah bocil umur
2026-05-15 20:00:18,sush di update,5,sush di update,sush update,sush update
2026-05-15 19:52:47,Pemain dengan level rendah dipadukan dengan pemain level tinggi.. Pembuat game ini level tololnya benar2 tinggi.,1,pemain dengan level rendah dipadukan dengan pemain level tinggi pembuat game ini level tololnya benar tinggi,pemain level rendah dipadukan pemain level pembuat level tololnya,main level rendah padu main level buat level tolol
2026-05-15 19:45:24,baru ku update kok tidak bisa login ya terus ada notif download abb sarvice maksudnya apa ya?...sudah pakai wifi sama aja..,2,baru ku update kok tidak bisa login ya terus ada notif download abb sarvice maksudnya apa yasudah pakai wifi sama aja,ku update login notif download abb sarvice maksudnya yasudah pakai wifi,ku update login notif download abb sarvice maksud yasudah pakai wifi
2026-05-15 19:37:05,banyak bug jir semenjak update terbaru,3,banyak bug jir semenjak update terbaru,bug jir semenjak update terbaru,bug jir semenjak update baru
2026-05-15 19:24:27,terlalu sering update,5,terlalu sering update,update,update
2026-05-15 19:13:36,terbaik,5,terbaik,terbaik,baik
2026-05-15 19:12:52,suka bangat apalikasi ini,5,suka bangat apalikasi ini,suka bangat apalikasi,suka bangat apalikasi
2026-05-15 19:05:54,game haram mati keluar asap dukhon burik,1,game haram mati keluar asap dukhon burik,haram mati asap dukhon burik,haram mati asap dukhon burik
2026-05-15 18:57:00,terimakasih,5,terimakasih,terimakasih,terimakasih
2026-05-15 18:42:45,setiap update baru sllu nge bug,4,setiap update baru sllu nge bug,update sllu nge bug,update sllu nge bug
2026-05-15 18:33:57,terbaik PUBG,5,terbaik pubg,terbaik,baik
2026-05-15 18:32:16,game bagus👍👍👍,5,game bagus,bagus,bagus
2026-05-15 18:29:40,sumpah pengen main lagih tapi hp nyah udh engga kuat buat main PUBG lagih tolong dong kirim Poco f7pro aja gapapa,5,sumpah pengen main lagih tapi hp nyah udh engga kuat buat main pubg lagih tolong dong kirim poco fpro aja gapapa,sumpah pengen main lagih hp nyah udh engga kuat main lagih tolong kirim poco fpro gapapa,sumpah ken main lagih hp nyah udh engga kuat main lagih tolong kirim poco fpro gapapa
2026-05-15 18:19:56,bagus tapi memori habis,5,bagus tapi memori habis,bagus memori habis,bagus memori habis
2026-05-15 18:11:12,terlalu berat buat hp device menengah,1,terlalu berat buat hp device menengah,berat hp device menengah,berat hp device tengah
2026-05-15 18:07:08,game bagus dari segi grafik dll,5,game bagus dari segi grafik dll,bagus segi grafik dll,bagus segi grafik dll
2026-05-15 17:57:40,game appaan ini dkit2 update bkin hp jebol..sudah bnyak player yg bosan di game ini tp msh aja gk ada prbaikan,1,game appaan ini dkit update bkin hp jebolsudah bnyak player yg bosan di game ini tp msh aja gk ada prbaikan,appaan dkit update bkin hp jebolsudah bnyak player bosan tp msh gk prbaikan,appaan dkit update bkin hp jebolsudah bnyak player bosan tp msh gk prbaikan
2026-05-15 16:38:29,pubg tidak bisa di buka,1,pubg tidak bisa di buka,buka,buka
2026-05-15 16:26:36,hp gw ram 4/128 masih kuat walaupun grafik smooth,5,hp gw ram masih kuat walaupun grafik smooth,hp ram kuat grafik smooth,hp ram kuat grafik smooth
2026-05-15 16:24:30,sangat bagus,5,sangat bagus,bagus,bagus
2026-05-15 16:12:40,hilangkan saja naik level gitu Terlalu ribet,1,hilangkan saja naik level gitu terlalu ribet,hilangkan level gitu ribet,hilang level gitu ribet
2026-05-15 16:11:23,sangat bagus,5,sangat bagus,bagus,bagus
2026-05-15 16:09:26,Game nya Bagus satu satunya di dunia🤗💪🏻🙏,5,game nya bagus satu satunya di dunia,bagus satunya dunia,bagus satu dunia
2026-05-15 15:12:02,update terlau lama saat membuka game,1,update terlau lama saat membuka game,update terlau membuka,update terlau buka
2026-05-15 15:11:12,mantap,5,mantap,mantap,mantap
2026-05-15 15:09:02,"dear pubg game nya udah aman tidak ada cheat lagi, tapi mohon itu Rosemary kaya nya bukan manusia dia alien masa jago banget.",4,dear pubg game nya udah aman tidak ada cheat lagi tapi mohon itu rosemary kaya nya bukan manusia dia alien masa jago banget,dear aman cheat mohon rosemary kaya manusia alien jago,dear aman cheat mohon rosemary kaya manusia alien jago
2026-05-15 14:59:03,semoga semakin banyak yang ninggalin game ini,1,semoga semakin banyak yang ninggalin game ini,semoga ninggalin,moga ninggalin
2026-05-15 14:50:37,HP kentangku menjerit,4,hp kentangku menjerit,hp kentangku menjerit,hp kentang jerit
2026-05-15 14:50:00,"game kntoll gak jelas perhitungan data gamenya, udah download semua tapi ternyata masih banyak data tersembunyi yg belum didownload alhasil makan kuota lagi, setiap update selalu ada bug!!",1,game kntoll gak jelas perhitungan data gamenya udah download semua tapi ternyata masih banyak data tersembunyi yg belum didownload alhasil makan kuota lagi setiap update selalu ada bug,kntoll perhitungan data gamenya download data tersembunyi didownload alhasil makan kuota update bug,kntoll hitung data gamenya download data sembunyi didownload alhasil makan kuota update bug
2026-05-15 14:20:44,SISTEM KUNO YANG SANGAT MEMBOSANKAN HEP PLIS REKAL MI,1,sistem kuno yang sangat membosankan hep plis rekal mi,sistem kuno membosankan hep plis rekal mi,sistem kuno bosan hep plis rekal mi
2026-05-15 14:09:48,Kalo aku boleh usul di kasih rumput yang tinggi biar bisa sembunyi jadi musuh tidak tahu itu ulasan saya kenapa kalo musuh kena tembak susah mati kadang gedungnya g kelihatan biarpun paketanya penuh,5,kalo aku boleh usul di kasih rumput yang tinggi biar bisa sembunyi jadi musuh tidak tahu itu ulasan saya kenapa kalo musuh kena tembak susah mati kadang gedungnya g kelihatan biarpun paketanya penuh,usul kasih rumput sembunyi musuh ulasan musuh kena tembak susah mati kadang gedungnya g biarpun paketanya penuh,usul kasih rumput sembunyi musuh ulas musuh kena tembak susah mati kadang gedung g biarpun paketanya penuh
2026-05-15 13:54:22,"Bagus,tetapi aplikasi terlalu berat di ponsel 🛑🛑🚨🚨🚨",5,bagustetapi aplikasi terlalu berat di ponsel,bagustetapi aplikasi berat ponsel,bagustetapi aplikasi berat ponsel
2026-05-15 13:51:33,PUBG mobile Tambah burik Lebih baik Gausah BUAT GAME KALO ORANG GAK TERTARIK,1,pubg mobile tambah burik lebih baik gausah buat game kalo orang gak tertarik,mobile burik gausah orang tertarik,mobile burik gausah orang tarik
2026-05-15 13:49:37,sial masa suruh download data ulang lagi si? buang buang Kouta gua ajig,1,sial masa suruh download data ulang lagi si buang buang kouta gua ajig,sial suruh download data ulang si buang buang kouta ajig,sial suruh download data ulang si buang buang kouta ajig
2026-05-15 13:44:48,"setelah update gak bisa masuk pakai media sosial, pakai email,juga pake nomer hp.gak bisa semua.tolong dong",1,setelah update gak bisa masuk pakai media sosial pakai emailjuga pake nomer hpgak bisa semuatolong dong,update masuk pakai media sosial pakai emailjuga pake nomer hpgak semuatolong,update masuk pakai media sosial pakai emailjuga pake nomer hpgak semuatolong
2026-05-15 13:37:03,game kikir superior furschef gift ga ada superior nya gacha rate busuk kapitalis banget apalagi game nya sepi pula,2,game kikir superior furschef gift ga ada superior nya gacha rate busuk kapitalis banget apalagi game nya sepi pula,kikir superior furschef gift superior gacha rate busuk kapitalis sepi,kikir superior furschef gift superior gacha rate busuk kapitalis sepi
2026-05-15 13:36:49,👍,5,,,
2026-05-15 13:27:00,sinyal bagus tapi sering dis connect.,1,sinyal bagus tapi sering dis connect,sinyal bagus dis connect,sinyal bagus dis connect
2026-05-15 13:12:16,makin sini malah makin jelek update nya,1,makin sini malah makin jelek update nya,jelek update,jelek update
2026-05-15 12:49:30,sangat menyenangkan kan,5,sangat menyenangkan kan,menyenangkan,senang
2026-05-15 12:44:30,"saya sangat kecewa kepada pubg karena terlalu banyak update yang tidak berguna, gameplay sekarang tidak nyaman",1,saya sangat kecewa kepada pubg karena terlalu banyak update yang tidak berguna gameplay sekarang tidak nyaman,kecewa update berguna gameplay nyaman,kecewa update guna gameplay nyaman
2026-05-15 12:40:50,"optimasi sangat jelek, matchmaking sangat lama",1,optimasi sangat jelek matchmaking sangat lama,optimasi jelek matchmaking,optimasi jelek matchmaking
2026-05-15 12:15:15,tolong di perbaiki agar kceran y lebih akurattt,1,tolong di perbaiki agar kceran y lebih akurattt,tolong perbaiki kceran y akurattt,tolong baik kceran y akurattt
2026-05-15 11:51:16,game ini sangat amat bagus,1,game ini sangat amat bagus,bagus,bagus
2026-05-15 11:51:06,terlalu banyak update....,1,terlalu banyak update,update,update
2026-05-15 11:22:46,habis di upgrade gak ada tombol ripep,5,habis di upgrade gak ada tombol ripep,habis upgrade tombol ripep,habis upgrade tombol ripep
2026-05-15 11:16:31,yang terhormat pubg ini gamenya agak lag sedikit saat di loby pesawat tolong di perbaiki,5,yang terhormat pubg ini gamenya agak lag sedikit saat di loby pesawat tolong di perbaiki,terhormat gamenya lag loby pesawat tolong perbaiki,hormat gamenya lag loby pesawat tolong baik
2026-05-15 11:02:14,bagus,5,bagus,bagus,bagus
2026-05-15 10:53:44,"permainan nya sangat seru,apa lagi bisa ketemu bayak orang atau bisa berkomunikasi dg orang,pokoknya permainannya sangat seru.",5,permainan nya sangat seruapa lagi bisa ketemu bayak orang atau bisa berkomunikasi dg orangpokoknya permainannya sangat seru,permainan seruapa ketemu bayak orang berkomunikasi dg orangpokoknya permainannya seru,main seruapa ketemu bayak orang komunikasi dg orangpokoknya main seru
2026-05-15 10:26:49,bagus,5,bagus,bagus,bagus
2026-05-15 10:10:54,"Hai, saya pemain lama dari 2018/19 . Seru emang saat zaman dulu. Terus , karena upgrade terlalu besar, hp yg dulu sy pakai sudah tidak sanggup. akhirnya vakum dlm waktu lama. Nah ,sekarang sy sudah punya device baru yg mumpuni untuk main lagi. Tapi banyak perubahan yg signifikan yg sudah terjadi selama ini. Apalagi di Map SANHOK. Sepertinya ini area terlalu sulit skrg, beda dengan yg dulu. terus, tolong subtitle/narasi UI agar di gede ini . terlalu kecil untuk kami yg pemain uzur 👍",3,hai saya pemain lama dari seru emang saat zaman dulu terus karena upgrade terlalu besar hp yg dulu sy pakai sudah tidak sanggup akhirnya vakum dlm waktu lama nah sekarang sy sudah punya device baru yg mumpuni untuk main lagi tapi banyak perubahan yg signifikan yg sudah terjadi selama ini apalagi di map sanhok sepertinya ini area terlalu sulit skrg beda dengan yg dulu terus tolong subtitlenarasi ui agar di gede ini terlalu kecil untuk kami yg pemain uzur,hai pemain seru emang zaman upgrade hp sy pakai sanggup vakum dlm sy device mumpuni main perubahan signifikan map sanhok area sulit skrg beda tolong subtitlenarasi ui gede pemain uzur,hai main seru emang zaman upgrade hp sy pakai sanggup vakum dlm sy device mumpuni main ubah signifikan map sanhok area sulit skrg beda tolong subtitlenarasi ui gede main uzur
2026-05-15 10:02:57,Game nya bagus tapi tolong diperkecil lagi kasian yang pengen main karna speksipikasi rendah tolong dibuat merata,5,game nya bagus tapi tolong diperkecil lagi kasian yang pengen main karna speksipikasi rendah tolong dibuat merata,bagus tolong diperkecil kasian pengen main karna speksipikasi rendah tolong merata,bagus tolong kecil kasi ken main karna speksipikasi rendah tolong rata
2026-05-15 09:30:00,game bagus👍😎 Ter-Baik👍💯 namun Hp ku memori nya penuh.. unninstal dulu ya,5,game bagus terbaik namun hp ku memori nya penuh unninstal dulu ya,bagus terbaik hp ku memori penuh unninstal,bagus baik hp ku memori penuh unninstal
2026-05-15 09:13:15,sudah nggak seru lagi...salam player seson 2,2,sudah nggak seru lagisalam player seson,nggak seru lagisalam player seson,nggak seru lagisalam player seson
2026-05-15 09:12:12,Penn main pubgg,5,penn main pubgg,penn main pubgg,penn main pubgg
2026-05-15 09:10:11,"seru, asik, menarik",5,seru asik menarik,seru asik menarik,seru asik tarik
2026-05-15 09:04:35,Min kenapa saya tidak bisa masuk,5,min kenapa saya tidak bisa masuk,min masuk,min masuk
2026-05-15 08:56:38,next bertema nusantara😅,4,next bertema nusantara,next bertema nusantara,next tema nusantara
2026-05-15 08:46:32,makin menyala memori ku😭,5,makin menyala memori ku,menyala memori ku,nyala memori ku
2026-05-15 08:36:15,baguss sekali tapi hp gaa kuatt 😭,5,baguss sekali tapi hp gaa kuatt,baguss hp gaa kuatt,baguss hp gaa kuatt
2026-05-15 08:16:22,okey,5,okey,okey,okey
2026-05-15 07:58:52,kalo mau ngadain grading mending dari ace dominator ke conqueror. grading di crown ke ace dan seterus nya bikin males main,1,kalo mau ngadain grading mending dari ace dominator ke conqueror grading di crown ke ace dan seterus nya bikin males main,ngadain grading mending ace dominator conqueror grading crown ace seterus males main,ngadain grading mending ace dominator conqueror grading crown ace terus males main
2026-05-15 07:29:18,boros paket gua hampir habis saat mainin,1,boros paket gua hampir habis saat mainin,boros paket habis mainin,boros paket habis mainin
2026-05-15 07:20:35,mantap,5,mantap,mantap,mantap
2026-05-15 07:10:30,"hallo developer, tolong hapus system granding, karena itu sangat mempersulit player saat menaikan rank, soalnya mau naikan rank Dari crown ke ace saja sangat sulit, sering dipertemukan dengan player dengan device yang memumpuni, apalagi saat sudah 2 kali menang Dan tinggal 1,terus kita kalah/tida capai target 2 kali pertempuran, langsung direset pencapaian yang awal tadi, langsung mulai ulang Dari satu, Dan disini yang buat frustasi. tolong untuk developer yang terhormat, tingkat kan lagi 🙏",3,hallo developer tolong hapus system granding karena itu sangat mempersulit player saat menaikan rank soalnya mau naikan rank dari crown ke ace saja sangat sulit sering dipertemukan dengan player dengan device yang memumpuni apalagi saat sudah kali menang dan tinggal terus kita kalahtida capai target kali pertempuran langsung direset pencapaian yang awal tadi langsung mulai ulang dari satu dan disini yang buat frustasi tolong untuk developer yang terhormat tingkat kan lagi,hallo developer tolong hapus system granding mempersulit player menaikan rank naikan rank crown ace sulit dipertemukan player device memumpuni kali menang tinggal kalahtida capai target kali pertempuran langsung direset pencapaian langsung ulang frustasi tolong developer terhormat tingkat,hallo developer tolong hapus system granding sulit player naik rank naik rank crown ace sulit temu player device mumpuni kali menang tinggal kalahtida capai target kali tempur langsung direset capai langsung ulang frustasi tolong developer hormat tingkat
2026-05-15 07:09:49,"ada bug yg merugikan pemain yakni force close dari awal main udah terasa lag nya tidak lama kemudian langsung force close(keluar sendiri),mohon diperbaiki bug ini agar tidak merugikan pemain",1,ada bug yg merugikan pemain yakni force close dari awal main udah terasa lag nya tidak lama kemudian langsung force closekeluar sendirimohon diperbaiki bug ini agar tidak merugikan pemain,bug merugikan pemain force close main lag langsung force closekeluar sendirimohon diperbaiki bug merugikan pemain,bug rugi main force close main lag langsung force closekeluar sendirimohon baik bug rugi main
2026-05-15 07:07:41,"setiap mau log in, selalu ada pemberitahuan "" Download Resources "" tapi tidak ada tampilan downloadan nya? sebelum nya tidak pernah terjadi? ada kendala apa yah developer?",3,setiap mau log in selalu ada pemberitahuan download resources tapi tidak ada tampilan downloadan nya sebelum nya tidak pernah terjadi ada kendala apa yah developer,log in pemberitahuan download resources tampilan downloadan kendala yah developer,log in pemberitahuan download resources tampil downloadan kendala yah developer
2026-05-15 06:30:02,"jijik bener update 4.4 banyak banget bug nya,lu sebelum update test dulu masa gak ada server test biar tau ada bug atau engga",1,jijik bener update banyak banget bug nyalu sebelum update test dulu masa gak ada server test biar tau ada bug atau engga,jijik bener update bug nyalu update test server test tau bug engga,jijik bener update bug nyalu update test server test tau bug engga
2026-05-15 06:12:16,gak masuk ke pertempuran,1,gak masuk ke pertempuran,masuk pertempuran,masuk tempur
2026-05-15 05:34:44,tidak bisa update nge stuck loading trus,1,tidak bisa update nge stuck loading trus,update nge stuck loading,update nge stuck loading
2026-05-15 04:31:51,player 6 tahun lalu kembali mantappp,5,player tahun lalu kembali mantappp,player mantappp,player mantappp
2026-05-15 04:03:09,"Terlalu banyak bot, jadi kalau ketemu player asli jd ragu jadinya kurang refleks.",5,terlalu banyak bot jadi kalau ketemu player asli jd ragu jadinya kurang refleks,bot ketemu player asli jd ragu refleks,bot ketemu player asli jd ragu refleks
2026-05-15 03:22:35,jujur game ini tuh seru cuma banyak suami orang yang ngaku bujang sialan😞,5,jujur game ini tuh seru cuma banyak suami orang yang ngaku bujang sialan,jujur tuh seru suami orang ngaku bujang sialan,jujur tuh seru suami orang ngaku bujang sial
2026-05-15 03:02:54,asyiknya main kayak ginian,5,asyiknya main kayak ginian,asyiknya main ginian,asyik main ginian
2026-05-15 02:26:54,Lebih baik,5,lebih baik,,
2026-05-15 02:09:44,pas turun dari pesawat mw sampai tapi rumah nya agak gebab nya cuma segitu aja dari aku terima kasih,5,pas turun dari pesawat mw sampai tapi rumah nya agak gebab nya cuma segitu aja dari aku terima kasih,turun pesawat mw rumah gebab segitu terima kasih,turun pesawat mw rumah gebab segitu terima kasih
2026-05-15 01:51:54,"developernya gak jelas, masa mau war di matiin redzone anehhb",1,developernya gak jelas masa mau war di matiin redzone anehhb,developernya war matiin redzone anehhb,developer war matiin redzone anehhb
2026-05-15 01:50:24,saya sangat suka game ini,5,saya sangat suka game ini,suka,suka
2026-05-15 01:46:35,minim player matching play game susah,1,minim player matching play game susah,minim player matching play susah,minim player matching play susah
2026-05-15 01:40:42,tolong kurangin bug agar kita turun rumah sudah keliatan,5,tolong kurangin bug agar kita turun rumah sudah keliatan,tolong kurangin bug turun rumah keliatan,tolong rangin bug turun rumah liat
2026-05-15 01:38:37,mantap bangat gem ini,5,mantap bangat gem ini,mantap bangat gem,mantap bangat gem
2026-05-15 01:34:16,tencent gajelas banyak bug nya,1,tencent gajelas banyak bug nya,tencent gajelas bug,tencent gajelas bug
2026-05-15 01:26:50,game bogay,3,game bogay,bogay,bogay
2026-05-15 01:09:01,Alan Walker adalah versi terbaik PUGB di era nya.. rindu teman2 yg dulu mabar smpai lupa waktu di era itu. and please ramaikan lagi yuk pugb dan tolong kita Naikan bintang nya lagi ke arah 5.0%,5,alan walker adalah versi terbaik pugb di era nya rindu teman yg dulu mabar smpai lupa waktu di era itu and please ramaikan lagi yuk pugb dan tolong kita naikan bintang nya lagi ke arah,alan walker versi terbaik pugb era rindu teman mabar smpai lupa era and please ramaikan yuk pugb tolong naikan bintang arah,alan walker versi baik pugb era rindu teman mabar smpai lupa era and please ramai yuk pugb tolong naik bintang arah
2026-05-15 01:06:55,"kenapa harley nya suara nya tidak blar blar, kecewa saya berjam jam saya download data demi naik harley di pubg malah suara nya kek vario gerung. kecewa saya. tolong sistem nya tambahin suara blar blar harley pada umumnya biar pemain makin nikmati naik harley dengan suara blar blar nya walaupun di real life cuma naik beat karbu.",1,kenapa harley nya suara nya tidak blar blar kecewa saya berjam jam saya download data demi naik harley di pubg malah suara nya kek vario gerung kecewa saya tolong sistem nya tambahin suara blar blar harley pada umumnya biar pemain makin nikmati naik harley dengan suara blar blar nya walaupun di real life cuma naik beat karbu,harley suara blar blar kecewa berjam jam download data harley suara kek vario gerung kecewa tolong sistem tambahin suara blar blar harley pemain nikmati harley suara blar blar real life beat karbu,harley suara blar blar kecewa jam jam download data harley suara kek vario gerung kecewa tolong sistem tambahin suara blar blar harley main nikmat harley suara blar blar real life beat karbu
2026-05-15 00:59:00,sekarang ram 16 gb sudah tidak menjamin kelancaran bermain pubgm,5,sekarang ram gb sudah tidak menjamin kelancaran bermain pubgm,ram gb menjamin kelancaran bermain pubgm,ram gb jamin lancar main pubgm
2026-05-15 00:47:51,GOOD GAME,5,good game,good,good
2026-05-15 00:43:13,gamenya sangat bagus sekali grafiknya juga Jan josjis,5,gamenya sangat bagus sekali grafiknya juga jan josjis,gamenya bagus grafiknya jan josjis,gamenya bagus grafik jan josjis
2026-05-15 00:36:00,game burik cuy jangan download,1,game burik cuy jangan download,burik cuy download,burik cuy download
2026-05-15 00:32:09,Tidak jelas,2,tidak jelas,,
2026-05-15 00:14:59,selama bermain sudah bagus semoga tidak ada cheater lagi,5,selama bermain sudah bagus semoga tidak ada cheater lagi,bermain bagus semoga cheater,main bagus moga cheater
2026-05-15 00:03:46,kalau dulu masih ada hujan petir sama malam tahun2018 sekarang tidak ada siang aja mohon di dibuatkan lagi,4,kalau dulu masih ada hujan petir sama malam tahun sekarang tidak ada siang aja mohon di dibuatkan lagi,hujan petir malam siang mohon dibuatkan,hujan petir malam siang mohon buat
2026-05-15 00:03:29,terlalu lama waktu menunggu macth nya... membosankan.,3,terlalu lama waktu menunggu macth nya membosankan,menunggu macth membosankan,tunggu macth bosan
2026-05-14 23:50:12,hebat,5,hebat,hebat,hebat
2026-05-14 23:49:36,jarigan ya susah,4,jarigan ya susah,jarigan susah,jarigan susah
2026-05-14 23:40:20,"pencarian battle rank classic lama sekali,",5,pencarian battle rank classic lama sekali,pencarian battle rank classic,cari battle rank classic
2026-05-14 23:23:12,bagus,5,bagus,bagus,bagus
2026-05-14 23:18:56,saya sangat senang bermain pubg mobile buat bisa medapatkan teman yg banyak disi,5,saya sangat senang bermain pubg mobile buat bisa medapatkan teman yg banyak disi,senang bermain mobile medapatkan teman disi,senang main mobile medapatkan teman disi
2026-05-14 23:16:37,hujan dan malam nya belum ada,5,hujan dan malam nya belum ada,hujan malam,hujan malam
2026-05-14 23:15:28,hero's crown event sampah banyak camper,5,heros crown event sampah banyak camper,heros crown event sampah camper,heros crown event sampah camper
2026-05-14 23:13:47,update terus sampai 100gb,1,update terus sampai gb,update gb,update gb
2026-05-14 22:49:51,terlalu sering update dan berat,1,terlalu sering update dan berat,update berat,update berat
2026-05-14 22:49:26,tolong jangan pata pata saya kasih tips bintang 5,5,tolong jangan pata pata saya kasih tips bintang,tolong pata pata kasih tips bintang,tolong pata pata kasih tips bintang
2026-05-14 22:48:04,lama banget dah lu bikin game ajakrang pengen main game yang cepet game ini malah bgelama lamain mati nya nggak realistis masa Pati keluar asap kena azab terus kalo mati ya jadi mayat lah lu bikin game yang bener aja,1,lama banget dah lu bikin game ajakrang pengen main game yang cepet game ini malah bgelama lamain mati nya nggak realistis masa pati keluar asap kena azab terus kalo mati ya jadi mayat lah lu bikin game yang bener aja,dah ajakrang pengen main cepet bgelama lamain mati nggak realistis pati asap kena azab mati mayat bener,dah ajakrang ken main cepet bgelama lamain mati nggak realistis pati asap kena azab mati mayat bener
2026-05-14 22:46:01,tiap tahun siseon trus dibup....bikin kaga jelas...,1,tiap tahun siseon trus dibupbikin kaga jelas,siseon dibupbikin kaga,siseon dibupbikin kaga
2026-05-14 22:41:21,jellek banyak bug masa udah donlod di suru donlod lagi,4,jellek banyak bug masa udah donlod di suru donlod lagi,jellek bug donlod suru donlod,jellek bug donlod suru donlod
2026-05-14 22:29:57,"saya suka dengan adanya grading, lebih banyak jumpa pemain dari pada bot.. disitu kita tau, kita udah layak apa belum..",5,saya suka dengan adanya grading lebih banyak jumpa pemain dari pada bot disitu kita tau kita udah layak apa belum,suka grading jumpa pemain bot disitu tau layak,suka grading jumpa main bot situ tau layak
2026-05-14 22:19:58,gamenya seru sih tapi kalo kasih musuh yang bener jangan yang chat musuhnya masih level 15 gua 26 masa kalah tim gua GK jelas,2,gamenya seru sih tapi kalo kasih musuh yang bener jangan yang chat musuhnya masih level gua masa kalah tim gua gk jelas,gamenya seru kasih musuh bener chat musuhnya level kalah tim gk,gamenya seru kasih musuh bener chat musuh level kalah tim gk
2026-05-14 22:05:54,Game yang sangat bagusssssss,2,game yang sangat bagusssssss,bagusssssss,bagusssssss
2026-05-14 22:01:45,game nya seru dan asik juma update data nya banyak sekali .,3,game nya seru dan asik juma update data nya banyak sekali,seru asik juma update data,seru asik juma update data
2026-05-14 21:57:54,semakin kesini susah naik tier ace ke tier selnjutnya,1,semakin kesini susah naik tier ace ke tier selnjutnya,kesini susah tier ace tier selnjutnya,kesini susah tier ace tier selnjutnya
2026-05-14 21:56:28,update game semua disuruh download ulang game haram,1,update game semua disuruh download ulang game haram,update disuruh download ulang haram,update suruh download ulang haram
2026-05-14 21:55:36,tolong Tencent / krafton : saya dulu udah sering komplen di ingame di layanan pelanggan tentang : SCARL Thorn Of Malice & M416 Lizard Roar untuk ditambahkan One Hit Effect tolong banget udah max soalnya. makasih,3,tolong tencent krafton saya dulu udah sering komplen di ingame di layanan pelanggan tentang scarl thorn of malice m lizard roar untuk ditambahkan one hit effect tolong banget udah max soalnya makasih,tolong tencent krafton komplen ingame layanan pelanggan scarl thorn of malice m lizard roar one hit effect tolong max makasih,tolong tencent krafton komplen ingame layan langgan scarl thorn of malice m lizard roar one hit effect tolong max makasih
2026-05-14 21:55:34,"aplikasi jelek, jaringan lagi bagus"" nya malah dikeluarkan dlam game, koncet",1,aplikasi jelek jaringan lagi bagus nya malah dikeluarkan dlam game koncet,aplikasi jelek jaringan bagus dikeluarkan dlam koncet,aplikasi jelek jaring bagus keluar dlam koncet
2026-05-14 21:53:52,"hentikan even lebay sudah mirip ff saja ni game kayak game bocah even gak masuk akal , balikin pubg seperti dlu lagi yg real perang bukan sprto skrang sangat lebay",1,hentikan even lebay sudah mirip ff saja ni game kayak game bocah even gak masuk akal balikin pubg seperti dlu lagi yg real perang bukan sprto skrang sangat lebay,hentikan even lebay ff ni bocah even masuk akal balikin dlu real perang sprto skrang lebay,henti even lebay ff ni bocah even masuk akal balikin dlu real perang sprto skrang lebay
2026-05-14 21:52:06,krafton tolong perbaiki bug jaringan di update terbaru sekarang,5,krafton tolong perbaiki bug jaringan di update terbaru sekarang,krafton tolong perbaiki bug jaringan update terbaru,krafton tolong baik bug jaring update baru
2026-05-14 21:51:35,game yang sangat worit.,5,game yang sangat worit,worit,worit
2026-05-14 21:49:37,gem rusak,1,gem rusak,gem rusak,gem rusak
2026-05-14 21:48:43,mode FPP seperti mitos,5,mode fpp seperti mitos,mode fpp mitos,mode fpp mitos
2026-05-14 21:48:37,"gamenya bagus, dan sangat inspiratif bagi saya untuk belajar fokus dan kekompakan dalam team 💪🔥",4,gamenya bagus dan sangat inspiratif bagi saya untuk belajar fokus dan kekompakan dalam team,gamenya bagus inspiratif belajar fokus kekompakan team,gamenya bagus inspiratif ajar fokus kompak team
2026-05-14 21:45:28,👍👍,5,,,
2026-05-14 21:43:01,baik sih suka pubg,5,baik sih suka pubg,suka,suka
2026-05-14 21:42:15,mantap,5,mantap,mantap,mantap
2026-05-14 21:39:51,saya paling suka game' PUBG mobile keren,5,saya paling suka game pubg mobile keren,suka mobile keren,suka mobile keren
2026-05-14 21:36:14,suka sekali namun sayang sekarang besar x memori yang harus di sediakan,5,suka sekali namun sayang sekarang besar x memori yang harus di sediakan,suka sayang x memori sediakan,suka sayang x memori sedia
2026-05-14 21:27:49,Terbaik😇🙏🏻❤️,5,terbaik,terbaik,baik
2026-05-14 21:26:38,gacha ga hoki,5,gacha ga hoki,gacha hoki,gacha hoki
2026-05-14 21:22:55,lumayan bgus,1,lumayan bgus,lumayan bgus,lumayan bgus
2026-05-14 21:19:11,the beast deh semangat untuk developer nya,5,the beast deh semangat untuk developer nya,the beast semangat developer,the beast semangat developer
2026-05-14 21:19:09,bug terbaru turun dari mobil lama banget🙁🙁🙁,5,bug terbaru turun dari mobil lama banget,bug terbaru turun mobil,bug baru turun mobil
2026-05-14 21:14:31,cukup baik sementara ini,5,cukup baik sementara ini,,
2026-05-14 21:10:03,sangat seru,5,sangat seru,seru,seru
2026-05-14 21:09:57,"ukuran update gak ada otak, siapa yg main game kek gini",1,ukuran update gak ada otak siapa yg main game kek gini,ukuran update otak main kek gini,ukur update otak main kek gin
2026-05-14 21:08:31,"Sangat seru ya, apalagi setiap season menghadirkan dengan ivent ivent yang menarik untuk bermain PUBG MOBILE",5,sangat seru ya apalagi setiap season menghadirkan dengan ivent ivent yang menarik untuk bermain pubg mobile,seru season menghadirkan ivent ivent menarik bermain mobile,seru season hadir ivent ivent tarik main mobile
2026-05-14 21:07:31,mantap,5,mantap,mantap,mantap
2026-05-14 20:59:03,"game semakin berat,, pake hp kentang ram 4 gak bisa main pdhal pake grafis super smooth",1,game semakin berat pake hp kentang ram gak bisa main pdhal pake grafis super smooth,berat pake hp kentang ram main pdhal pake grafis super smooth,berat pake hp kentang ram main pdhal pake grafis super smooth
2026-05-14 20:56:31,berat banget buat naikin rank ke ace.... masa 2-3x ditembak langsung knock kek semacem kena cheat padahal pakai rompi dan helm level 3..!!!,5,berat banget buat naikin rank ke ace masa x ditembak langsung knock kek semacem kena cheat padahal pakai rompi dan helm level,berat naikin rank ace x ditembak langsung knock kek semacem kena cheat pakai rompi helm level,berat naikin rank ace x tembak langsung knock kek semacem kena cheat pakai rompi helm level
2026-05-14 20:48:35,game nxa bagus.tapi ada sedikit keluhan sya.kenapa ketika kita dalam loby selalu ngeleg???.kasih 4 bintang aja dulu.,4,game nxa bagustapi ada sedikit keluhan syakenapa ketika kita dalam loby selalu ngelegkasih bintang aja dulu,nxa bagustapi keluhan syakenapa loby ngelegkasih bintang,nxa bagustapi keluh syakenapa loby ngelegkasih bintang
2026-05-14 20:47:57,gua player lama banget kecewa aku kenapa abis update kaia jaringan Nia nkelek tapi jaringan Nia bagus loo,3,gua player lama banget kecewa aku kenapa abis update kaia jaringan nia nkelek tapi jaringan nia bagus loo,player kecewa abis update kaia jaringan nia nkelek jaringan nia bagus loo,player kecewa abis update kaia jaring nia nkelek jaring nia bagus loo
2026-05-14 20:40:18,"tolong proses pembelian uc nya diperbaikin lah, udh bayar tapi ucnya ga instan masuk",2,tolong proses pembelian uc nya diperbaikin lah udh bayar tapi ucnya ga instan masuk,tolong proses pembelian uc diperbaikin udh bayar ucnya instan masuk,tolong proses beli uc diperbaikin udh bayar ucnya instan masuk
2026-05-14 20:26:51,seru saya bisa sampai rank ace,5,seru saya bisa sampai rank ace,seru rank ace,seru rank ace
2026-05-14 20:17:06,"Bug Maps, How can I explain it if there is an email from you :v",3,bug maps how can i explain it if there is an email from you v,bug maps how can i explain it if there is an email from you v,bug maps how can i explain it if there is an email from you v
2026-05-14 20:16:31,sangat bagus,5,sangat bagus,bagus,bagus
2026-05-14 20:13:14,pubg love you,5,pubg love you,love you,love you
2026-05-14 20:11:36,MAKSUDNYA APA YA LAGI NGELOOT DITIBANIN REDZONE ANJ,5,maksudnya apa ya lagi ngeloot ditibanin redzone anj,maksudnya ngeloot ditibanin redzone anj,maksud ngeloot ditibanin redzone anj
2026-05-14 20:10:24,permainan sangat bagus tingkatkan,5,permainan sangat bagus tingkatkan,permainan bagus tingkatkan,main bagus tingkat
2026-05-14 20:10:06,tampilkan mode malam dan hujan lagi dong kangen saat-saat itu,3,tampilkan mode malam dan hujan lagi dong kangen saatsaat itu,tampilkan mode malam hujan kangen saatsaat,tampil mode malam hujan kangen saatsaat
2026-05-14 20:05:43,"sekarang,kurang baik bagi para pengguna android itu aja",1,sekarangkurang baik bagi para pengguna android itu aja,sekarangkurang pengguna android,sekarangkurang guna android
2026-05-14 20:04:58,"bagus sih aku suka, main pubg mulai dari 2019, cuma sekarang kebanyakan update",4,bagus sih aku suka main pubg mulai dari cuma sekarang kebanyakan update,bagus suka main kebanyakan update,bagus suka main banyak update
2026-05-14 20:04:08,bukan gmana² ya tapi sistem rank masih enak jaman poin di situ yang membuat game seru player jadi tidak ngendok hingga zona akhir dan poin di nilai melalui cara dia berperang di tambah cara dia survive,4,bukan gmana ya tapi sistem rank masih enak jaman poin di situ yang membuat game seru player jadi tidak ngendok hingga zona akhir dan poin di nilai melalui cara dia berperang di tambah cara dia survive,gmana sistem rank enak jaman poin situ seru player ngendok zona poin nilai berperang survive,gmana sistem rank enak jaman poin situ seru player ngendok zona poin nilai perang survive
2026-05-14 20:03:56,sangat seru,2,sangat seru,seru,seru
2026-05-14 20:02:53,kepingin banget m4 grasier,5,kepingin banget m grasier,kepingin m grasier,kepingin m grasier
2026-05-14 20:01:34,"grading mempersulit pemain boss, udah banyak yang ga main, malah di tambahin grading, hadeh apa coba",1,grading mempersulit pemain boss udah banyak yang ga main malah di tambahin grading hadeh apa coba,grading mempersulit pemain boss main tambahin grading hadeh coba,grading sulit main boss main tambahin grading hadeh coba
2026-05-14 19:52:17,"Gamenya seru, asik buat main bareng.",5,gamenya seru asik buat main bareng,gamenya seru asik main bareng,gamenya seru asik main bareng
2026-05-14 19:44:41,updet ny keterlaluan memakan kuota bnget....,2,updet ny keterlaluan memakan kuota bnget,updet ny memakan kuota bnget,updet ny makan kuota bnget
2026-05-14 19:42:56,game paling bagus menurut saya❤,5,game paling bagus menurut saya,bagus,bagus
2026-05-14 19:33:02,sangat bagus👍,5,sangat bagus,bagus,bagus
2026-05-14 19:31:17,pas mantap,5,pas mantap,mantap,mantap
2026-05-14 19:27:41,"Buat tencent terimakasih telah menghadirkan game yang sangat menarik dan banyak yang suka, saya mewakili daripada temen temen yang lain, mohon game pubg mobile terus berkembang terutama tetap dapat di mainkan di device ram 2GB tetap optimal, kami semua berterimakasih atas perhatian dan mohon lekas di tanggapi",5,buat tencent terimakasih telah menghadirkan game yang sangat menarik dan banyak yang suka saya mewakili daripada temen temen yang lain mohon game pubg mobile terus berkembang terutama tetap dapat di mainkan di device ram gb tetap optimal kami semua berterimakasih atas perhatian dan mohon lekas di tanggapi,tencent terimakasih menghadirkan menarik suka mewakili temen temen mohon mobile berkembang mainkan device ram gb optimal berterimakasih perhatian mohon lekas tanggapi,tencent terimakasih hadir tarik suka wakil temen temen mohon mobile kembang main device ram gb optimal berterimakasih perhati mohon lekas tanggap
2026-05-14 19:27:19,kurang keras bos musuhnya banyak bot AI kasih keras lah tapi (hapusin system grading) hehehe...,5,kurang keras bos musuhnya banyak bot ai kasih keras lah tapi hapusin system grading hehehe,keras bos musuhnya bot ai kasih keras hapusin system grading hehehe,keras bos musuh bot ai kasih keras hapusin system grading hehehe
2026-05-14 19:25:11,i like,5,i like,i like,i like
2026-05-14 19:18:50,event gila gak bisa rivef kecewa aku,1,event gila gak bisa rivef kecewa aku,event gila rivef kecewa,event gila rivef kecewa
2026-05-14 19:18:11,jelekk banyak yang frustasi untuk player menengah semenjak adanya sistem grading jadi susah🥺,1,jelekk banyak yang frustasi untuk player menengah semenjak adanya sistem grading jadi susah,jelekk frustasi player menengah semenjak sistem grading susah,jelekk frustasi player tengah semenjak sistem grading susah
2026-05-14 19:16:55,kesel bgt gua setelah update ngebug mulu,5,kesel bgt gua setelah update ngebug mulu,kesel update ngebug mulu,kesel update ngebug mulu
2026-05-14 19:16:46,setelah update malah susah masuk pertempuran,3,setelah update malah susah masuk pertempuran,update susah masuk pertempuran,update susah masuk tempur
2026-05-14 19:14:12,gameplay nya sangat seru,5,gameplay nya sangat seru,gameplay seru,gameplay seru
2026-05-14 18:59:31,"kenapa sering kali apdet,udah tu besar pula mb nya",5,kenapa sering kali apdetudah tu besar pula mb nya,kali apdetudah tu mb,kali apdetudah tu mb
2026-05-14 18:59:15,"perbaiki lagi setelah terjun pasti tidak kelihatan mana tembok mana pintu terkadang sudah dapat senjata tidak ada gambar senjata nya bagian mana mau nembak ,sedang kan musuh didepan mata harus nunggu 10 atau lebih baru muncul senjata nya",2,perbaiki lagi setelah terjun pasti tidak kelihatan mana tembok mana pintu terkadang sudah dapat senjata tidak ada gambar senjata nya bagian mana mau nembak sedang kan musuh didepan mata harus nunggu atau lebih baru muncul senjata nya,perbaiki terjun tembok pintu terkadang senjata gambar senjata nembak musuh didepan mata nunggu muncul senjata,baik terjun tembok pintu terkadang senjata gambar senjata nembak musuh depan mata nunggu muncul senjata
2026-05-14 18:57:21,"sangat bagus hanya saja hp 8 ram masih termasuk hp kentang, tolong minimal hp 8 ram sudah lumayang memainkan pubg dong",5,sangat bagus hanya saja hp ram masih termasuk hp kentang tolong minimal hp ram sudah lumayang memainkan pubg dong,bagus hp ram hp kentang tolong minimal hp ram lumayang memainkan,bagus hp ram hp kentang tolong minimal hp ram lumayang main
2026-05-14 18:55:49,keren,5,keren,keren,keren
2026-05-14 18:53:35,"⭐⭐⭐⭐⭐ terimakasih tanggapan dari team PUBG 🙏 sekarang tida susah mendapatkan senjata , obat obatan dan mudah mendapatkan kendaraan dalam keadaan zona menipis 👍👍👍👍👍 , Cuman kalau udah SEASON kenapa koneksi selalu buruk ? 😁",5,terimakasih tanggapan dari team pubg sekarang tida susah mendapatkan senjata obat obatan dan mudah mendapatkan kendaraan dalam keadaan zona menipis cuman kalau udah season kenapa koneksi selalu buruk,terimakasih tanggapan team tida susah senjata obat obatan mudah kendaraan zona menipis cuman season koneksi buruk,terimakasih tanggap team tida susah senjata obat obat mudah kendara zona tip cuman season koneksi buruk
2026-05-14 18:43:35,"Permainan yang seru, membuat saya kecanduan, tidak perlu jago, gameplay seperti apapun tetap seru. permainannya sederhana dan unik. update terbaru sangat mulus dan stabil dibandingkan dengan pembaruan sebelumnya yang sangat lag. Sekarang permainan berjalan lancar dan saya semakin menikmati permainannya. Pertahankan dan terus tingkatkan, saya suka!",5,permainan yang seru membuat saya kecanduan tidak perlu jago gameplay seperti apapun tetap seru permainannya sederhana dan unik update terbaru sangat mulus dan stabil dibandingkan dengan pembaruan sebelumnya yang sangat lag sekarang permainan berjalan lancar dan saya semakin menikmati permainannya pertahankan dan terus tingkatkan saya suka,permainan seru kecanduan jago gameplay apapun seru permainannya sederhana unik update terbaru mulus stabil dibandingkan pembaruan lag permainan berjalan lancar menikmati permainannya pertahankan tingkatkan suka,main seru candu jago gameplay apa seru main sederhana unik update baru mulus stabil banding baru lag main jalan lancar nikmat main tahan tingkat suka
2026-05-14 18:32:40,keren lah pokoknya hanya saja terlalu banyak menggunakan penyimpanan,4,keren lah pokoknya hanya saja terlalu banyak menggunakan penyimpanan,keren pokoknya penyimpanan,keren pokok simpan
2026-05-14 18:20:34,makin aneh makin susah sistem makin nda jelas semua,1,makin aneh makin susah sistem makin nda jelas semua,aneh susah sistem nda,aneh susah sistem nda
2026-05-14 18:20:33,game ini bagus. saya pemain dari season 1 sampe skarang. setelah saya pensiun. anak saya yang akan meneruskannya. kinarraya007.,5,game ini bagus saya pemain dari season sampe skarang setelah saya pensiun anak saya yang akan meneruskannya kinarraya,bagus pemain season sampe skarang pensiun anak meneruskannya kinarraya,bagus main season sampe skarang pensiun anak terus kinarraya
2026-05-14 18:18:00,perbaharui lagi kabut gk enak,3,perbaharui lagi kabut gk enak,perbaharui kabut gk enak,baharu kabut gk enak
2026-05-14 18:17:00,coba bkin event nostalgia . kembali k season 2 . zaman lagu nya alan walker.. kita yg main di 2018-2019 kangen masa itu.,4,coba bkin event nostalgia kembali k season zaman lagu nya alan walker kita yg main di kangen masa itu,coba bkin event nostalgia k season zaman lagu alan walker main kangen,coba bkin event nostalgia k season zaman lagu alan walker main kangen
2026-05-14 18:15:18,sudah ada peningkatan,5,sudah ada peningkatan,peningkatan,tingkat
2026-05-14 18:14:04,saran saya . tolong kembalikan game ini seperti tahun 2019 . saat sountrek ya on my way . pasti pemain PUBG pada setujuh . banyak kenangan di tahun itu .,5,saran saya tolong kembalikan game ini seperti tahun saat sountrek ya on my way pasti pemain pubg pada setujuh banyak kenangan di tahun itu,saran tolong kembalikan sountrek on my way pemain setujuh kenangan,saran tolong kembali sountrek on my way main tujuh kenang
2026-05-14 18:13:36,si anj malah update,2,si anj malah update,si anj update,si anj update
2026-05-14 17:56:45,"tolong, jika sedang nyalain grading musuhnya jangan yang susah², sedangkan gradingnya ga aktif musuhnya mudah. jangan gitu dong min, pantes aja playernya sudah banyak yg hilang, mode grading aja susah banget.",2,tolong jika sedang nyalain grading musuhnya jangan yang susah sedangkan gradingnya ga aktif musuhnya mudah jangan gitu dong min pantes aja playernya sudah banyak yg hilang mode grading aja susah banget,tolong nyalain grading musuhnya susah gradingnya aktif musuhnya mudah gitu min pantes playernya hilang mode grading susah,tolong nyalain grading musuh susah gradingnya aktif musuh mudah gitu min pantes playernya hilang mode grading susah
2026-05-14 17:55:51,update sekarang kenapa bisa service obb pubg tolong di tindak lanjuti,1,update sekarang kenapa bisa service obb pubg tolong di tindak lanjuti,update service obb tolong tindak lanjuti,update service obb tolong tindak lanjut
2026-05-14 17:49:37,bagus,5,bagus,bagus,bagus
2026-05-14 17:49:28,game idamanku dari dulu ini sampe sekarang,5,game idamanku dari dulu ini sampe sekarang,idamanku sampe,idam sampe
2026-05-14 17:48:03,gamenya seru tapi susah,5,gamenya seru tapi susah,gamenya seru susah,gamenya seru susah
2026-05-14 17:47:05,karna saya susah dapat infor glacier jadi sy kasi bintang 1😹,1,karna saya susah dapat infor glacier jadi sy kasi bintang,karna susah infor glacier sy kasi bintang,karna susah infor glacier sy kasi bintang
2026-05-14 17:37:15,kenapa tiap abgret sensinya slalu berubah....,1,kenapa tiap abgret sensinya slalu berubah,abgret sensinya slalu berubah,abgret sensinya slalu ubah
2026-05-14 17:37:15,Oke Sangat bagus,5,oke sangat bagus,oke bagus,oke bagus
2026-05-14 17:35:56,"game terlalu banyak ufdate ,game paling ngeselin",1,game terlalu banyak ufdate game paling ngeselin,ufdate ngeselin,ufdate ngeselin
2026-05-14 17:33:44,saya heran.. kenapa sebentar sebentar harus update... semakin kurang minat sama game ini,1,saya heran kenapa sebentar sebentar harus update semakin kurang minat sama game ini,heran sebentar sebentar update minat,heran sebentar sebentar update minat
2026-05-14 17:31:24,saya player baru di pubgm baru main sejak season S27. sistem grading sudah sangat bagus menurut saya. jadi yang naik ke dominator itu benar benar player yang bisa diandalkan,5,saya player baru di pubgm baru main sejak season s sistem grading sudah sangat bagus menurut saya jadi yang naik ke dominator itu benar benar player yang bisa diandalkan,player pubgm main season s sistem grading bagus dominator player diandalkan,player pubgm main season s sistem grading bagus dominator player andal
2026-05-14 17:30:58,sangat bagus,5,sangat bagus,bagus,bagus
2026-05-14 17:29:45,mantaf baru download,5,mantaf baru download,mantaf download,mantaf download
2026-05-14 17:23:57,kok gini sekarang pubg sinyal bagus lasung leg eggak bisa nembak aku kecewa sama pubg aku kasih bintang satu,1,kok gini sekarang pubg sinyal bagus lasung leg eggak bisa nembak aku kecewa sama pubg aku kasih bintang satu,gini sinyal bagus lasung leg eggak nembak kecewa kasih bintang,gin sinyal bagus lasung leg eggak nembak kecewa kasih bintang
2026-05-14 17:20:13,kenapa event bulan ini saya ga bisa login stuck di background loading muluuu padahal jaringan bagus masa saya uninstall dlu trs didownload lgi baru bisa main,3,kenapa event bulan ini saya ga bisa login stuck di background loading muluuu padahal jaringan bagus masa saya uninstall dlu trs didownload lgi baru bisa main,event login stuck background loading muluuu jaringan bagus uninstall dlu trs didownload lgi main,event login stuck background loading muluuu jaring bagus uninstall dlu trs didownload lgi main
2026-05-14 17:18:45,kurangi bot di eranggel karena sangat mengganggu sekali. di saat kita lagi mengintai musuh bot datang dari belakang. kadang satu macth isinya bot semua di eranggel. membuat cepat bosan.,3,kurangi bot di eranggel karena sangat mengganggu sekali di saat kita lagi mengintai musuh bot datang dari belakang kadang satu macth isinya bot semua di eranggel membuat cepat bosan,kurangi bot eranggel mengganggu mengintai musuh bot kadang macth isinya bot eranggel cepat bosan,kurang bot eranggel ganggu intai musuh bot kadang macth isi bot eranggel cepat bosan
2026-05-14 17:17:44,good,4,good,good,good
2026-05-14 17:11:16,"knp sih, awal download itu, FPS nya gpernah nama nya stabil, sinyal 20mps, tp FPS drop mulu, heran gue player kasih bintang 4 karna masih belum di perbaikan FPS males main jadi nya, coba FPS normal"" bug yg di perbaiki, FPS gk... tolong yaa secepatnya, lagi bentar turun season, biar enak main nya.!",4,knp sih awal download itu fps nya gpernah nama nya stabil sinyal mps tp fps drop mulu heran gue player kasih bintang karna masih belum di perbaikan fps males main jadi nya coba fps normal bug yg di perbaiki fps gk tolong yaa secepatnya lagi bentar turun season biar enak main nya,knp download fps gpernah nama stabil sinyal mps tp fps drop mulu heran player kasih bintang karna perbaikan fps males main coba fps normal bug perbaiki fps gk tolong yaa secepatnya bentar turun season enak main,knp download fps gpernah nama stabil sinyal mps tp fps drop mulu heran player kasih bintang karna baik fps males main coba fps normal bug baik fps gk tolong yaa cepat bentar turun season enak main
2026-05-14 17:10:54,pubji semakin keren..aku main baru 3thn..makin bagus az nih..sukses selalu pubji..,5,pubji semakin kerenaku main baru thnmakin bagus az nihsukses selalu pubji,pubji kerenaku main thnmakin bagus az nihsukses pubji,pubji rena main thnmakin bagus az nihsukses pubji
2026-05-14 17:07:47,game ini sebenernya udh mati kutu outfit yg ga msuk akal di jual gameplay udh banyak ngebosenin di tambah banyak nya hal² yg di persulit yah intinya player lama dh pensiun kek gw ini skrng udh ga maen ni game cape makan hati ga seru cuma ngabisin waktu tapi ga dpt hiburannya game sepi pula hadeh...,1,game ini sebenernya udh mati kutu outfit yg ga msuk akal di jual gameplay udh banyak ngebosenin di tambah banyak nya hal yg di persulit yah intinya player lama dh pensiun kek gw ini skrng udh ga maen ni game cape makan hati ga seru cuma ngabisin waktu tapi ga dpt hiburannya game sepi pula hadeh,sebenernya udh mati kutu outfit msuk akal jual gameplay udh ngebosenin persulit yah intinya player dh pensiun kek skrng udh maen ni cape makan hati seru ngabisin dpt hiburannya sepi hadeh,sebenernya udh mati kutu outfit msuk akal jual gameplay udh ngebosenin sulit yah inti player dh pensiun kek skrng udh maen ni cape makan hati seru ngabisin dpt hibur sepi hadeh
2026-05-14 17:00:50,tolong perbaiki akun saya tiba-tiba hilang sendiri,1,tolong perbaiki akun saya tibatiba hilang sendiri,tolong perbaiki akun tibatiba hilang,tolong baik akun tibatiba hilang
2026-05-14 16:56:40,suguh mengasikan,5,suguh mengasikan,suguh mengasikan,suguh asi
2026-05-14 16:55:48,mohon bantuan untuk setting gyroscope nya sering error dan terbalik,5,mohon bantuan untuk setting gyroscope nya sering error dan terbalik,mohon bantuan setting gyroscope error terbalik,mohon bantu setting gyroscope error balik
2026-05-14 16:41:38,good game,5,good game,good,good
2026-05-14 16:41:17,"hapus syarat naik ace dengan 3 kali menang berturut"" karena kekuatan lawan jauh lebih tinggi",4,hapus syarat naik ace dengan kali menang berturut karena kekuatan lawan jauh lebih tinggi,hapus syarat ace kali menang kekuatan lawan,hapus syarat ace kali menang kuat lawan
2026-05-14 16:38:10,game play mantap,5,game play mantap,play mantap,play mantap
2026-05-14 16:36:59,"cheaternya mulai banyak lagi, mohon perketat user dengan akun mencurigakan",5,cheaternya mulai banyak lagi mohon perketat user dengan akun mencurigakan,cheaternya mohon perketat user akun mencurigakan,cheaternya mohon ketat user akun curiga
2026-05-14 16:34:42,keren,5,keren,keren,keren
2026-05-14 16:30:12,game terbaik pertama,5,game terbaik pertama,terbaik,baik
2026-05-14 16:29:21,turunin harga uc,5,turunin harga uc,turunin harga uc,turunin harga uc
2026-05-14 16:05:50,tolong pandangan kamera tpp di tambah sampai 110 atau 120,5,tolong pandangan kamera tpp di tambah sampai atau,tolong pandangan kamera tpp,tolong pandang kamera tpp
2026-05-14 15:59:06,ok,5,ok,ok,ok
2026-05-14 15:54:27,"game ini sekarang menjadi leg frame drop, dalam posisi close combat sinyal sering leg,tidak seperti dulu yg saat close combat sangat lancar saat season 1-2-3-4 mulai dari season 5 sampai sekarang leg frame drop permainan sulit banyak cheater yg tidak terlihat bahwa player itu sebenarnya cheater d tambah sistim grading mempersulit player untuk naik rank ace ke atas pokoknya game ini hilang keseruannya",1,game ini sekarang menjadi leg frame drop dalam posisi close combat sinyal sering legtidak seperti dulu yg saat close combat sangat lancar saat season mulai dari season sampai sekarang leg frame drop permainan sulit banyak cheater yg tidak terlihat bahwa player itu sebenarnya cheater d tambah sistim grading mempersulit player untuk naik rank ace ke atas pokoknya game ini hilang keseruannya,leg frame drop posisi close combat sinyal legtidak close combat lancar season season leg frame drop permainan sulit cheater player cheater d sistim grading mempersulit player rank ace pokoknya hilang keseruannya,leg frame drop posisi close combat sinyal legtidak close combat lancar season season leg frame drop main sulit cheater player cheater d sistim grading sulit player rank ace pokok hilang seru
2026-05-14 15:53:11,sangat bagus,5,sangat bagus,bagus,bagus
2026-05-14 15:48:14,hp ram 2 GB bisa gak ya🧐,5,hp ram gb bisa gak ya,hp ram gb,hp ram gb
2026-05-14 15:45:32,perbaiki game ini sumpah main di rondo kadang GK bsa jualan game bodo,2,perbaiki game ini sumpah main di rondo kadang gk bsa jualan game bodo,perbaiki sumpah main rondo kadang gk bsa jualan bodo,baik sumpah main rondo kadang gk bsa jual bodo
2026-05-14 15:42:45,PUBGM Paling terbaik di dunia,5,pubgm paling terbaik di dunia,pubgm terbaik dunia,pubgm baik dunia
2026-05-14 15:42:34,gila 30gb hilang sia sia.. ada minta update dari dlaam ingame 600mb. slsai download 600mb install update... setuju setuju terus malah hilang gamenya dari HP,2,gila gb hilang sia sia ada minta update dari dlaam ingame mb slsai download mb install update setuju setuju terus malah hilang gamenya dari hp,gila gb hilang sia sia update dlaam ingame mb slsai download mb install update setuju setuju hilang gamenya hp,gila gb hilang sia sia update dlaam ingame mb slsai download mb install update tuju tuju hilang gamenya hp
2026-05-14 15:39:05,"bagus. tapi aku gak mulai dari nol, aku di kasih akun pubg sama omku. sultan akunnya",5,bagus tapi aku gak mulai dari nol aku di kasih akun pubg sama omku sultan akunnya,bagus nol kasih akun omku sultan akunnya,bagus nol kasih akun om sultan akun
2026-05-14 15:37:07,"pihak deplover hanya bisa minta maaf sajah tak bisa memperbaiki masalah saya sangat kecewa sekali.!!! tiap saya main kalo ada musuh tiba2 NGELEG..!!! DAN SETEP MUSUH TAK ADA TIBA SUDAH TEMBAK saya itu masalah nya bikin saya sakit hati dan kecewa berat pihak deplover mau jawab apa,, pasti cuma minta maaf doang sudah bertahun2 main masalah tak kunjung di BENAHI.. COBA KAU MAU JAWAB APA masalah nya tak ada diperbaiki apdet RATUSAN MB tapi kaya... mau saya bilang kasar kah..",1,pihak deplover hanya bisa minta maaf sajah tak bisa memperbaiki masalah saya sangat kecewa sekali tiap saya main kalo ada musuh tiba ngeleg dan setep musuh tak ada tiba sudah tembak saya itu masalah nya bikin saya sakit hati dan kecewa berat pihak deplover mau jawab apa pasti cuma minta maaf doang sudah bertahun main masalah tak kunjung di benahi coba kau mau jawab apa masalah nya tak ada diperbaiki apdet ratusan mb tapi kaya mau saya bilang kasar kah,deplover maaf sajah memperbaiki kecewa main musuh ngeleg setep musuh tembak sakit hati kecewa berat deplover maaf doang bertahun main kunjung benahi coba kau diperbaiki apdet ratusan mb kaya bilang kasar kah,deplover maaf sajah baik kecewa main musuh ngeleg setep musuh tembak sakit hati kecewa berat deplover maaf doang tahun main kunjung benah coba kau baik apdet ratus mb kaya bilang kasar kah
2026-05-14 15:36:54,game ini sangat bagus👍,5,game ini sangat bagus,bagus,bagus
2026-05-14 15:35:59,game sangat baik dan mudah dimainkan,5,game sangat baik dan mudah dimainkan,mudah dimainkan,mudah main
2026-05-14 15:24:48,sudah mantap tingkat kan lagi,5,sudah mantap tingkat kan lagi,mantap tingkat,mantap tingkat
2026-05-14 15:19:12,fungsinya grading buat apa lagi lol,1,fungsinya grading buat apa lagi lol,fungsinya grading lol,fungsi grading lol
2026-05-14 15:18:23,nungguin pemainya lama,5,nungguin pemainya lama,nungguin pemainya,nungguin mai
2026-05-14 15:06:30,"banyak update ga jelas pantesan ajh banyak yg ninggalin,uc mubah dapat nya sampah semua pantesan ajh banyak yg pindah ke ff",1,banyak update ga jelas pantesan ajh banyak yg ninggalinuc mubah dapat nya sampah semua pantesan ajh banyak yg pindah ke ff,update pantesan ajh ninggalinuc mubah sampah pantesan ajh pindah ff,update pantesan ajh ninggalinuc mubah sampah pantesan ajh pindah ff
2026-05-14 15:05:58,Favorit,5,favorit,favorit,favorit
2026-05-14 15:05:15,tantangan Terbesar main Game ini ada lah Kalau ketemu lawan yang Jago🥲🤣Terus Aim nya On Poin terus,4,tantangan terbesar main game ini ada lah kalau ketemu lawan yang jagoterus aim nya on poin terus,tantangan terbesar main ketemu lawan jagoterus aim on poin,tantang besar main ketemu lawan jagoterus aim on poin
2026-05-14 15:02:08,"dari segi aplikasi sudah 1gb lebih belum di dalam download 1gb lagi ini game bukan buat hp kentang ini khusus untuk hp spek dewa saja, tapi jujur suara tembakannya, grafiknya, suasananya terbayarkan semua, sekian masukan dari saya Terimakasih",4,dari segi aplikasi sudah gb lebih belum di dalam download gb lagi ini game bukan buat hp kentang ini khusus untuk hp spek dewa saja tapi jujur suara tembakannya grafiknya suasananya terbayarkan semua sekian masukan dari saya terimakasih,segi aplikasi gb download gb hp kentang khusus hp spek dewa jujur suara tembakannya grafiknya suasananya terbayarkan sekian masukan terimakasih,segi aplikasi gb download gb hp kentang khusus hp spek dewa jujur suara tembak grafik suasana bayar sekian masuk terimakasih
2026-05-14 15:00:07,bagus banget,5,bagus banget,bagus,bagus
2026-05-14 14:56:47,"bobrok banget optimasinya, ditambah lagi set gratisannya jelek",1,bobrok banget optimasinya ditambah lagi set gratisannya jelek,bobrok optimasinya ditambah set gratisannya jelek,bobrok optimasinya tambah set gratis jelek
2026-05-14 14:55:55,"Gua main dr season 3, dulu seru bgt main pubg, tp skrng jd gajelas gini, tolong lah diperbaiki, masih banyak bug di in game",4,gua main dr season dulu seru bgt main pubg tp skrng jd gajelas gini tolong lah diperbaiki masih banyak bug di in game,main dr season seru main tp skrng jd gajelas gini tolong diperbaiki bug in,main dr season seru main tp skrng jd gajelas gin tolong baik bug in
2026-05-14 14:52:30,mantap Tencen game,5,mantap tencen game,mantap tencen,mantap tencen
2026-05-14 14:51:06,"mimin krafton/ level infinite ..! tolong terus perbaiki masalah render yang harus di buat ringan lagi, soalnya di pengaturan grafis itu aku pilih ""SOFT"" tetep aja masih gak berefek, dan untuk loading map ketika terjun itu kalau bisa diperbaiki menjadi harus dan sesuai dengan kebutuhan pemain device dibawah mid - range itu mimin ! semoga dibaca dan terus mau terima saran dan kritikan playernya, aamiin !!",4,mimin krafton level infinite tolong terus perbaiki masalah render yang harus di buat ringan lagi soalnya di pengaturan grafis itu aku pilih soft tetep aja masih gak berefek dan untuk loading map ketika terjun itu kalau bisa diperbaiki menjadi harus dan sesuai dengan kebutuhan pemain device dibawah mid range itu mimin semoga dibaca dan terus mau terima saran dan kritikan playernya aamiin,mimin krafton level infinite tolong perbaiki render ringan pengaturan grafis pilih soft tetep berefek loading map terjun diperbaiki sesuai kebutuhan pemain device dibawah mid range mimin semoga dibaca terima saran kritikan playernya aamiin,mimin krafton level infinite tolong baik render ringan atur grafis pilih soft tetep efek loading map terjun baik sesuai butuh main device bawah mid range mimin moga baca terima saran kritik playernya aamiin
2026-05-14 14:29:32,kalau sedang loading screen selesai menyelesaikan event tolong minimal ada jeda invisible dulu kek gak ngerti bikin game apa gimana udah loading 2 detik,1,kalau sedang loading screen selesai menyelesaikan event tolong minimal ada jeda invisible dulu kek gak ngerti bikin game apa gimana udah loading detik,loading screen selesai menyelesaikan event tolong minimal jeda invisible kek ngerti gimana loading detik,loading screen selesai selesai event tolong minimal jeda invisible kek ngerti gimana loading detik
2026-05-14 14:27:30,my game black screen,1,my game black screen,my black screen,my black screen
2026-05-14 13:55:34,"game nya kurang bagus di segi update nya, setiap update selalu bermasalah di internet nya ,ping selalu naik turun waktu ketemu lawan,ngak ada perubahan..",1,game nya kurang bagus di segi update nya setiap update selalu bermasalah di internet nya ping selalu naik turun waktu ketemu lawanngak ada perubahan,bagus segi update update bermasalah internet ping turun ketemu lawanngak perubahan,bagus segi update update masalah internet ping turun ketemu lawanngak ubah
2026-05-14 13:36:15,game aneh habis update bug teruss bagus tuh fiturnya jangan update skin aja,1,game aneh habis update bug teruss bagus tuh fiturnya jangan update skin aja,aneh habis update bug teruss bagus tuh fiturnya update skin,aneh habis update bug teruss bagus tuh fiturnya update skin
2026-05-14 13:29:13,jelek👹👺👹👺,2,jelek,jelek,jelek
2026-05-14 13:26:56,"terlalu banyak bug, seperti yang saya alami bug refive teman yang knock",1,terlalu banyak bug seperti yang saya alami bug refive teman yang knock,bug alami bug refive teman knock,bug alami bug refive teman knock
2026-05-14 13:25:22,kalau udh rank tinggi kami sebagai player kadang kadang pas lagi main sering banget ada yang afk tapi untung di pc gw gak ngelag yah karena ini game gambar nya bagus banget dan kalau gacha dapatnya skin bagus mulu jadi saya kasih bintang 5 (lima) tapi tolong kalau lagi main pisahkan dong player player nya yang player baru ya player baru player lama ya player lama,5,kalau udh rank tinggi kami sebagai player kadang kadang pas lagi main sering banget ada yang afk tapi untung di pc gw gak ngelag yah karena ini game gambar nya bagus banget dan kalau gacha dapatnya skin bagus mulu jadi saya kasih bintang lima tapi tolong kalau lagi main pisahkan dong player player nya yang player baru ya player baru player lama ya player lama,udh rank player kadang kadang main afk untung pc ngelag yah gambar bagus gacha dapatnya skin bagus mulu kasih bintang tolong main pisahkan player player player player player player,udh rank player kadang kadang main afk untung pc ngelag yah gambar bagus gacha dapat skin bagus mulu kasih bintang tolong main pisah player player player player player player
2026-05-14 12:32:41,ok,5,ok,ok,ok
2026-05-14 12:27:23,game nya mantap,5,game nya mantap,mantap,mantap
2026-05-14 12:16:35,"halo min tolong dong fix bug nembak' sendiri pas ingame sumpah ganggu bgt, ini hp aku normal buat daily dan buat game lain cuma pas main pubg aja suka nembak"" sendiri terus🫣😅",5,halo min tolong dong fix bug nembak sendiri pas ingame sumpah ganggu bgt ini hp aku normal buat daily dan buat game lain cuma pas main pubg aja suka nembak sendiri terus,halo min tolong fix bug nembak ingame sumpah ganggu hp normal daily main suka nembak,halo min tolong fix bug nembak ingame sumpah ganggu hp normal daily main suka nembak
2026-05-14 12:14:17,"masalah baru muncul lagi , sensitivitas fpp dan tpp aim ads tidak ada , kenapa pubg makin hari makin buruk performa nya , fpp dan tpp tanpa scope ada cuma aim ads yg tak ada bagaimana ini bisa terjadi saya sudah 2 kali mengalami hal seperti ini setelah melakukan setiap update terbaru",1,masalah baru muncul lagi sensitivitas fpp dan tpp aim ads tidak ada kenapa pubg makin hari makin buruk performa nya fpp dan tpp tanpa scope ada cuma aim ads yg tak ada bagaimana ini bisa terjadi saya sudah kali mengalami hal seperti ini setelah melakukan setiap update terbaru,muncul sensitivitas fpp tpp aim ads buruk performa fpp tpp scope aim ads kali mengalami update terbaru,muncul sensitivitas fpp tpp aim ads buruk performa fpp tpp scope aim ads kali alami update baru
2026-05-14 12:09:11,huaa pengen main lagi lah tapi room hp ku ga bakal mencukupi 😫,5,huaa pengen main lagi lah tapi room hp ku ga bakal mencukupi,huaa pengen main room hp ku mencukupi,huaa ken main room hp ku cukup
2026-05-14 12:04:26,bgus PUBG tapi geblek aj,5,bgus pubg tapi geblek aj,bgus geblek aj,bgus geblek aj
2026-05-14 11:48:18,Tolong untuk koneksi jaringan nya di stabil kan lagi dan satu lagi semakin update semakin berat game nya kalo bisa update kaya dulu aja 2019,1,tolong untuk koneksi jaringan nya di stabil kan lagi dan satu lagi semakin update semakin berat game nya kalo bisa update kaya dulu aja,tolong koneksi jaringan stabil update berat update kaya,tolong koneksi jaring stabil update berat update kaya
2026-05-14 11:29:45,halo mohon maaf PUBG MOBILE tolong hilangkan animasi 3D saat mendownload data karena itu sangat membuat hp saya lag dan force close dan saya tidak bisa bermain game PUBG di karenakan device saya yang tidak mendukung tolong hilangkan animasi nya ya agar saya bisa bermain game ini dan semua orang bisa merasakan game ini dengan device Low-mid range bisa main game PUBG 🙏,2,halo mohon maaf pubg mobile tolong hilangkan animasi d saat mendownload data karena itu sangat membuat hp saya lag dan force close dan saya tidak bisa bermain game pubg di karenakan device saya yang tidak mendukung tolong hilangkan animasi nya ya agar saya bisa bermain game ini dan semua orang bisa merasakan game ini dengan device lowmid range bisa main game pubg,halo mohon maaf mobile tolong hilangkan animasi d mendownload data hp lag force close bermain karenakan device mendukung tolong hilangkan animasi bermain orang merasakan device lowmid range main,halo mohon maaf mobile tolong hilang animasi d mendownload data hp lag force close main karena device dukung tolong hilang animasi main orang rasa device lowmid range main
2026-05-14 11:29:00,game untuk HP spec tinggi klau HP low nga bisa bersaing pubg nga seperti dulu,2,game untuk hp spec tinggi klau hp low nga bisa bersaing pubg nga seperti dulu,hp spec klau hp low nga bersaing nga,hp spec klau hp low nga saing nga
2026-05-14 11:26:26,my lovely game😘😘😘,5,my lovely game,my lovely,my lovely
2026-05-14 11:25:21,game paling terpuruk yang aku pernah mainin..🤣🤣🤣🤣 mendingan codm🫡🤟🤟,1,game paling terpuruk yang aku pernah mainin mendingan codm,terpuruk mainin mendingan codm,puruk mainin mending codm
2026-05-14 11:24:55,biasa saja,1,biasa saja,,
2026-05-14 11:18:46,saya suka dengan pengalaman bermain pubg,5,saya suka dengan pengalaman bermain pubg,suka pengalaman bermain,suka alam main
2026-05-14 11:17:53,Saya mulai main dari sesaon 2 . sempat berhenti karena Spec HP tidak mampu . sekarang mau main lagi akun lama saya hilang .,1,saya mulai main dari sesaon sempat berhenti karena spec hp tidak mampu sekarang mau main lagi akun lama saya hilang,main sesaon berhenti spec hp main akun hilang,main sesaon henti spec hp main akun hilang
2026-05-14 11:16:45,game tolol game haram mati keluar asap kayak kena azab,1,game tolol game haram mati keluar asap kayak kena azab,tolol haram mati asap kena azab,tolol haram mati asap kena azab
2026-05-14 11:10:06,permainan bagus untuk latihan perang hermagedon bersama Tuhan Yesus,5,permainan bagus untuk latihan perang hermagedon bersama tuhan yesus,permainan bagus latihan perang hermagedon tuhan yesus,main bagus latih perang hermagedon tuhan yesus
2026-05-14 11:06:37,mantapp game paling keren,5,mantapp game paling keren,mantapp keren,mantapp keren
2026-05-14 11:04:11,"update 4.4 malah ada bug tombol revive nya ilang dari awal main sampe akhir gamuncul², ganggu banget bikin kesel apalagi kalo turunnya di event",2,update malah ada bug tombol revive nya ilang dari awal main sampe akhir gamuncul ganggu banget bikin kesel apalagi kalo turunnya di event,update bug tombol revive ilang main sampe gamuncul ganggu kesel turunnya event,update bug tombol revive ilang main sampe gamuncul ganggu kesel turun event
2026-05-14 11:03:52,I LIKE PUBG MOBILE cuman knp ya suka ada bacaan dowload obb servis ga bisa dibuka game PUBG MOBILE nya klw ada bacaan itu,5,i like pubg mobile cuman knp ya suka ada bacaan dowload obb servis ga bisa dibuka game pubg mobile nya klw ada bacaan itu,i like mobile cuman knp suka bacaan dowload obb servis dibuka mobile klw bacaan,i like mobile cuman knp suka baca dowload obb servis buka mobile klw baca
2026-05-14 10:43:45,kalo bisa greading nya di ubah kak,5,kalo bisa greading nya di ubah kak,greading ubah kak,greading ubah kak
2026-05-14 10:42:42,Event nya kurang seru. SAYA AKAN LAWAN!,3,event nya kurang seru saya akan lawan,event seru lawan,event seru lawan
2026-05-14 10:09:47,gem harammmmmmmmmmmmmmmm,1,gem harammmmmmmmmmmmmmmm,gem harammmmmmmmmmmmmmmm,gem harammmmmmmmmmmmmmmm
2026-05-14 10:05:25,"matching lama, dan kadang pada saat main tiba tiba server eror padahal jaringan normal. pantas aja gak banyak lagi peminatnya. mendingan gue beralih ke ML",2,matching lama dan kadang pada saat main tiba tiba server eror padahal jaringan normal pantas aja gak banyak lagi peminatnya mendingan gue beralih ke ml,matching kadang main server eror jaringan normal peminatnya mendingan beralih ml,matching kadang main server eror jaring normal minat mending alih ml
2026-05-14 09:40:29,game bagus,1,game bagus,bagus,bagus
2026-05-14 08:40:26,tidak bisa di lapor dan di screenshot saat sama2x masuk di gua silter udah jaringan nya tiba2x hilang saat ketemu Sultan satu tim.,5,tidak bisa di lapor dan di screenshot saat samax masuk di gua silter udah jaringan nya tibax hilang saat ketemu sultan satu tim,lapor screenshot samax masuk silter jaringan tibax hilang ketemu sultan tim,lapor screenshot samax masuk silter jaring tibax hilang ketemu sultan tim
2026-05-14 08:26:28,i like this game good,5,i like this game good,i like this good,i like this good
2026-05-14 08:06:52,"game pubg ini sangat menghibur saya banget pas lagi capek"" pulang krja main game PUBG ini terasa sangat terhibur kayaknya.. kerengarafiknya juga bagus",5,game pubg ini sangat menghibur saya banget pas lagi capek pulang krja main game pubg ini terasa sangat terhibur kayaknya kerengarafiknya juga bagus,menghibur capek pulang krja main terhibur kayaknya kerengarafiknya bagus,hibur capek pulang krja main hibur kayak kerengarafiknya bagus
2026-05-14 07:46:24,tolong dong bug nya di perbaiki masa aku lagi naik mobil terus aku turun tiba tiba mati tolong dong diperbaiki,4,tolong dong bug nya di perbaiki masa aku lagi naik mobil terus aku turun tiba tiba mati tolong dong diperbaiki,tolong bug perbaiki mobil turun mati tolong diperbaiki,tolong bug baik mobil turun mati tolong baik
2026-05-14 07:41:43,sangat bagus,5,sangat bagus,bagus,bagus
2026-05-14 06:25:57,untuk fitur grading di pubg ini coba dihapus. saya ini gak jago saya bukan pro player. saya main biasa biasa aja tapi musuhnya kyak cacing semua alias gak imbang lawannya dulu sebelum ada sistem grading gak ada kek beginian. kalau mau sistem grading begini. sebenarnya kalau kalah masih bisa lanjut poinnya tapi gak bakal bisa naik cepat ranknya. ini malah ulang dari awal. malah stuck di rank itu trus,2,untuk fitur grading di pubg ini coba dihapus saya ini gak jago saya bukan pro player saya main biasa biasa aja tapi musuhnya kyak cacing semua alias gak imbang lawannya dulu sebelum ada sistem grading gak ada kek beginian kalau mau sistem grading begini sebenarnya kalau kalah masih bisa lanjut poinnya tapi gak bakal bisa naik cepat ranknya ini malah ulang dari awal malah stuck di rank itu trus,fitur grading coba dihapus jago pro player main musuhnya kyak cacing alias imbang lawannya sistem grading kek sistem grading kalah poinnya cepat ranknya ulang stuck rank,fitur grading coba hapus jago pro player main musuh kyak cacing alias imbang lawan sistem grading kek sistem grading kalah poin cepat ranknya ulang stuck rank
2026-05-14 05:56:47,game nya bagus tapi tolong jangan ada yang aneh aneh masak manusia bisa terbang,3,game nya bagus tapi tolong jangan ada yang aneh aneh masak manusia bisa terbang,bagus tolong aneh aneh masak manusia terbang,bagus tolong aneh aneh masak manusia terbang
2026-05-14 05:47:59,game pubg saya ngak bisa kebuka ada yang tau kenapa?,5,game pubg saya ngak bisa kebuka ada yang tau kenapa,ngak kebuka tau,ngak buka tau
2026-05-14 05:34:30,"tolong untuk krafton ditingkatkan lagi dari segi skin yang semua mahal orang liatnya udah Soak duluan liat skinnya segala mahal , sesuaiin bajet player lain lah Jaga kuantitas gamenya biar player lain nyaman",1,tolong untuk krafton ditingkatkan lagi dari segi skin yang semua mahal orang liatnya udah soak duluan liat skinnya segala mahal sesuaiin bajet player lain lah jaga kuantitas gamenya biar player lain nyaman,tolong krafton ditingkatkan segi skin mahal orang liatnya soak duluan liat skinnya mahal sesuaiin bajet player jaga kuantitas gamenya player nyaman,tolong krafton tingkat segi skin mahal orang liat soak duluan liat skinnya mahal sesuaiin bajet player jaga kuantitas gamenya player nyaman
2026-05-14 05:25:09,"min kok semenjak update kemarin jadi banyak kekurangan nya seperti g adanya revive dll, mohon diperbaiki ya game nya",5,min kok semenjak update kemarin jadi banyak kekurangan nya seperti g adanya revive dll mohon diperbaiki ya game nya,min semenjak update kemarin kekurangan g revive dll mohon diperbaiki,min semenjak update kemarin kurang g revive dll mohon baik
2026-05-14 04:25:10,terimakasih krafton ini adalah pubg terbagus di semua season.,5,terimakasih krafton ini adalah pubg terbagus di semua season,terimakasih krafton terbagus season,terimakasih krafton bagus season
2026-05-14 03:54:47,"pembelian Uc sudah berhasil saya TF melalui banking bank,tapi Uc nya belum masuk ke Akun saya ??",5,pembelian uc sudah berhasil saya tf melalui banking banktapi uc nya belum masuk ke akun saya,pembelian uc berhasil tf banking banktapi uc masuk akun,beli uc hasil tf banking banktapi uc masuk akun
2026-05-14 03:50:08,pokonya keren,5,pokonya keren,pokonya keren,poko keren
2026-05-14 03:31:13,"terlalu banyak update didalam game yang terlalu memakan penyimpanan, tolong kedepannya kalo bisa dikurangi saja mb updatenya. Terimakasih🙏🏻🙏🏻",2,terlalu banyak update didalam game yang terlalu memakan penyimpanan tolong kedepannya kalo bisa dikurangi saja mb updatenya terimakasih,update didalam memakan penyimpanan tolong kedepannya dikurangi mb updatenya terimakasih,update dalam makan simpan tolong depan rang mb updatenya terimakasih
2026-05-14 03:18:02,pusing hp kentang UPDATE Mulu mah :'),4,pusing hp kentang update mulu mah,pusing hp kentang update mulu,pusing hp kentang update mulu
2026-05-14 02:45:02,masih ok lah 👍,5,masih ok lah,ok,ok
2026-05-14 02:29:24,making Gila Aku cok update lagi below selsai,5,making gila aku cok update lagi below selsai,making gila cok update below selsai,making gila cok update below selsai
2026-05-14 02:16:14,"Mohon Diperbaiki Kembali, Kalau Bisa Permainan Solo Dan Duo Dipercepat Pencarian Laganya Seperti Laga Skuad",5,mohon diperbaiki kembali kalau bisa permainan solo dan duo dipercepat pencarian laganya seperti laga skuad,mohon diperbaiki permainan solo duo dipercepat pencarian laganya laga skuad,mohon baik main solo duo cepat cari laga laga skuad
2026-05-14 02:07:25,baru update kok sekrang banyak bugnya,3,baru update kok sekrang banyak bugnya,update sekrang bugnya,update sekrang bugnya
2026-05-14 02:00:03,"lagu yang sekarang bikin sakit kepala, gak bentah di lobu",1,lagu yang sekarang bikin sakit kepala gak bentah di lobu,lagu sakit kepala bentah lobu,lagu sakit kepala bentah lobu
2026-05-14 01:57:02,lumayan berat,5,lumayan berat,lumayan berat,lumayan berat
2026-05-14 01:33:27,tolong sistem griding di hapus. mempersulit player,3,tolong sistem griding di hapus mempersulit player,tolong sistem griding hapus mempersulit player,tolong sistem griding hapus sulit player
2026-05-14 01:01:59,kurang bagus map nya aku yg udh lama main ini agak lain map nya dari grafik pun bikin sakit mata yg bagus bagus lah tancent buat event nya lain kali kecewa aku,5,kurang bagus map nya aku yg udh lama main ini agak lain map nya dari grafik pun bikin sakit mata yg bagus bagus lah tancent buat event nya lain kali kecewa aku,bagus map udh main map grafik sakit mata bagus bagus tancent event kali kecewa,bagus map udh main map grafik sakit mata bagus bagus tancent event kali kecewa
2026-05-14 00:43:47,Walaupun aku ga jago aku sayang papi Tencent,5,walaupun aku ga jago aku sayang papi tencent,jago sayang papi tencent,jago sayang papi tencent
2026-05-14 00:37:08,setiap update memakan penyimpanan banget,3,setiap update memakan penyimpanan banget,update memakan penyimpanan,update makan simpan
2026-05-14 00:27:26,gem mantap,5,gem mantap,gem mantap,gem mantap
2026-05-14 00:20:15,sangat bagus,3,sangat bagus,bagus,bagus
2026-05-14 00:09:59,"dikit dikit udate dikit dikit update., apalah.., balikin ke tencent aja kalo cuma mau makan untung dari update data per player, pantes jarang yg mau balik player lamanya, daripada update buat event gajelas, mending di update yg hampir mendekati arma revorger malah seru kaua real",2,dikit dikit udate dikit dikit update apalah balikin ke tencent aja kalo cuma mau makan untung dari update data per player pantes jarang yg mau balik player lamanya daripada update buat event gajelas mending di update yg hampir mendekati arma revorger malah seru kaua real,dikit dikit udate dikit dikit update apalah balikin tencent makan untung update data player pantes jarang player update event gajelas mending update mendekati arma revorger seru kaua real,dikit dikit udate dikit dikit update apa balikin tencent makan untung update data player pantes jarang player update event gajelas mending update dekat arma revorger seru kaua real
2026-05-14 00:06:21,"alasan saya pensi pubg karna game nya terlalu berat dan fps tidak stabil di hp ram 8 tolong dong developer untuk downgrade grafik dan fps ditingkatkan lagi, biar semua hp dibawah ram 6 bisa memainkan gamenya dengan nyaman.",1,alasan saya pensi pubg karna game nya terlalu berat dan fps tidak stabil di hp ram tolong dong developer untuk downgrade grafik dan fps ditingkatkan lagi biar semua hp dibawah ram bisa memainkan gamenya dengan nyaman,alasan pensi karna berat fps stabil hp ram tolong developer downgrade grafik fps ditingkatkan hp dibawah ram memainkan gamenya nyaman,alas pensi karna berat fps stabil hp ram tolong developer downgrade grafik fps tingkat hp bawah ram main gamenya nyaman
2026-05-13 23:50:39,HAPUS GRIDING LA,1,hapus griding la,hapus griding la,hapus griding la
2026-05-13 23:44:37,Obb servis telek,1,obb servis telek,obb servis telek,obb servis telek
2026-05-13 23:40:23,cocok buat anak muda maen game pugb,5,cocok buat anak muda maen game pugb,cocok anak muda maen pugb,cocok anak muda maen pugb
2026-05-13 23:39:18,jujur game ini sangat seru!,5,jujur game ini sangat seru,jujur seru,jujur seru
2026-05-13 23:19:42,"min mau ngasih tau ini knp yh setiap main sama tim² lain salah satu yh tuh sering kena bug GK bisa Rivev tim sendiri, gw juga pernah kena bug gara² itu jadi disalahin tim sendiri karna GK mau Rivev pdhl GK ad tanda Rivev ini gw sengaja ulasan bintang 5 agar bisa di lihat oky",5,min mau ngasih tau ini knp yh setiap main sama tim lain salah satu yh tuh sering kena bug gk bisa rivev tim sendiri gw juga pernah kena bug gara itu jadi disalahin tim sendiri karna gk mau rivev pdhl gk ad tanda rivev ini gw sengaja ulasan bintang agar bisa di lihat oky,min ngasih tau knp yh main tim salah yh tuh kena bug gk rivev tim kena bug gara disalahin tim karna gk rivev pdhl gk ad tanda rivev sengaja ulasan bintang lihat oky,min ngasih tau knp yh main tim salah yh tuh kena bug gk rivev tim kena bug gara disalahin tim karna gk rivev pdhl gk ad tanda rivev sengaja ulas bintang lihat oky
2026-05-13 23:11:07,game Ida 😜🤙,5,game ida,ida,ida
2026-05-13 23:09:14,Gokilll🤙🤙,5,gokilll,gokilll,gokilll
2026-05-13 23:02:31,"tidak usahlah kasih kasih peringatan login selama berapa jam, atau berapa hari. enak enak main tiba tiba loh out. tolonglah, jangan sperti itu",1,tidak usahlah kasih kasih peringatan login selama berapa jam atau berapa hari enak enak main tiba tiba loh out tolonglah jangan sperti itu,usahlah kasih kasih peringatan login jam enak enak main loh out tolonglah sperti,usah kasih kasih ingat login jam enak enak main loh out tolong sperti
2026-05-13 22:52:29,👍💯,5,,,
2026-05-13 22:41:25,lama2 gak genah pubg,3,lama gak genah pubg,genah,genah
2026-05-13 22:39:47,sekarang main pubg main bug nya,5,sekarang main pubg main bug nya,main main bug,main main bug
2026-05-13 22:39:22,"baru update, selesai sampai 100%,pas buka playstore lagi ko harus update ulang?? kenapa yaa, maaf rating 3",3,baru update selesai sampai pas buka playstore lagi ko harus update ulang kenapa yaa maaf rating,update selesai buka playstore ko update ulang yaa maaf rating,update selesai buka playstore ko update ulang yaa maaf rating
2026-05-13 22:29:20,game ini ramah untuk anak anak kalau ada yang menghina berkata kasar atau mengejek kalian tinggal riport ya oke kawan kawan,5,game ini ramah untuk anak anak kalau ada yang menghina berkata kasar atau mengejek kalian tinggal riport ya oke kawan kawan,ramah anak anak menghina kasar mengejek tinggal riport oke kawan kawan,ramah anak anak hina kasar ejek tinggal riport oke kawan kawan
2026-05-13 22:26:59,Bug laggi ini event baru gw kaga bisa pake self revive dan revive temen kocak dah,1,bug laggi ini event baru gw kaga bisa pake self revive dan revive temen kocak dah,bug laggi event kaga pake self revive revive temen kocak dah,bug laggi event kaga pake self revive revive temen kocak dah
2026-05-13 22:26:56,"bisa gak pubg di mainkan sesuai rank ,, soalnya saya masih pemula , saya rank platinum tapi musuh nya sudah crwon atau ice,, 🤦🤦",4,bisa gak pubg di mainkan sesuai rank soalnya saya masih pemula saya rank platinum tapi musuh nya sudah crwon atau ice,mainkan sesuai rank pemula rank platinum musuh crwon ice,main sesuai rank mula rank platinum musuh crwon ice
2026-05-13 22:26:40,"crown ke ace jangan dibikin ribet,,saya lebih expek kayak dulu,,ngerti kan maksud saya developer pubg yang budiman yang gak mentingin skin jing",2,crown ke ace jangan dibikin ribetsaya lebih expek kayak dulungerti kan maksud saya developer pubg yang budiman yang gak mentingin skin jing,crown ace dibikin ribetsaya expek dulungerti maksud developer budiman mentingin skin jing,crown ace bikin ribetsaya expek dulungerti maksud developer budiman mentingin skin jing
2026-05-13 22:24:43,game rusak,1,game rusak,rusak,rusak
2026-05-13 22:15:04,sangat mendukung bang,5,sangat mendukung bang,mendukung bang,dukung bang
2026-05-13 22:03:20,bugnya diperbaikin mmk,1,bugnya diperbaikin mmk,bugnya diperbaikin mmk,bugnya diperbaikin mmk
2026-05-13 22:01:59,game puki,1,game puki,puki,puki
2026-05-13 21:58:56,hapus grading.. kalo ga main bareng susah,4,hapus grading kalo ga main bareng susah,hapus grading main bareng susah,hapus grading main bareng susah
2026-05-13 21:52:54,menghibur,5,menghibur,menghibur,hibur
2026-05-13 21:46:20,🤙🤙🤙 bagus,5,bagus,bagus,bagus
2026-05-13 21:34:51,keren,5,keren,keren,keren
2026-05-13 21:26:03,sangat menghibur sekali,5,sangat menghibur sekali,menghibur,hibur
2026-05-13 20:59:14,kurangi jumlah komputer yg ada,4,kurangi jumlah komputer yg ada,kurangi komputer,kurang komputer
2026-05-13 20:54:25,penyimpanan terlalu besar,2,penyimpanan terlalu besar,penyimpanan,simpan
2026-05-13 20:54:06,cinta PUBG selamanya 😝😝😘,5,cinta pubg selamanya,cinta,cinta
2026-05-13 20:49:29,Game favorit😍💕,5,game favorit,favorit,favorit
2026-05-13 20:42:38,Jaringan booss ngebaf trossss,1,jaringan booss ngebaf trossss,jaringan booss ngebaf trossss,jaring booss ngebaf trossss
2026-05-13 20:41:28,i like,5,i like,i like,i like
2026-05-13 20:33:28,bikin kecanduan asv,5,bikin kecanduan asv,kecanduan asv,candu asv
2026-05-13 20:32:20,mantap,5,mantap,mantap,mantap
2026-05-13 20:26:05,padahal udah di update dn disuruh download datanya udah di download dah selesai bru maen 2 kali setelah itu sya keluar dari gmz sya istirahat 3 jam maen setelah itu saya login lgi eh malh di suruh update lgi,1,padahal udah di update dn disuruh download datanya udah di download dah selesai bru maen kali setelah itu sya keluar dari gmz sya istirahat jam maen setelah itu saya login lgi eh malh di suruh update lgi,update dn disuruh download datanya download dah selesai bru maen kali sya gmz sya istirahat jam maen login lgi eh malh suruh update lgi,update dn suruh download data download dah selesai bru maen kali sya gmz sya istirahat jam maen login lgi eh malh suruh update lgi
2026-05-13 20:23:27,pubg mulai pulih seperti dulu thanks,5,pubg mulai pulih seperti dulu thanks,pulih thanks,pulih thanks
2026-05-13 20:20:44,bagus game ini.. jangan apdet trus menerus.. kasian yang kurang mampu hp...,1,bagus game ini jangan apdet trus menerus kasian yang kurang mampu hp,bagus apdet menerus kasian hp,bagus apdet terus kasi hp
2026-05-13 20:15:57,game ini cocok di hp mahal saya .... kalau di hp yg murah pasti GK cocok ya gaes ..👍👍👍👍👍👍👍👍👍,5,game ini cocok di hp mahal saya kalau di hp yg murah pasti gk cocok ya gaes,cocok hp mahal hp murah gk cocok gaes,cocok hp mahal hp murah gk cocok gaes
2026-05-13 20:14:49,memori nya gede😡,1,memori nya gede,memori gede,memori gede
2026-05-13 20:09:18,🥰🥰🥰🥰,5,,,
2026-05-13 20:03:22,"Game bagus sekali saya bermain dari season 2 , ga kayak game sebelah buriq gaada pintu bahaha",5,game bagus sekali saya bermain dari season ga kayak game sebelah buriq gaada pintu bahaha,bagus bermain season sebelah buriq gaada pintu bahaha,bagus main season belah buriq gaada pintu bahaha
2026-05-13 19:59:43,"terlalu sering update dengan jumlah yang besar, mau main suruh update dulu.",1,terlalu sering update dengan jumlah yang besar mau main suruh update dulu,update main suruh update,update main suruh update
2026-05-13 19:55:49,"developer, ini untuk naik ke rank ace dari crown 1 kok susah gini ya sistem nya harus peringkat 15 kebawah berturut-turut. 🗿",4,developer ini untuk naik ke rank ace dari crown kok susah gini ya sistem nya harus peringkat kebawah berturutturut,developer rank ace crown susah gini sistem peringkat kebawah berturutturut,developer rank ace crown susah gin sistem peringkat bawah berturutturut
2026-05-13 19:51:05,jadi bayak teman,2,jadi bayak teman,bayak teman,bayak teman
2026-05-13 19:31:42,"HAPUS SISTEM GRADING!! sistem baru ini menyusahkan banyak pemain yang cuman mau ngejar rank dengan have fun aja,trus matchmaking lama banget,bisa 10 menitan kalau map selain erangel gilakkk",1,hapus sistem grading sistem baru ini menyusahkan banyak pemain yang cuman mau ngejar rank dengan have fun ajatrus matchmaking lama bangetbisa menitan kalau map selain erangel gilakkk,hapus sistem grading sistem menyusahkan pemain cuman ngejar rank have fun ajatrus matchmaking bangetbisa menitan map erangel gilakkk,hapus sistem grading sistem susah main cuman ngejar rank have fun ajatrus matchmaking bangetbisa menit map erangel gilakkk
2026-05-13 19:23:46,gems paporit saya,5,gems paporit saya,gems paporit,gems paporit
2026-05-13 19:22:36,sangat bagus dan enak di mainkan,5,sangat bagus dan enak di mainkan,bagus enak mainkan,bagus enak main
2026-05-13 19:22:08,"Baguslah pokoknya,,,",5,baguslah pokoknya,baguslah pokoknya,bagus pokok
2026-05-13 19:12:47,Semakin seru nih game.,5,semakin seru nih game,seru nih,seru nih
2026-05-13 19:11:48,sudah waktunya pensi. sudah cukup membersamai dr season awal sampai saat ini..,5,sudah waktunya pensi sudah cukup membersamai dr season awal sampai saat ini,pensi membersamai dr season,pensi sama dr season
2026-05-13 19:10:09,kalo boleh ngasih saran ultimate royal buat jadi rank biasa yang ada blue chip seperti pubg pc dan even buat jd mode normal hilangkan rank di mode event,3,kalo boleh ngasih saran ultimate royal buat jadi rank biasa yang ada blue chip seperti pubg pc dan even buat jd mode normal hilangkan rank di mode event,ngasih saran ultimate royal rank blue chip pc even jd mode normal hilangkan rank mode event,ngasih saran ultimate royal rank blue chip pc even jd mode normal hilang rank mode event
2026-05-13 19:04:31,game ini sangat tidak ada sinyal login ke game tolong perbaiki sinyal game ini dan jaringan hub itu hapus saja dan kapan versi 4.4 dan tidak dapat login ke akun CROOTAAAH game pubg mobile selalu ngelag ping turun naik,1,game ini sangat tidak ada sinyal login ke game tolong perbaiki sinyal game ini dan jaringan hub itu hapus saja dan kapan versi dan tidak dapat login ke akun crootaaah game pubg mobile selalu ngelag ping turun naik,sinyal login tolong perbaiki sinyal jaringan hub hapus versi login akun crootaaah mobile ngelag ping turun,sinyal login tolong baik sinyal jaring hub hapus versi login akun crootaaah mobile ngelag ping turun
2026-05-13 19:00:56,belom tau ni abis update,3,belom tau ni abis update,belom tau ni abis update,bom tau ni abis update
2026-05-13 18:56:55,baru comeback sepertinya vakum lagi setelah update malah nglag mungkin perangkatnya jadul untuk helio g99,3,baru comeback sepertinya vakum lagi setelah update malah nglag mungkin perangkatnya jadul untuk helio g,comeback vakum update nglag perangkatnya jadul helio g,comeback vakum update nglag perangkat jadul hio g
2026-05-13 18:43:31,"di update 4.4 ini ngerasa aplikasi nya agak ringan di hp Oppo A9,,makasii bngtt min,dah dibuat ngerasa main lancar kek orang orang,, walaupun bangunan masih bentuk tanah nge gumpal wkwk,, tapi di event 4.4 ini delay bangunan nya cuman sebentar hihii❤️,, semoga kedepannya dikasih keringanan buat perangkat yang pas pasan kek punyaku mwehehe,,Makasii luvv luvvv PUBG MOBILE❤️",5,di update ini ngerasa aplikasi nya agak ringan di hp oppo amakasii bngtt mindah dibuat ngerasa main lancar kek orang orang walaupun bangunan masih bentuk tanah nge gumpal wkwk tapi di event ini delay bangunan nya cuman sebentar hihii semoga kedepannya dikasih keringanan buat perangkat yang pas pasan kek punyaku mwehehemakasii luvv luvvv pubg mobile,update ngerasa aplikasi ringan hp oppo amakasii bngtt mindah ngerasa main lancar kek orang orang bangunan bentuk tanah nge gumpal wkwk event delay bangunan cuman sebentar hihii semoga kedepannya dikasih keringanan perangkat pasan kek punyaku mwehehemakasii luvv luvvv mobile,update ngerasa aplikasi ringan hp oppo amakasii bngtt mindah ngerasa main lancar kek orang orang bangun bentuk tanah nge gumpal wkwk event delay bangun cuman sebentar hihii moga depan kasih ringan perangkat pas kek punya mwehehemakasii luvv luvvv mobile
2026-05-13 18:38:04,ini gimana ya cara nya downloding resources .?,4,ini gimana ya cara nya downloding resources,gimana downloding resources,gimana downloding resources
2026-05-13 18:37:18,bagus game nia,1,bagus game nia,bagus nia,bagus nia
2026-05-13 18:31:04,"update ga ngotak, makin lama makin kacau. game sampah",1,update ga ngotak makin lama makin kacau game sampah,update ngotak kacau sampah,update ngotak kacau sampah
2026-05-13 18:29:48,keren gem nyaa,5,keren gem nyaa,keren gem nyaa,keren gem nyaa
2026-05-13 18:25:43,Best,5,best,best,best
2026-05-13 18:17:58,🥰🥰🥰🥰,5,,,
2026-05-13 18:15:34,Bug Mulu,1,bug mulu,bug mulu,bug mulu
2026-05-13 18:15:32,"buset kenapa habis update ga bisa masuk, ga sekali 2 kali tapi dh sering banget setelah update",5,buset kenapa habis update ga bisa masuk ga sekali kali tapi dh sering banget setelah update,buset habis update masuk kali dh update,buset habis update masuk kali dh update
2026-05-13 18:12:37,Game kontol,5,game kontol,kontol,kontol
2026-05-13 18:03:24,terlalu bergantung pada device,1,terlalu bergantung pada device,bergantung device,gantung device
2026-05-13 18:02:36,sangat cocoknya,5,sangat cocoknya,cocoknya,cocok
2026-05-13 18:02:25,top lah ini gemes,5,top lah ini gemes,top gemes,top gemes
2026-05-13 17:58:06,game nya Sagat bagus tapi untuk fitur donwlod yg tidak diperlukan bisa diperbaiki ngak ya agar tidak mendowlon secara otomatis saat bermain gamenya yg membuat hp sepek android cepat panas mohon agar supaya player android bisa lancar saat bermain,2,game nya sagat bagus tapi untuk fitur donwlod yg tidak diperlukan bisa diperbaiki ngak ya agar tidak mendowlon secara otomatis saat bermain gamenya yg membuat hp sepek android cepat panas mohon agar supaya player android bisa lancar saat bermain,sagat bagus fitur donwlod diperbaiki ngak mendowlon otomatis bermain gamenya hp sepek android cepat panas mohon player android lancar bermain,sagat bagus fitur donwlod baik ngak mendowlon otomatis main gamenya hp pek android cepat panas mohon player android lancar main
2026-05-13 17:55:03,good,5,good,good,good
2026-05-13 17:41:57,"tolong di perbaiki bug step musuh gak keliatan di map, padahal musuh sangat dekat , kok setelah update ini makin ngaco? heran",1,tolong di perbaiki bug step musuh gak keliatan di map padahal musuh sangat dekat kok setelah update ini makin ngaco heran,tolong perbaiki bug step musuh keliatan map musuh update ngaco heran,tolong baik bug step musuh liat map musuh update ngaco heran
2026-05-13 17:37:10,mantapp,5,mantapp,mantapp,mantapp
2026-05-13 17:27:17,bagus,5,bagus,bagus,bagus
2026-05-13 17:25:28,game terbaik,5,game terbaik,terbaik,baik
2026-05-13 17:20:55,Event nya malem sama hujan aja. Gak usah bisa terbang lah bisa berubah lah jelek. Mending malam atau hujan.,4,event nya malem sama hujan aja gak usah bisa terbang lah bisa berubah lah jelek mending malam atau hujan,event malem hujan terbang berubah jelek mending malam hujan,event malem hujan terbang ubah jelek mending malam hujan
2026-05-13 17:07:16,"game nya bagus tapi sering banget obb service nya error, mohon benerin min",5,game nya bagus tapi sering banget obb service nya error mohon benerin min,bagus obb service error mohon benerin min,bagus obb service error mohon benerin min
2026-05-13 17:06:18,terlalu banyak bug,1,terlalu banyak bug,bug,bug
2026-05-13 17:01:15,semoga lancar buat hp aku,5,semoga lancar buat hp aku,semoga lancar hp,moga lancar hp
2026-05-13 16:51:01,"terlalu berat, patah patah",2,terlalu berat patah patah,berat patah patah,berat patah patah
2026-05-13 16:50:18,"suka heran kenapa musuh tau posisi kita dimana walaupun ngendok apalagi sultan2 di rank dominator keatas, why?",5,suka heran kenapa musuh tau posisi kita dimana walaupun ngendok apalagi sultan di rank dominator keatas why,suka heran musuh tau posisi dimana ngendok sultan rank dominator keatas why,suka heran musuh tau posisi mana ngendok sultan rank dominator atas why
2026-05-13 16:48:31,"seringkali update, sekali nya update banyak bngt download nya",1,seringkali update sekali nya update banyak bngt download nya,seringkali update update bngt download,seringkali update update bngt download
2026-05-13 16:41:09,ini sangat bermagna,5,ini sangat bermagna,bermagna,bermagna
2026-05-13 16:37:39,𝗽𝘂𝗯𝗴 𝗙𝗼𝗿𝗲𝘃𝗲𝗿,5,,,
2026-05-13 16:33:05,Bagus,5,bagus,bagus,bagus
2026-05-13 16:30:23,pada akhirnya gw bisa min geme ini lagi 😭🥹,5,pada akhirnya gw bisa min geme ini lagi,min geme,min geme
2026-05-13 16:19:30,top,5,top,top,top
2026-05-13 16:07:07,PUBG saya mudah kenok,5,pubg saya mudah kenok,mudah kenok,mudah kenok
2026-05-13 15:55:53,"susah lahh ada grading² nya ,, dulu main mentok sampe acedomi , skrg mentok sampe ace",1,susah lahh ada grading nya dulu main mentok sampe acedomi skrg mentok sampe ace,susah lahh grading main mentok sampe acedomi skrg mentok sampe ace,susah lahh grading main mentok sampe acedomi skrg mentok sampe ace
2026-05-13 15:54:33,tidak bisa download resource royale pass dan event,2,tidak bisa download resource royale pass dan event,download resource royale pass event,download resource royale pass event
2026-05-13 15:49:46,"oke bngt,main hampir 4 tahun di tahun 1-2 akun tb' ilang akhirnya bikin akun baru sampai sekarang masih abadii🥺❤️",5,oke bngtmain hampir tahun di tahun akun tb ilang akhirnya bikin akun baru sampai sekarang masih abadii,oke bngtmain akun tb ilang akun abadii,oke bngtmain akun tb ilang akun abadi
2026-05-13 15:47:30,"izin, tolong grading nya dipermudah atau minimal 17 besar tiap tahapan masuk level... soalnya playaer kesulitan untuk capaian tersebut.",3,izin tolong grading nya dipermudah atau minimal besar tiap tahapan masuk level soalnya playaer kesulitan untuk capaian tersebut,izin tolong grading dipermudah minimal tahapan masuk level playaer kesulitan capaian,izin tolong grading mudah minimal tahap masuk level playaer sulit capai
2026-05-13 15:30:31,koneksinya di otimalain dong masa sinyal bagus malah di suruh memuat ulalng,4,koneksinya di otimalain dong masa sinyal bagus malah di suruh memuat ulalng,koneksinya otimalain sinyal bagus suruh memuat ulalng,koneksi otimalain sinyal bagus suruh muat ulalng
2026-05-13 15:28:40,happy,5,happy,happy,happy
2026-05-13 15:18:45,sangat sulit masuk ke pertempuran jika push mode solo,1,sangat sulit masuk ke pertempuran jika push mode solo,sulit masuk pertempuran push mode solo,sulit masuk tempur push mode solo
2026-05-13 15:11:45,pemain lama,5,pemain lama,pemain,main
2026-05-13 15:07:33,mantap,5,mantap,mantap,mantap
2026-05-13 15:01:14,mantap,5,mantap,mantap,mantap
2026-05-13 15:00:59,mantap,5,mantap,mantap,mantap
2026-05-13 14:58:04,game bagus,5,game bagus,bagus,bagus
2026-05-13 14:55:22,setelah update malah makin lag pdahal hp bagus,4,setelah update malah makin lag pdahal hp bagus,update lag pdahal hp bagus,update lag pdahal hp bagus
2026-05-13 14:54:03,sangat terbaik di kelasnya.. luar biasa..,5,sangat terbaik di kelasnya luar biasa,terbaik kelasnya,baik kelas
2026-05-13 14:52:06,JARINGAN KOK LAG MULU KEBANYAKAN ITA ITU INI GAME LAMA LAMA . JARINGAN SERING LAG AE BIKIN EVENT GA NGOTAK BANGET,1,jaringan kok lag mulu kebanyakan ita itu ini game lama lama jaringan sering lag ae bikin event ga ngotak banget,jaringan lag mulu kebanyakan ita jaringan lag ae event ngotak,jaring lag mulu banyak ita jaring lag ae event ngotak
2026-05-13 14:50:59,tiap kali update ..besar kuota yang di gunakan,1,tiap kali update besar kuota yang di gunakan,kali update kuota,kali update kuota
2026-05-13 14:37:07,game broken,5,game broken,broken,broken
2026-05-13 14:33:20,stuck logo awal pas udah update ga mau jalan apk nya,2,stuck logo awal pas udah update ga mau jalan apk nya,stuck logo update jalan apk,stuck logo update jalan apk
2026-05-13 14:30:29,"aplikasi nya bagus banget ,, aku kembaliiiii pubg mobile hahahaah",5,aplikasi nya bagus banget aku kembaliiiii pubg mobile hahahaah,aplikasi bagus kembaliiiii mobile hahahaah,aplikasi bagus kembaliiiii mobile hahahaah
2026-05-13 14:25:41,terbaikkkk,5,terbaikkkk,terbaikkkk,terbaikkkk
2026-05-13 14:17:39,saat pertama masuk pertempuran karakter mengambang atau melayang dan agak lama tidak kaya update sebelumnya di 4.3 tolong dong pubg mobile segera di perbaiki 🙏,5,saat pertama masuk pertempuran karakter mengambang atau melayang dan agak lama tidak kaya update sebelumnya di tolong dong pubg mobile segera di perbaiki,masuk pertempuran karakter mengambang melayang kaya update tolong mobile perbaiki,masuk tempur karakter ambang layang kaya update tolong mobile baik
2026-05-13 14:12:20,sekarang banyak bug bug jelek,1,sekarang banyak bug bug jelek,bug bug jelek,bug bug jelek
2026-05-13 14:09:43,gak kuattt,1,gak kuattt,kuattt,kuattt
2026-05-13 14:05:45,Bagus tapi jaringan sering patah patah tolong benarin segera,4,bagus tapi jaringan sering patah patah tolong benarin segera,bagus jaringan patah patah tolong benarin,bagus jaring patah patah tolong benarin
2026-05-13 13:58:34,dwonload data nya lama anji..,1,dwonload data nya lama anji,dwonload data anji,dwonload data anji
2026-05-13 13:57:17,keren,5,keren,keren,keren
2026-05-13 13:53:35,lumayan,4,lumayan,lumayan,lumayan
2026-05-13 13:50:55,mantap,5,mantap,mantap,mantap
2026-05-13 13:18:06,Gamenya barus gak kayak sebelah burik,5,gamenya barus gak kayak sebelah burik,gamenya barus sebelah burik,gamenya barus belah burik
2026-05-13 13:02:23,game yg bagus sayang Banyak pemain lama dari 2018 yg pensiun gara gara terlalu berat,3,game yg bagus sayang banyak pemain lama dari yg pensiun gara gara terlalu berat,bagus sayang pemain pensiun gara gara berat,bagus sayang main pensiun gara gara berat
2026-05-13 13:01:15,"kalau emang buat fun kenapa komen soal push rank yang di persulit ... Aneh :D kalau buat fun ya maen maen aja gak perlu ngejar rank .. kocak.. justru karena adanya system itu jadi seru , tantangannya .. player jago juga mikir 1000x buat ng rush orang .. pada ngendog semua 2kwkwk seru sih aslii",5,kalau emang buat fun kenapa komen soal push rank yang di persulit aneh d kalau buat fun ya maen maen aja gak perlu ngejar rank kocak justru karena adanya system itu jadi seru tantangannya player jago juga mikir x buat ng rush orang pada ngendog semua kwkwk seru sih aslii,emang fun komen push rank persulit aneh d fun maen maen ngejar rank kocak system seru tantangannya player jago mikir x ng rush orang ngendog kwkwk seru aslii,emang fun komen push rank sulit aneh d fun maen maen ngejar rank kocak system seru tantang player jago mikir x ng rush orang ngendog kwkwk seru asli
2026-05-13 12:51:42,Bru siap donlod pas sya msuk bru nak donlod di dalam nya kok keluar trus GK bisa di main kn .asik kluar trus .knapa ya,5,bru siap donlod pas sya msuk bru nak donlod di dalam nya kok keluar trus gk bisa di main kn asik kluar trus knapa ya,bru donlod sya msuk bru nak donlod gk main kn asik kluar knapa,bru donlod sya msuk bru nak donlod gk main kn asik kluar knapa
2026-05-13 12:21:05,bagi aku gime pubg lebih keren ff jadi bintang nya cuman 1 ya,1,bagi aku gime pubg lebih keren ff jadi bintang nya cuman ya,gime keren ff bintang cuman,gime keren ff bintang cuman
2026-05-13 11:59:20,🤙🤙🤙🤙🤙,5,,,
2026-05-13 11:57:21,"good game,,,saya sudah lama memainkannya.meski tetap m4 nya m4 panu.😁",5,good gamesaya sudah lama memainkannyameski tetap m nya m panu,good gamesaya memainkannyameski m m panu,good gamesaya memainkannyameski m m panu
2026-05-13 11:49:35,woiii papji mobel kapan lah m4 glacier dapat efek ganti senjata malah di anak tiri kan lah kanjut hideung,2,woiii papji mobel kapan lah m glacier dapat efek ganti senjata malah di anak tiri kan lah kanjut hideung,woiii papji mobel m glacier efek ganti senjata anak tiri kanjut hideung,woiii papji mobel m glacier efek ganti senjata anak tiri kanjut hideung
2026-05-13 11:41:42,au ah capek,3,au ah capek,au ah capek,au ah capek
2026-05-13 11:41:10,kasih m416 glacier wkwk,5,kasih m glacier wkwk,kasih m glacier wkwk,kasih m glacier wkwk
2026-05-13 11:26:04,jelek haram mati ada asap kaya kena azab,1,jelek haram mati ada asap kaya kena azab,jelek haram mati asap kaya kena azab,jelek haram mati asap kaya kena azab
2026-05-13 11:24:01,sangatt puas bangettttttttt,5,sangatt puas bangettttttttt,sangatt puas bangettttttttt,sangatt puas bangettttttttt
2026-05-13 11:20:43,game God,5,game god,god,god
2026-05-13 11:20:25,"ini gabisa di revive sehabis update game ini gimana, punya self aid juga gabisa di pake",1,ini gabisa di revive sehabis update game ini gimana punya self aid juga gabisa di pake,gabisa revive sehabis update gimana self aid gabisa pake,gabisa revive habis update gimana self aid gabisa pake
2026-05-13 11:09:13,saya download pake wifi selalu gagal setengah jalan terus woy... hp ram 2GB rom 32 GB pdhal ramnya masih BANYAK. kasih solusi bos...,1,saya download pake wifi selalu gagal setengah jalan terus woy hp ram gb rom gb pdhal ramnya masih banyak kasih solusi bos,download pake wifi gagal jalan woy hp ram gb rom gb pdhal ramnya kasih solusi bos,download pake wifi gagal jalan woy hp ram gb rom gb pdhal ram kasih solusi bos
2026-05-13 11:06:03,game sangat bagus dan sangat menegangkan hanya saja penyimpanan ruang sangat besar jadi KLO bisa kurangin sedikit supaya orang yg ruangnya sedikit bisa main juga,5,game sangat bagus dan sangat menegangkan hanya saja penyimpanan ruang sangat besar jadi klo bisa kurangin sedikit supaya orang yg ruangnya sedikit bisa main juga,bagus menegangkan penyimpanan ruang klo kurangin orang ruangnya main,bagus tegang simpan ruang klo rangin orang ruang main
2026-05-13 10:57:01,Oke 👍,5,oke,oke,oke
2026-05-13 10:55:36,"baru di update malah gak bisa di buka, gimana sih sistem PUBG nya sekarang",1,baru di update malah gak bisa di buka gimana sih sistem pubg nya sekarang,update buka gimana sistem,update buka gimana sistem
2026-05-13 10:54:35,sekarang mainya sudah mendingan para oknum yang memakai cheat sudah berkurang.,4,sekarang mainya sudah mendingan para oknum yang memakai cheat sudah berkurang,mainya mendingan oknum memakai cheat berkurang,mai mending oknum pakai cheat kurang
2026-05-13 10:51:15,mantap,5,mantap,mantap,mantap
2026-05-13 10:48:26,game pelit,5,game pelit,pelit,pelit
2026-05-13 10:48:02,jelek amat lah aku gak mau,1,jelek amat lah aku gak mau,jelek,jelek
2026-05-13 10:30:45,GAME GOOD,5,game good,good,good
2026-05-13 10:26:52,bagus banget tencen mobile🥳,5,bagus banget tencen mobile,bagus tencen mobile,bagus tencen mobile
2026-05-13 10:26:33,hidup grading....,5,hidup grading,hidup grading,hidup grading
2026-05-13 10:20:52,"Apaan bgt updatenya , tiba "" gyro di nonaktifkan game taikk , padahal hp gw ga pernah frame ram gede",1,apaan bgt updatenya tiba gyro di nonaktifkan game taikk padahal hp gw ga pernah frame ram gede,updatenya gyro nonaktifkan taikk hp frame ram gede,updatenya gyro nonaktif taikk hp frame ram gede
2026-05-13 10:16:29,mudahan di versi terbaru bagus dari yang sebelum yaa,5,mudahan di versi terbaru bagus dari yang sebelum yaa,mudahan versi terbaru bagus yaa,mudah versi baru bagus yaa
2026-05-13 10:15:23,Akun jangan blokir dan benet pubg mobile Kayak gini tidak seru🤬,1,akun jangan blokir dan benet pubg mobile kayak gini tidak seru,akun blokir benet mobile gini seru,akun blokir benet mobile gin seru
2026-05-13 10:08:28,gamenya bagus,1,gamenya bagus,gamenya bagus,gamenya bagus
2026-05-13 10:00:35,good luck pubg mobile always on pubg Indonesia players old season 2,5,good luck pubg mobile always on pubg indonesia players old season,good luck mobile always on indonesia players old season,good luck mobile always on indonesia players old season
2026-05-13 09:57:19,"mantap kali,walau hp ku KENTANG BUSUK tetap main 👍😁",5,mantap kaliwalau hp ku kentang busuk tetap main,mantap kaliwalau hp ku kentang busuk main,mantap kaliwalau hp ku kentang busuk main
2026-05-13 09:55:32,fail hilang sendiri,2,fail hilang sendiri,fail hilang,fail hilang
2026-05-13 09:53:27,best game,5,best game,best,best
2026-05-13 09:48:24,hapus aja sistem grading bikin susah player,1,hapus aja sistem grading bikin susah player,hapus sistem grading susah player,hapus sistem grading susah player
2026-05-13 09:45:56,pubg kurang kurangi update yg lebih besar lagi sumpah dehh ga kuat hp gw .. klo lama lama makin gede pensi pubg ini mah,5,pubg kurang kurangi update yg lebih besar lagi sumpah dehh ga kuat hp gw klo lama lama makin gede pensi pubg ini mah,kurangi update sumpah dehh kuat hp klo gede pensi,kurang update sumpah dehh kuat hp klo gede pensi
2026-05-13 09:43:14,coba kembali di tahun 2019 pasti seru,5,coba kembali di tahun pasti seru,coba seru,coba seru
2026-05-13 09:31:28,"update 4.4 knapa jdi ngeframe bgt dah, event yg kmaren enteng bgt",1,update knapa jdi ngeframe bgt dah event yg kmaren enteng bgt,update knapa jdi ngeframe dah event kmaren enteng,update knapa jdi ngeframe dah event kmaren enteng
2026-05-13 09:27:43,gua main dari SD sampi lulus sma ga bosen',5,gua main dari sd sampi lulus sma ga bosen,main sd sampi lulus sma bosen,main sd sampi lulus sma bosen
2026-05-13 09:27:40,nangis ...karena map belum di tender saat turun dari atas trus tertembak musuh,5,nangis karena map belum di tender saat turun dari atas trus tertembak musuh,nangis map tender turun tertembak musuh,nang map tender turun tembak musuh
2026-05-13 09:15:02,Hiburan untuk penat nya dunia,5,hiburan untuk penat nya dunia,hiburan penat dunia,hibur penat dunia
2026-05-13 09:11:00,game udah bagus cuma GB terlalu besar. tiap musim naik. Karena itu lah para player old pensiun.,1,game udah bagus cuma gb terlalu besar tiap musim naik karena itu lah para player old pensiun,bagus gb musim player old pensiun,bagus gb musim player old pensiun
2026-05-13 09:02:02,saran saya cukup mode rangked dan event saja biar tidak susah cari pemain pas masuk pertandingan .,4,saran saya cukup mode rangked dan event saja biar tidak susah cari pemain pas masuk pertandingan,saran mode rangked event susah cari pemain masuk pertandingan,saran mode rangked event susah cari main masuk tanding
2026-05-13 09:00:12,untuk kesekian kali blum dapat 90 fps snap 870 padahal ada cooler payah pubg ‼️,1,untuk kesekian kali blum dapat fps snap padahal ada cooler payah pubg,kesekian kali blum fps snap cooler payah,sekian kali blum fps snap cooler payah
2026-05-13 08:59:17,good game,5,good game,good,good
2026-05-13 08:38:22,tolong frem nya di kurangin,5,tolong frem nya di kurangin,tolong frem kurangin,tolong frem rangin
2026-05-13 08:17:31,⭐⭐⭐⭐🌟🌟🌟🌟🌟,5,,,
2026-05-13 07:55:38,tolong dong pubg suka frem drop padahal handphone ku spek nya bagus tapi masih frem drop tolong dong pubg perbaiki ini game kesukaan loh tolong ya pubg perbaiki frem drop nya sekian terimakasih 🙏🙏,4,tolong dong pubg suka frem drop padahal handphone ku spek nya bagus tapi masih frem drop tolong dong pubg perbaiki ini game kesukaan loh tolong ya pubg perbaiki frem drop nya sekian terimakasih,tolong suka frem drop handphone ku spek bagus frem drop tolong perbaiki kesukaan loh tolong perbaiki frem drop sekian terimakasih,tolong suka frem drop handphone ku spek bagus frem drop tolong baik suka loh tolong baik frem drop sekian terimakasih
2026-05-13 07:37:29,pokok game nya baguss puuuooooollllll.......,5,pokok game nya baguss puuuooooollllll,pokok baguss puuuooooollllll,pokok baguss puuuooooollllll
2026-05-13 07:04:40,hapus system grading.. karena lawannya gak ngotak,1,hapus system grading karena lawannya gak ngotak,hapus system grading lawannya ngotak,hapus system grading lawan ngotak
2026-05-13 06:58:45,"Pengalaman bermain PUBG (PlayerUnknown's Battlegrounds) sering kali digambarkan sebagai campuran antara ketegangan intens, kerja sama tim yang seru, dan kepuasan tinggi saat mencapai ""Winner Winner Chicken Dinner"". Pemain menikmati elemen taktis seperti mengintip, berbaring, dan merancang strategi, meskipun terkadang ada rasa frustrasi saat looting lama berakhir dengan eliminasi cepat.Pengalaman Utama Bermain PUBG:Ketegangan & Adrenalin: Sebagai game battle royale terberat dengan grafis menawan,",5,pengalaman bermain pubg playerunknowns battlegrounds sering kali digambarkan sebagai campuran antara ketegangan intens kerja sama tim yang seru dan kepuasan tinggi saat mencapai winner winner chicken dinner pemain menikmati elemen taktis seperti mengintip berbaring dan merancang strategi meskipun terkadang ada rasa frustrasi saat looting lama berakhir dengan eliminasi cepatpengalaman utama bermain pubgketegangan adrenalin sebagai game battle royale terberat dengan grafis menawan,pengalaman bermain playerunknowns battlegrounds kali digambarkan campuran ketegangan intens kerja tim seru kepuasan mencapai winner winner chicken dinner pemain menikmati elemen taktis mengintip berbaring merancang strategi terkadang frustrasi looting eliminasi cepatpengalaman utama bermain pubgketegangan adrenalin battle royale terberat grafis menawan,alam main playerunknowns battlegrounds kali gambar campur tegang intens kerja tim seru puas capai winner winner chicken dinner main nikmat elemen taktis intip baring rancang strategi terkadang frustrasi looting eliminasi cepatpengalaman utama main pubgketegangan adrenalin battle royale berat grafis tawan
2026-05-13 06:21:23,ga work it buat dimainin lagi udah,1,ga work it buat dimainin lagi udah,work it dimainin,work it dimainin
2026-05-13 06:08:48,sistem gradingnya di hapus aja min hehe,5,sistem gradingnya di hapus aja min hehe,sistem gradingnya hapus min hehe,sistem gradingnya hapus min hehe
2026-05-13 06:08:16,"Kecewa Gua, M416 Glacier Gak ada Peningkatan Tiap-tiap Update Cuma Nambah Skin doang, mana Skin Cewek Mulu.",1,kecewa gua m glacier gak ada peningkatan tiaptiap update cuma nambah skin doang mana skin cewek mulu,kecewa m glacier peningkatan tiaptiap update nambah skin doang skin cewek mulu,kecewa m glacier tingkat tiaptiap update nambah skin doang skin cewek mulu
2026-05-13 05:44:03,tetep setelah update semakin tolool....,1,tetep setelah update semakin tolool,tetep update tolool,tetep update tolool
2026-05-13 05:43:52,game ngabisin memory hp,1,game ngabisin memory hp,ngabisin memory hp,ngabisin memory hp
2026-05-13 05:13:42,Bisakah main hp biasa menggunakan layar tablet,4,bisakah main hp biasa menggunakan layar tablet,main hp layar tablet,main hp layar tablet
2026-05-13 05:04:24,sangat memuaskan,5,sangat memuaskan,memuaskan,muas
2026-05-13 04:46:04,"seru banget,nyesel dlu bilang game haram",5,seru bangetnyesel dlu bilang game haram,seru bangetnyesel dlu bilang haram,seru bangetnyesel dlu bilang haram
2026-05-13 03:37:07,gem super gokil,5,gem super gokil,gem super gokil,gem super gokil
2026-05-13 03:34:50,"game rakus d data,trs d ram,mknya orang pada mles main game ini",5,game rakus d datatrs d rammknya orang pada mles main game ini,rakus d datatrs d rammknya orang mles main,rakus d datatrs d rammknya orang mles main
2026-05-13 03:33:23,Setelah kembali lagi hampir 3 tahun lebih game ini sudah mengalami peningkatan yg signifikan,4,setelah kembali lagi hampir tahun lebih game ini sudah mengalami peningkatan yg signifikan,mengalami peningkatan signifikan,alami tingkat signifikan
2026-05-13 02:30:14,"Min gue player 8 Tahun yang mau comback main lagi, gue main dari jaman AKM bisa scop X8, Hapus sistem Grading, Capek banget main buat havefun malah disuruh buat Kompe. Terus Banyak banget sekarang itu main pada pake emulator di pc, dan kadang main di Tablet pun pakai Bantuan Keyboard dan Mouse, Mereka yang pakai alat bantu itu Nembak serasa gak ada recoil sama sekali, beda dengan main yang pakai Jari ngatur recoil pakai gyro sekalipun. Kaya gak adil gitu gameplaynya.. selebihnya OK!",1,min gue player tahun yang mau comback main lagi gue main dari jaman akm bisa scop x hapus sistem grading capek banget main buat havefun malah disuruh buat kompe terus banyak banget sekarang itu main pada pake emulator di pc dan kadang main di tablet pun pakai bantuan keyboard dan mouse mereka yang pakai alat bantu itu nembak serasa gak ada recoil sama sekali beda dengan main yang pakai jari ngatur recoil pakai gyro sekalipun kaya gak adil gitu gameplaynya selebihnya ok,min player comback main main jaman akm scop x hapus sistem grading capek main havefun disuruh kompe main pake emulator pc kadang main tablet pakai bantuan keyboard mouse pakai alat bantu nembak serasa recoil beda main pakai jari ngatur recoil pakai gyro kaya adil gitu gameplaynya selebihnya ok,min player comback main main jaman akm scop x hapus sistem grading capek main havefun suruh kompe main pake emulator pc kadang main tablet pakai bantu keyboard mouse pakai alat bantu nembak serasa recoil beda main pakai jari ngatur recoil pakai gyro kaya adil gitu gameplaynya lebih ok
2026-05-13 02:10:34,Gradingnya sangat sulit tolong di hapus sangat sangat sangat membuat stresss,1,gradingnya sangat sulit tolong di hapus sangat sangat sangat membuat stresss,gradingnya sulit tolong hapus stresss,gradingnya sulit tolong hapus stresss
2026-05-13 02:00:07,gm ya bagus sekali cuma kurang di sejata ya kurang bayak,5,gm ya bagus sekali cuma kurang di sejata ya kurang bayak,gm bagus sejata bayak,gm bagus sejata bayak
2026-05-13 01:58:37,main di tablet Poco m1 tapi layarnya g full sampe kaki gimana si terus frame rate di Batasin hadehhh bagusan new state unlock smua fps,2,main di tablet poco m tapi layarnya g full sampe kaki gimana si terus frame rate di batasin hadehhh bagusan new state unlock smua fps,main tablet poco m layarnya g full sampe kaki gimana si frame rate batasin hadehhh bagusan new state unlock smua fps,main tablet poco m layar g full sampe kaki gimana si frame rate batasin hadehhh bagus new state unlock smua fps
2026-05-13 01:57:41,sistim grading taik,1,sistim grading taik,sistim grading taik,sistim grading taik
2026-05-13 01:35:01,"kenapa ya hbis di update ko ngga bisah masuk ya,, tolong dong",2,kenapa ya hbis di update ko ngga bisah masuk ya tolong dong,hbis update ko ngga bisah masuk tolong,hbis update ko ngga bisah masuk tolong
2026-05-13 01:34:59,habis update malah stuck obb,1,habis update malah stuck obb,habis update stuck obb,habis update stuck obb
2026-05-13 01:27:27,game andalan aku🤣,5,game andalan aku,andalan,andal
2026-05-13 01:22:55,"buat pihak pubg tolong dong apus bates waktu bermain, fitur yg menurut gua ribet sebagai penjoki game, buat ngepush jadi kesendat waktu trus ada fitur grading win streak makin ribet aja ni pubg lama""",3,buat pihak pubg tolong dong apus bates waktu bermain fitur yg menurut gua ribet sebagai penjoki game buat ngepush jadi kesendat waktu trus ada fitur grading win streak makin ribet aja ni pubg lama,tolong apus bates bermain fitur ribet penjoki ngepush kesendat fitur grading win streak ribet ni,tolong apus bates main fitur ribet joki ngepush sendat fitur grading win streak ribet ni
2026-05-13 01:22:33,bagus.mantap.oke,5,bagusmantapoke,bagusmantapoke,bagusmantapoke
2026-05-13 00:57:57,setiap ganti iven pasti ngebug gabisa dibuka pubgnya suruh download pakai wifi😏,1,setiap ganti iven pasti ngebug gabisa dibuka pubgnya suruh download pakai wifi,ganti iven ngebug gabisa dibuka pubgnya suruh download pakai wifi,ganti iven ngebug gabisa buka pubgnya suruh download pakai wifi
2026-05-13 00:53:17,khusus hp flagship cuy,5,khusus hp flagship cuy,khusus hp flagship cuy,khusus hp flagship cuy
2026-05-13 00:33:03,game burik setiap update ram besar,1,game burik setiap update ram besar,burik update ram,burik update ram
2026-05-13 00:28:46,"Kenapa sering download otomatis habis match di lobby?? padahal settingan download otomatis tidak aktif dan hanya download resource lewat WIFI tapi saat pakai data main, tetep download OTOMATIS padahal semua settingan download otomatis non aktif. Perbaikilah!!!!!",3,kenapa sering download otomatis habis match di lobby padahal settingan download otomatis tidak aktif dan hanya download resource lewat wifi tapi saat pakai data main tetep download otomatis padahal semua settingan download otomatis non aktif perbaikilah,download otomatis habis match lobby settingan download otomatis aktif download resource wifi pakai data main tetep download otomatis settingan download otomatis non aktif perbaikilah,download otomatis habis match lobby settingan download otomatis aktif download resource wifi pakai data main tetep download otomatis settingan download otomatis non aktif baik
2026-05-13 00:24:33,mantap,5,mantap,mantap,mantap
2026-05-13 00:17:40,MALAS MAIN LAGI KARENA ADANYA SISTEM GREDING,1,malas main lagi karena adanya sistem greding,malas main sistem greding,malas main sistem greding
2026-05-12 23:59:41,good,5,good,good,good
2026-05-12 23:59:29,update selanjutnya even Harry Potter,4,update selanjutnya even harry potter,update even harry potter,update even harry potter
2026-05-12 23:53:25,👍👍👍👍👍👍👍,5,,,
2026-05-12 23:52:13,keren beuhh,5,keren beuhh,keren beuhh,keren beuhh
2026-05-12 23:39:06,GAME NYA UDAH KEBANYAKAN CHANGKONEK.,1,game nya udah kebanyakan changkonek,kebanyakan changkonek,banyak changkonek
2026-05-12 23:34:47,kenapa setelah update gak bisa login keterangan nya tidak ada koneksi internet atau wifi padahal sinyal lancar buat apapun youtube atau apa. makin kesini kenapa seperti ini..,1,kenapa setelah update gak bisa login keterangan nya tidak ada koneksi internet atau wifi padahal sinyal lancar buat apapun youtube atau apa makin kesini kenapa seperti ini,update login keterangan koneksi internet wifi sinyal lancar apapun youtube kesini,update login terang koneksi internet wifi sinyal lancar apa youtube kesini
2026-05-12 23:29:11,mantap banget nih game. cocok di mainin untuk kalian para bocil mantap,5,mantap banget nih game cocok di mainin untuk kalian para bocil mantap,mantap nih cocok mainin bocil mantap,mantap nih cocok mainin bocil mantap
2026-05-12 23:28:36,asik,5,asik,asik,asik
2026-05-12 23:24:27,menarik ahay shayy uhuyyyyy,3,menarik ahay shayy uhuyyyyy,menarik ahay shayy uhuyyyyy,tarik ahay shayy uhuyyyyy
2026-05-12 23:19:21,Tolong di perbaiki bug damage dan di hp mid-range fps tidak stabile tolong segera di perbaiki🙏🙏,1,tolong di perbaiki bug damage dan di hp midrange fps tidak stabile tolong segera di perbaiki,tolong perbaiki bug damage hp midrange fps stabile tolong perbaiki,tolong baik bug damage hp midrange fps stabile tolong baik
2026-05-12 23:17:33,melatih fokus salah satunya,5,melatih fokus salah satunya,melatih fokus salah satunya,latih fokus salah satu
2026-05-12 23:12:24,Mantab....,5,mantab,mantab,mantab
2026-05-12 23:11:24,sering keluar sendiri pas main,3,sering keluar sendiri pas main,main,main
2026-05-12 23:02:09,sekarang karakter q udh bner nih sip mantap jadi tiap karakter beda muka ny,5,sekarang karakter q udh bner nih sip mantap jadi tiap karakter beda muka ny,karakter q udh bner nih sip mantap karakter beda muka ny,karakter q udh bner nih sip mantap karakter beda muka ny
2026-05-12 22:59:48,"taeklah mau nautin no.hp sma Email aja susah.suruh masukin kata sandi salah,diganti salah,lah gw disuruh bikin atau dibikinin.huruf kapital ada, nomer ada, simbol juga ada dan jumlah huruf lebih dari 8,terus yang salah apanya anjir.....perbaikin secepatnya hal sepele kek gni aja lama,klo gk bisa dipake tuh fitur ngapain disaranin anj.",2,taeklah mau nautin nohp sma email aja susahsuruh masukin kata sandi salahdiganti salahlah gw disuruh bikin atau dibikininhuruf kapital ada nomer ada simbol juga ada dan jumlah huruf lebih dari terus yang salah apanya anjirperbaikin secepatnya hal sepele kek gni aja lamaklo gk bisa dipake tuh fitur ngapain disaranin anj,taeklah nautin nohp sma email susahsuruh masukin sandi salahdiganti salahlah disuruh dibikininhuruf kapital nomer simbol huruf salah apanya anjirperbaikin secepatnya sepele kek gni lamaklo gk dipake tuh fitur ngapain disaranin anj,taeklah nautin nohp sma email susahsuruh masukin sandi salahdiganti salah suruh dibikininhuruf kapital nomer simbol huruf salah apa anjirperbaikin cepat sepele kek gni lamaklo gk dipake tuh fitur ngapain disaranin anj
2026-05-12 22:55:15,terlalu banyak pembaharuan. . game makin sepi. . . makin berat lagi. . tencen mana.,3,terlalu banyak pembaharuan game makin sepi makin berat lagi tencen mana,pembaharuan sepi berat tencen,baharu sepi berat tencen
2026-05-12 22:50:42,"Game on top, kurang rame gegara cuma org vip aja yg nyaman dengan pubg🥴🥵",5,game on top kurang rame gegara cuma org vip aja yg nyaman dengan pubg,on top rame gegara org vip nyaman,on top rame gegara org vip nyaman
2026-05-12 22:50:03,"tolong kepada admin, grading nya di hapus, sangat menyusahkan player yang ini push rank. segitu aja Terima kasih",4,tolong kepada admin grading nya di hapus sangat menyusahkan player yang ini push rank segitu aja terima kasih,tolong admin grading hapus menyusahkan player push rank segitu terima kasih,tolong admin grading hapus susah player push rank segitu terima kasih
2026-05-12 22:49:30,Tidak bisa di upgrade,5,tidak bisa di upgrade,upgrade,upgrade
2026-05-12 22:45:16,good,4,good,good,good
2026-05-12 22:39:26,Tolong game play nya di perbaiki lagi setiap pencarian laga mode inventaris maupun clasik lama bgt lebih dari 5 menit 🤧,5,tolong game play nya di perbaiki lagi setiap pencarian laga mode inventaris maupun clasik lama bgt lebih dari menit,tolong play perbaiki pencarian laga mode inventaris clasik menit,tolong play baik cari laga mode inventaris clasik menit
2026-05-12 22:38:29,saya sgat suka,5,saya sgat suka,sgat suka,sgat suka
2026-05-12 22:23:10,obb selalu rusak setiap update 👎,5,obb selalu rusak setiap update,obb rusak update,obb rusak update
2026-05-12 22:14:38,gua login kagak masuk masuk cok jelek jelek,1,gua login kagak masuk masuk cok jelek jelek,login kagak masuk masuk cok jelek jelek,login kagak masuk masuk cok jelek jelek
2026-05-12 22:08:13,"makin ngawur tiap kali updateanegemen kloud ga kesimpan, semua sensi berubah, Giro berubah,malah lebih parahnya Giro kebalik kanan, kiri atas bawah. tolong di perbaiki",1,makin ngawur tiap kali updateanegemen kloud ga kesimpan semua sensi berubah giro berubahmalah lebih parahnya giro kebalik kanan kiri atas bawah tolong di perbaiki,ngawur kali updateanegemen kloud kesimpan sensi berubah giro berubahmalah parahnya giro kebalik kanan kiri tolong perbaiki,ngawur kali updateanegemen kloud simpan sensi ubah giro berubahmalah parah giro balik kanan kiri tolong baik
2026-05-12 22:08:01,main lagi di hp baru😄,5,main lagi di hp baru,main hp,main hp
2026-05-12 22:03:04,bikin males main,1,bikin males main,males main,males main
2026-05-12 21:58:21,game mantap,5,game mantap,mantap,mantap
2026-05-12 21:57:50,sudah download login susah,5,sudah download login susah,download login susah,download login susah
2026-05-12 21:52:10,"plz, popor m4 di livik di tambahin🫠",5,plz popor m di livik di tambahin,plz popor m livik tambahin,plz popor m livik tambahin
2026-05-12 21:49:15,"baru combek asli semua nya beda semua, phocingki gak rame kaya dulu kebanyakan player baru sombong"" gak kaya player dulu",5,baru combek asli semua nya beda semua phocingki gak rame kaya dulu kebanyakan player baru sombong gak kaya player dulu,combek asli beda phocingki rame kaya kebanyakan player sombong kaya player,combek asli beda phocingki rame kaya banyak player sombong kaya player
2026-05-12 21:48:58,"sistem grading/persyaratan naik tier bikin bosen main, semakin lama pubg saya yakin akan semakin sepi pemain",1,sistem gradingpersyaratan naik tier bikin bosen main semakin lama pubg saya yakin akan semakin sepi pemain,sistem gradingpersyaratan tier bosen main sepi pemain,sistem gradingpersyaratan tier bosen main sepi main
2026-05-12 21:43:07,banyak bug terutama bug tombol firing yang tidak terpencet sangat menggangu,1,banyak bug terutama bug tombol firing yang tidak terpencet sangat menggangu,bug bug tombol firing terpencet menggangu,bug bug tombol firing pencet menggangu
2026-05-12 21:42:02,"tetap pertahankan pubg, btw bisalah kalau gacha dipermudah kan untuk dpat itemnya 🥹🥹",5,tetap pertahankan pubg btw bisalah kalau gacha dipermudah kan untuk dpat itemnya,pertahankan btw bisalah gacha dipermudah dpat itemnya,tahan btw bisa gacha mudah dpat item
2026-05-12 21:38:15,tetap jadi GAME TERBAIK,5,tetap jadi game terbaik,terbaik,baik
2026-05-12 21:35:18,"makin update makin ngeframe apalagi pihak PUBG tolong pas di lobby jangan suka ngunduh otomatis lah, kadang lagi ngobrol di lobby atau nunggu temen tiba-tiba udah banyak yang di unduh malah makin bikin ngeframe",5,makin update makin ngeframe apalagi pihak pubg tolong pas di lobby jangan suka ngunduh otomatis lah kadang lagi ngobrol di lobby atau nunggu temen tibatiba udah banyak yang di unduh malah makin bikin ngeframe,update ngeframe tolong lobby suka ngunduh otomatis kadang ngobrol lobby nunggu temen tibatiba unduh ngeframe,update ngeframe tolong lobby suka ngunduh otomatis kadang ngobrol lobby nunggu temen tibatiba unduh ngeframe
2026-05-12 21:27:33,"kangen pubg yang dulu sama kangen temen"" dulu:')",1,kangen pubg yang dulu sama kangen temen dulu,kangen kangen temen,kangen kangen temen
2026-05-12 21:26:53,sangat bagus sekali,5,sangat bagus sekali,bagus,bagus
2026-05-12 21:25:38,bagus sekaliii wajib dicoba,1,bagus sekaliii wajib dicoba,bagus sekaliii wajib dicoba,bagus sekaliii wajib coba
2026-05-12 21:21:41,"setiap setelah update saya selalu gk bisa masuk sampai berjam-jam, bahkan berhari2, masak setiap mau update saya harus uninstal terus, tolong d perbaiki lagi ini pubgnya, capek setiap update harus hapus ubg mulu, klw sudah d perbaiki baru nantik saya rubah ulasannya 😡. tolong ya pubg nya d perbaiki, saya sudah 8 tahun main ini pubg, kok sekarang pubg makin aneh 😠",1,setiap setelah update saya selalu gk bisa masuk sampai berjamjam bahkan berhari masak setiap mau update saya harus uninstal terus tolong d perbaiki lagi ini pubgnya capek setiap update harus hapus ubg mulu klw sudah d perbaiki baru nantik saya rubah ulasannya tolong ya pubg nya d perbaiki saya sudah tahun main ini pubg kok sekarang pubg makin aneh,update gk masuk berjamjam berhari masak update uninstal tolong d perbaiki pubgnya capek update hapus ubg mulu klw d perbaiki nantik rubah ulasannya tolong d perbaiki main aneh,update gk masuk berjamjam hari masak update uninstal tolong d baik pubgnya capek update hapus ubg mulu klw d baik nantik rubah ulas tolong d baik main aneh
2026-05-12 21:18:32,game yg bikin Dejavu 🥹,5,game yg bikin dejavu,dejavu,dejavu
2026-05-12 21:17:58,"Please fix random frame drop in 3.4 event, it looks bad, my chipset is snapdragon 888 I thought it should be strong",5,please fix random frame drop in event it looks bad my chipset is snapdragon i thought it should be strong,please fix random frame drop in event it looks bad my chipset is snapdragon i thought it should be strong,please fix random frame drop in event it looks bad my chipset is snapdragon i thought it should be strong
2026-05-12 21:16:29,mantap,5,mantap,mantap,mantap
2026-05-12 21:15:38,gem ya saggat mantap,5,gem ya saggat mantap,gem saggat mantap,gem saggat mantap
2026-05-12 21:07:43,Gamenya bagus min -1 login,5,gamenya bagus min login,gamenya bagus min login,gamenya bagus min login
2026-05-12 21:07:07,ok,5,ok,ok,ok
2026-05-12 21:02:57,hp ku gak kuat sama pubg sekarang,1,hp ku gak kuat sama pubg sekarang,hp ku kuat,hp ku kuat
2026-05-12 21:01:52,update ga bisa nembak + share kit parah !!!!!,1,update ga bisa nembak share kit parah,update nembak share kit parah,update nembak share kit parah
2026-05-12 21:00:50,dari gem nya si oke aja.. pokoknya trbaik lah buat gem ini,5,dari gem nya si oke aja pokoknya trbaik lah buat gem ini,gem si oke pokoknya trbaik gem,gem si oke pokok trbaik gem
2026-05-12 20:59:50,kenapa tier crown di gabung sama ace sniper bahkan lebih.. ko sekarang jadi kaya ml di campur2 apa jangan2 mau jadi ml kah biar sepi,1,kenapa tier crown di gabung sama ace sniper bahkan lebih ko sekarang jadi kaya ml di campur apa jangan mau jadi ml kah biar sepi,tier crown gabung ace sniper ko kaya ml campur ml kah sepi,tier crown gabung ace sniper ko kaya ml campur ml kah sepi
2026-05-12 20:53:09,Please old pubg mobile,5,please old pubg mobile,please old mobile,please old mobile
2026-05-12 20:52:44,👍🏻👍🏻👍🏻,5,,,
2026-05-12 20:52:01,untuk pubg tolong perbaiki masalah server atau bug karena ping 40ms hijau bisa lag parah sering freze dan jalan ditempat!,5,untuk pubg tolong perbaiki masalah server atau bug karena ping ms hijau bisa lag parah sering freze dan jalan ditempat,tolong perbaiki server bug ping ms hijau lag parah freze jalan ditempat,tolong baik server bug ping ms hijau lag parah freze jalan tempat
2026-05-12 20:51:47,oke,5,oke,oke,oke
2026-05-12 20:51:11,Cukup menghibur di saat waktu luang,5,cukup menghibur di saat waktu luang,menghibur luang,hibur luang
2026-05-12 20:49:42,Ngga bisa di download ulang game nya,5,ngga bisa di download ulang game nya,ngga download ulang,ngga download ulang
2026-05-12 20:47:04,PUBG mobile semakin bagus & mantab. apalagi sekarang ada tambahan efek lagi di M416 sealed nether (mummy),5,pubg mobile semakin bagus mantab apalagi sekarang ada tambahan efek lagi di m sealed nether mummy,mobile bagus mantab tambahan efek m sealed nether mummy,mobile bagus mantab tambah efek m sealed nether mummy
2026-05-12 20:43:07,Kenapa mendadak loading gamenya stak ga jalan padahal udah di apus download lagi masih stak aja,4,kenapa mendadak loading gamenya stak ga jalan padahal udah di apus download lagi masih stak aja,mendadak loading gamenya stak jalan apus download stak,dadak loading gamenya stak jalan apus download stak
2026-05-12 20:42:19,ok,4,ok,ok,ok
2026-05-12 20:37:28,Game burik!!!!!!!!!!!!!!!!!!!!!!!!!!!!!!!!!!!!!!!!!!!!!!!!!!!!!!!!!!!!!!!!!!!!!!!!!!!!!!!!!!!!!!!!!!!!!!!!!!!!!!!!!!!!!!!!!!!!!!!!!!!!!!;!!!!!!!!!!!!!!!!!!!!!!!!!!!!!!! Tapi boong hayyuk pal pale pale,5,game burik tapi boong hayyuk pal pale pale,burik boong hayyuk pal pale pale,burik boong hayyuk pal pale pale
2026-05-12 20:30:51,game nyah bagus banget gerafik nyah gelo banget,5,game nyah bagus banget gerafik nyah gelo banget,nyah bagus gerafik nyah gelo,nyah bagus gerafik nyah gelo
2026-05-12 20:27:54,gabisa d buka,1,gabisa d buka,gabisa d buka,gabisa d buka
2026-05-12 20:23:12,"sedikit keluhan saya ,mengapa ketika turun di event seperti pocinkhi ,musuh rame terjadinya bug rumah seperti agar agar / atau kotak ,sedangkan player lain sudah bisa meloting ,sedangkan karakter saya ,tidak bisa masuk rumah pintu dan jendela nya tidak ada ,keseringan mati gara gara render rumah nya ,jadinya tidak bisa masuk,harus menunggu sekitar 1 menitan atau setengah menit baru bisa itupun kemungkinan mati 100% karna akibat bug ketika turun musuh nya banyak ,tolong diperbaikin",4,sedikit keluhan saya mengapa ketika turun di event seperti pocinkhi musuh rame terjadinya bug rumah seperti agar agar atau kotak sedangkan player lain sudah bisa meloting sedangkan karakter saya tidak bisa masuk rumah pintu dan jendela nya tidak ada keseringan mati gara gara render rumah nya jadinya tidak bisa masukharus menunggu sekitar menitan atau setengah menit baru bisa itupun kemungkinan mati karna akibat bug ketika turun musuh nya banyak tolong diperbaikin,keluhan turun event pocinkhi musuh rame bug rumah kotak player meloting karakter masuk rumah pintu jendela keseringan mati gara gara render rumah masukharus menunggu menitan menit itupun mati karna akibat bug turun musuh tolong diperbaikin,keluh turun event pocinkhi musuh rame bug rumah kotak player meloting karakter masuk rumah pintu jendela sering mati gara gara render rumah masukharus tunggu menit menit itu mati karna akibat bug turun musuh tolong diperbaikin
2026-05-12 20:22:26,main dari seasons 1 vakum 2026 gara2 sistem granding bikin gak mood hampir 1 klan pensi main pubg gile 49 orang yg online sisa 1 di klan aku gara2 granding ini terlalu bikin emosi,5,main dari seasons vakum gara sistem granding bikin gak mood hampir klan pensi main pubg gile orang yg online sisa di klan aku gara granding ini terlalu bikin emosi,main seasons vakum gara sistem granding mood klan pensi main gile orang online sisa klan gara granding emosi,main seasons vakum gara sistem granding mood klan pensi main gile orang online sisa klan gara granding emosi
2026-05-12 20:21:04,"gua ringkas min permasalahannya 1, fps gk stabil walau device gk panas 2, bug parasut pas loncat dari tempat tinggi tombol parasutnya gk kluar 3, mic mabar, walau udh makek mic mabar tapi speakernya ambil yg tim suara kita masih bocor ke tim '-'",4,gua ringkas min permasalahannya fps gk stabil walau device gk panas bug parasut pas loncat dari tempat tinggi tombol parasutnya gk kluar mic mabar walau udh makek mic mabar tapi speakernya ambil yg tim suara kita masih bocor ke tim,ringkas min permasalahannya fps gk stabil device gk panas bug parasut loncat tombol parasutnya gk kluar mic mabar udh makek mic mabar speakernya ambil tim suara bocor tim,ringkas min masalah fps gk stabil device gk panas bug parasut loncat tombol parasut gk kluar mic mabar udh makek mic mabar speakernya ambil tim suara bocor tim
2026-05-12 20:20:01,ko apa jadi minta-minta rating,5,ko apa jadi mintaminta rating,ko mintaminta rating,ko mintaminta rating
2026-05-12 20:19:31,"gem favorit saya ini tolong di perbaiki ,saya ko setiap login server error trus",5,gem favorit saya ini tolong di perbaiki saya ko setiap login server error trus,gem favorit tolong perbaiki ko login server error,gem favorit tolong baik ko login server error
2026-05-12 20:17:01,gem yang paling ku suka.. tapi terlalu pelit sama siniper,2,gem yang paling ku suka tapi terlalu pelit sama siniper,gem ku suka pelit siniper,gem ku suka pelit siniper
2026-05-12 20:15:21,mantap,5,mantap,mantap,mantap
2026-05-12 20:08:29,coba pubg buat event untk pubg season 2 tahun 2018,5,coba pubg buat event untk pubg season tahun,coba event untk season,coba event untk season
2026-05-12 20:06:19,🚀,5,,,
2026-05-12 20:03:43,saya suka banget main game pubg tapi saya sering mengeluhkan saat turun dari pesawat itu rendernya lama banget,5,saya suka banget main game pubg tapi saya sering mengeluhkan saat turun dari pesawat itu rendernya lama banget,suka main mengeluhkan turun pesawat rendernya,suka main keluh turun pesawat rendernya
2026-05-12 19:55:12,"aku kasih bintang 🌟5 bukan berarti aku suka ya ,... hmphhh~~",5,aku kasih bintang bukan berarti aku suka ya hmphhh,kasih bintang suka hmphhh,kasih bintang suka hmphhh
2026-05-12 19:54:43,"game battle royal terbaik yang pernah saya coba,sangat ramah dengan hp spek pas² an",5,game battle royal terbaik yang pernah saya cobasangat ramah dengan hp spek pas an,battle royal terbaik cobasangat ramah hp spek an,battle royal baik cobasangat ramah hp spek an
2026-05-12 19:54:35,game bagus tapi rada lag,4,game bagus tapi rada lag,bagus rada lag,bagus rada lag
2026-05-12 19:53:57,"baru juga update sudah ngelag aja ini game, tolong perbaiki koneksi nya minji",1,baru juga update sudah ngelag aja ini game tolong perbaiki koneksi nya minji,update ngelag tolong perbaiki koneksi minji,update ngelag tolong baik koneksi minji
2026-05-12 19:53:54,"GAME PEKOK . SUKA UBAH"" LOBBY INTERFACE .",3,game pekok suka ubah lobby interface,pekok suka ubah lobby interface,kok suka ubah lobby interface
2026-05-12 19:52:48,"bagus bagus aja sih, tapi mohon di kondisikan update2 nya. soalnya masih banyak pengguna android lama yang pengen main gamenya tapi device nggak mendukung. supaya yang kami juga bisa menikmati ini game, walaupun device kami kentang.",4,bagus bagus aja sih tapi mohon di kondisikan update nya soalnya masih banyak pengguna android lama yang pengen main gamenya tapi device nggak mendukung supaya yang kami juga bisa menikmati ini game walaupun device kami kentang,bagus bagus mohon kondisikan update pengguna android pengen main gamenya device nggak mendukung menikmati device kentang,bagus bagus mohon kondisi update guna android ken main gamenya device nggak dukung nikmat device kentang
2026-05-12 19:52:11,lebih menantang ketika menaikan tier,5,lebih menantang ketika menaikan tier,menantang menaikan tier,tantang naik tier
2026-05-12 19:50:42,saya senang bermain game pubg,4,saya senang bermain game pubg,senang bermain,senang main
2026-05-12 19:46:28,ko arena sampe 1 ga lanjut coba perbaikin Don,5,ko arena sampe ga lanjut coba perbaikin don,ko arena sampe coba perbaikin don,ko arena sampe coba perbaikin don
2026-05-12 19:45:14,pubg sekarang banyak fitur jd males main lagi dives pun harus ip pake android susah gak bisa lg sering dilai kalah sama yg dives ip bahkan chiter2 di UR makin meraja lela,1,pubg sekarang banyak fitur jd males main lagi dives pun harus ip pake android susah gak bisa lg sering dilai kalah sama yg dives ip bahkan chiter di ur makin meraja lela,fitur jd males main dives ip pake android susah lg dilai kalah dives ip chiter ur meraja lela,fitur jd males main dives ip pake android susah lg lai kalah dives ip chiter ur raja lela
2026-05-12 19:40:19,"banyak kolaborasi, event tidak terlalu sulit, grading standar, cocok buat yg punya banyak waktu luang + storage lega 😂",5,banyak kolaborasi event tidak terlalu sulit grading standar cocok buat yg punya banyak waktu luang storage lega,kolaborasi event sulit grading standar cocok luang storage lega,kolaborasi event sulit grading standar cocok luang storage lega
2026-05-12 19:39:15,gamenya seru gk bikin bosen,5,gamenya seru gk bikin bosen,gamenya seru gk bosen,gamenya seru gk bosen
2026-05-12 19:35:59,fix lag on game tensent . pliss,5,fix lag on game tensent pliss,fix lag on tensent pliss,fix lag on tensent pliss
2026-05-12 19:33:34,hbs updet PUBG ke persi baru download grafis nya kok suka keluar sendiri pas download tolong lah bantuannya terimakasih,5,hbs updet pubg ke persi baru download grafis nya kok suka keluar sendiri pas download tolong lah bantuannya terimakasih,hbs updet persi download grafis suka download tolong bantuannya terimakasih,hbs updet pers download grafis suka download tolong bantu terimakasih
2026-05-12 19:29:04,kupon peti premium kapan muncul nya sih min?,3,kupon peti premium kapan muncul nya sih min,kupon peti premium muncul min,kupon peti premium muncul min
2026-05-12 19:25:56,kompany game keren banget,5,kompany game keren banget,kompany keren,kompany keren
2026-05-12 19:24:47,thank kreator PUBGM udah update lagi dan dan alhamdulilah aku udh dpt skin S8 permanent makasih banyak yaa,5,thank kreator pubgm udah update lagi dan dan alhamdulilah aku udh dpt skin s permanent makasih banyak yaa,thank kreator pubgm update alhamdulilah udh dpt skin s permanent makasih yaa,thank kreator pubgm update alhamdulilah udh dpt skin s permanent makasih yaa
2026-05-12 19:24:08,pliss grading nya di hilangin...... 😭😭😭😭😭😭,5,pliss grading nya di hilangin,pliss grading hilangin,pliss grading hilangin
2026-05-12 19:19:14,ram nya makin berat buat henpone kentang anroitte,1,ram nya makin berat buat henpone kentang anroitte,ram berat henpone kentang anroitte,ram berat henpone kentang anroitte
2026-05-12 19:17:46,"lumayan seru, tapi agak ngeframe jika ketemu musuh skin sultan , tpi gak papa namanya juga orang kaya bebas cmiww.",3,lumayan seru tapi agak ngeframe jika ketemu musuh skin sultan tpi gak papa namanya juga orang kaya bebas cmiww,lumayan seru ngeframe ketemu musuh skin sultan tpi papa namanya orang kaya bebas cmiww,lumayan seru ngeframe ketemu musuh skin sultan tpi papa nama orang kaya bebas cmiww
2026-05-12 19:15:06,"Makin berat, makin panas di hp ku:( dah lah..",1,makin berat makin panas di hp ku dah lah,berat panas hp ku dah,berat panas hp ku dah
2026-05-12 19:15:05,"game nya bagus dan grafik juga oc, coba adakan baju khas militer ayou tentara masing masing negara",5,game nya bagus dan grafik juga oc coba adakan baju khas militer ayou tentara masing masing negara,bagus grafik oc coba adakan baju khas militer ayou tentara negara,bagus grafik oc coba adakan baju khas militer ayou tentara negara
2026-05-12 19:12:32,tolol idiot habis update tiba tiba obb gk ke detek,1,tolol idiot habis update tiba tiba obb gk ke detek,tolol idiot habis update obb gk detek,tolol idiot habis update obb gk detek
2026-05-12 19:12:05,7 tahun main pubg pokoknya the best 👍,5,tahun main pubg pokoknya the best,main pokoknya the best,main pokok the best
2026-05-12 19:10:23,sangat memuaskan,5,sangat memuaskan,memuaskan,muas
2026-05-12 19:10:18,"GK ada enak nya event baru, lebih enak event floryn",1,gk ada enak nya event baru lebih enak event floryn,gk enak event enak event floryn,gk enak event enak event floryn
2026-05-12 18:59:42,"kenapa gabisa login pake wifi cok, dw gata segitu gede nya gabisa pake wifi, yakali belimpaketan cuma buat dw data lo doang, device Reno 3Pro.",2,kenapa gabisa login pake wifi cok dw gata segitu gede nya gabisa pake wifi yakali belimpaketan cuma buat dw data lo doang device reno pro,gabisa login pake wifi cok dw gata segitu gede gabisa pake wifi yakali belimpaketan dw data doang device reno pro,gabisa login pake wifi cok dw gata segitu gede gabisa pake wifi yakali belimpaketan dw data doang device reno pro
2026-05-12 18:57:23,setelah di update kok GK bisa login langsung keluar terusss ... tolong dong di perbaiki,2,setelah di update kok gk bisa login langsung keluar terusss tolong dong di perbaiki,update gk login langsung terusss tolong perbaiki,update gk login langsung terusss tolong baik
2026-05-12 18:55:36,dluh favorit,4,dluh favorit,dluh favorit,dluh favorit
2026-05-12 18:40:31,"terlalu besar updatenya, hp kentang pun menangis liat nya mungkin ini yang buat pemain dulu pada pensi",1,terlalu besar updatenya hp kentang pun menangis liat nya mungkin ini yang buat pemain dulu pada pensi,updatenya hp kentang menangis liat pemain pensi,updatenya hp kentang menang liat main pensi
2026-05-12 18:39:08,sangat buruk,1,sangat buruk,buruk,buruk
2026-05-12 18:37:19,The best pokonya jaringan dah lancar thankyou min,5,the best pokonya jaringan dah lancar thankyou min,the best pokonya jaringan dah lancar thankyou min,the best poko jaring dah lancar thankyou min
2026-05-12 18:34:38,Kenapa PUBG di ganti mulu versinya??,1,kenapa pubg di ganti mulu versinya,ganti mulu versinya,ganti mulu versi
2026-05-12 18:31:39,klo bisa greding itu di tindakan . mending kek dlu saja mainya aman2 saja ini greding orang yg suka ngendok malah lebih dlu ke daminator kita yg suka nabrak2 malah susah naiknya asu terpaksa harus ngendok lagi biar bisa naik,5,klo bisa greding itu di tindakan mending kek dlu saja mainya aman saja ini greding orang yg suka ngendok malah lebih dlu ke daminator kita yg suka nabrak malah susah naiknya asu terpaksa harus ngendok lagi biar bisa naik,klo greding tindakan mending kek dlu mainya aman greding orang suka ngendok dlu daminator suka nabrak susah naiknya asu terpaksa ngendok,klo greding tindak mending kek dlu mai aman greding orang suka ngendok dlu daminator suka nabrak susah naik asu paksa ngendok
2026-05-12 18:29:45,bagus,5,bagus,bagus,bagus
2026-05-12 18:29:22,"can you remove the garding?!!!!, i'm so stressed",2,can you remove the garding im so stressed,can you remove the garding im so stressed,can you remove the garding im so stressed
2026-05-12 18:27:57,game yang seru,5,game yang seru,seru,seru
2026-05-12 18:22:47,sepi karna bnyk yg GK kuat main,3,sepi karna bnyk yg gk kuat main,sepi karna bnyk gk kuat main,sepi karna bnyk gk kuat main
2026-05-12 18:22:19,mantap dan seru,5,mantap dan seru,mantap seru,mantap seru
2026-05-12 18:14:28,sangat bagus sekarang updetnya makin banyak yang di perbaharui dan makin besar penyimpanannya,5,sangat bagus sekarang updetnya makin banyak yang di perbaharui dan makin besar penyimpanannya,bagus updetnya perbaharui penyimpanannya,bagus updetnya baharu simpan
2026-05-12 18:12:03,mana m4 glacier gw tencent 😭,5,mana m glacier gw tencent,m glacier tencent,m glacier tencent
2026-05-12 18:12:02,baru download udah konko 28 terlalu izi gemnya tencen,5,baru download udah konko terlalu izi gemnya tencen,download konko izi gemnya tencen,download konko izi gemnya tencen
2026-05-12 18:06:34,BAGUSSS BGDDDD! SEKARANGGG AKUUU LAGII UPDATE YANGGG BARUUU LOHHHH BAGUSSS BGDDD SUMPAHH AKUU KASIHH RATEE 5,5,bagusss bgdddd sekaranggg akuuu lagii update yanggg baruuu lohhhh bagusss bgddd sumpahh akuu kasihh ratee,bagusss bgdddd sekaranggg akuuu lagii update yanggg baruuu lohhhh bagusss bgddd sumpahh akuu kasihh ratee,bagusss bgdddd sekaranggg akuuu lagi update yanggg baruuu lohhhh bagusss bgddd sumpahh akuu kasihh ratee
2026-05-12 18:06:04,the new event is the most unclear and has lots of bugs hahaha,1,the new event is the most unclear and has lots of bugs hahaha,the new event is the most unclear and has lots of bugs hahaha,the new event is the most unclear and has lots of bugs hahaha
2026-05-12 18:05:15,"Jika bisa dipebanyak lagi fungsi AG untuk player F2P, perbanyak fitur tambahan bukan kebanyakan update event yang aneh-aneh konsepnya. sistem grading bikin pengalaman lebih menantang, yang ngeluh berarti noob skill issue",5,jika bisa dipebanyak lagi fungsi ag untuk player fp perbanyak fitur tambahan bukan kebanyakan update event yang anehaneh konsepnya sistem grading bikin pengalaman lebih menantang yang ngeluh berarti noob skill issue,dipebanyak fungsi ag player fp perbanyak fitur tambahan kebanyakan update event anehaneh konsepnya sistem grading pengalaman menantang ngeluh noob skill issue,banyak fungsi ag player fp banyak fitur tambah banyak update event anehaneh konsep sistem grading alam tantang ngeluh noob skill issue
2026-05-12 18:05:13,"The best game i ever play, bikin nostalgia setelah 6 tahun dah gak lama main",5,the best game i ever play bikin nostalgia setelah tahun dah gak lama main,the best i ever play nostalgia dah main,the best i ever play nostalgia dah main
2026-05-12 18:04:51,terlalu bagus,5,terlalu bagus,bagus,bagus
2026-05-12 18:03:27,banyakin set garatisan😹😹,5,banyakin set garatisan,banyakin set garatisan,banyakin set garatisan
2026-05-12 17:58:50,sebaiknya jangan di release update klo belum kompatibel dengan device.. berhadapan dengan musuh tombol tembak tidak fungsi... apa karena big atau semakin banyak cheater dengan aim suntik serta buat lawan tidak bisa menembak?,1,sebaiknya jangan di release update klo belum kompatibel dengan device berhadapan dengan musuh tombol tembak tidak fungsi apa karena big atau semakin banyak cheater dengan aim suntik serta buat lawan tidak bisa menembak,release update klo kompatibel device berhadapan musuh tombol tembak fungsi big cheater aim suntik lawan menembak,release update klo kompatibel device hadap musuh tombol tembak fungsi big cheater aim suntik lawan tembak
2026-05-12 17:54:00,"kapan sih, update 4.4 nya tancant kok lama kali",1,kapan sih update nya tancant kok lama kali,update tancant kali,update tancant kali
2026-05-12 17:47:33,Yah mau gimana lagi game nya seru ya di gass aja,5,yah mau gimana lagi game nya seru ya di gass aja,yah gimana seru gass,yah gimana seru gass
2026-05-12 17:47:25,"overall seru bgt, tapi adanya bot membuat game tidak seimbang dan membuat skill tidak terlatih, dan terkait matchmaking, saya rasa rank tidak bisa dicampur dalam satu match, setiap rank harus hanya dimainkan rank yang sama, itu saja",5,overall seru bgt tapi adanya bot membuat game tidak seimbang dan membuat skill tidak terlatih dan terkait matchmaking saya rasa rank tidak bisa dicampur dalam satu match setiap rank harus hanya dimainkan rank yang sama itu saja,overall seru bot seimbang skill terlatih terkait matchmaking rank dicampur match rank dimainkan rank,overall seru bot imbang skill latih kait matchmaking rank campur match rank main rank
2026-05-12 17:47:12,Bagus,5,bagus,bagus,bagus
2026-05-12 17:47:03,perfect,5,perfect,perfect,perfect
2026-05-12 17:46:50,teman ku banyak pensi. karena device nya ga support. tolong lah PUBG. aku sama mereka. main dari AKM/M4. bisa di pasang x8 Lo. turun kan lah. spek PUBG. ringan kan dikit aja.,5,teman ku banyak pensi karena device nya ga support tolong lah pubg aku sama mereka main dari akmm bisa di pasang x lo turun kan lah spek pubg ringan kan dikit aja,teman ku pensi device support tolong main akmm pasang x turun spek ringan dikit,teman ku pensi device support tolong main akmm pasang x turun spek ringan dikit
2026-05-12 17:46:16,updete 4.4 makin parah njirrr lah... gak bisa ngeripep teman bug. step jauh kedengaran. dekat hilang. game 7thun bermain makin kesini makin tolol,3,updete makin parah njirrr lah gak bisa ngeripep teman bug step jauh kedengaran dekat hilang game thun bermain makin kesini makin tolol,updete parah njirrr ngeripep teman bug step kedengaran hilang thun bermain kesini tolol,updete parah njirrr ngeripep teman bug step dengar hilang thun main kesini tolol
2026-05-12 17:42:03,bagus banget coy ku harap event gozila vs kingkong nya masih ada 😫😫,5,bagus banget coy ku harap event gozila vs kingkong nya masih ada,bagus coy ku harap event gozila vs kingkong,bagus coy ku harap event gozila vs kingkong
2026-05-12 17:39:44,gamenya seru terutama pada mode metro royale,5,gamenya seru terutama pada mode metro royale,gamenya seru mode metro royale,gamenya seru mode metro royale
2026-05-12 17:38:01,I love it,5,i love it,i love it,i love it
2026-05-12 17:35:45,"Nice game, tambahin friendly fire dong developer biar lebih seru:v",5,nice game tambahin friendly fire dong developer biar lebih seruv,nice tambahin friendly fire developer seruv,nice tambahin friendly fire developer seruv
2026-05-12 17:33:48,game jelek abis update malah ngebug gabisa nembak bego,1,game jelek abis update malah ngebug gabisa nembak bego,jelek abis update ngebug gabisa nembak bego,jelek abis update ngebug gabisa nembak bego
2026-05-12 17:33:36,"yang bilang sistem grading mempersulit bilang aja lu noob, BOT!",5,yang bilang sistem grading mempersulit bilang aja lu noob bot,bilang sistem grading mempersulit bilang noob bot,bilang sistem grading sulit bilang noob bot
2026-05-12 17:32:41,ini game paling bagus tapi gyro ga bisa di hp android tolong di perbaiki,4,ini game paling bagus tapi gyro ga bisa di hp android tolong di perbaiki,bagus gyro hp android tolong perbaiki,bagus gyro hp android tolong baik
2026-05-12 17:26:07,saya sangat luas dgn gem ini,4,saya sangat luas dgn gem ini,luas dgn gem,luas dgn gem
2026-05-12 17:21:50,ok ok paham,5,ok ok paham,ok ok paham,ok ok paham
2026-05-12 17:21:45,mau pensi berapa tahun pun kalau udah makek hp baru dan chipset gahar positif combek,5,mau pensi berapa tahun pun kalau udah makek hp baru dan chipset gahar positif combek,pensi makek hp chipset gahar positif combek,pensi makek hp chipset gahar positif combek
2026-05-12 17:19:04,hbd binatang 😭,5,hbd binatang,hbd binatang,hbd binatang
2026-05-12 17:18:30,sistem gradingnya gak bagus. udah berat malah nambah nyusahin player 👎👎👎,2,sistem gradingnya gak bagus udah berat malah nambah nyusahin player,sistem gradingnya bagus berat nambah nyusahin player,sistem gradingnya bagus berat nambah nyusahin player
2026-05-12 17:17:59,update min,5,update min,update min,update min
2026-05-12 17:16:15,"kebanyakan download"" mulu gajelas",1,kebanyakan download mulu gajelas,kebanyakan download mulu gajelas,banyak download mulu gajelas
2026-05-12 17:15:33,"sistem grading nya tolong di hilangin dong,, bikin orang² pada ngendok semua, zona sudah kecil orang masih banyak 🙏",5,sistem grading nya tolong di hilangin dong bikin orang pada ngendok semua zona sudah kecil orang masih banyak,sistem grading tolong hilangin orang ngendok zona orang,sistem grading tolong hilangin orang ngendok zona orang
2026-05-12 17:14:39,update ini lebih baik daripada sebelumnya,5,update ini lebih baik daripada sebelumnya,update,update
2026-05-12 17:14:10,good,5,good,good,good
2026-05-12 17:09:59,lebih suka sama pubg era Tencent game,5,lebih suka sama pubg era tencent game,suka era tencent,suka era tencent
2026-05-12 17:06:55,Game gajelas masa gabisa login????,5,game gajelas masa gabisa login,gajelas gabisa login,gajelas gabisa login
2026-05-12 17:01:48,game terbaik sepanjang masa,5,game terbaik sepanjang masa,terbaik,baik
2026-05-12 16:59:59,"udah berapa kali gonta ganti game, tapi tetep comeback ke pubg",5,udah berapa kali gonta ganti game tapi tetep comeback ke pubg,kali gonta ganti tetep comeback,kali gonta ganti tetep comeback
2026-05-12 16:59:57,mantap. hapus event,5,mantap hapus event,mantap hapus event,mantap hapus event
2026-05-12 16:57:19,Kenapa setiap update selalu dowloading resources 😣,5,kenapa setiap update selalu dowloading resources,update dowloading resources,update dowloading resources
2026-05-12 16:56:20,setelah update kenapa tidak bisa masuk game sama sekali,5,setelah update kenapa tidak bisa masuk game sama sekali,update masuk,update masuk
2026-05-12 16:56:13,"aku baru update tgl 12 Mei 2026 tapi pas di buka kok ga bisa ya min, knp ya 😭",3,aku baru update tgl mei tapi pas di buka kok ga bisa ya min knp ya,update tgl mei buka min knp,update tgl mei buka min knp
2026-05-12 16:53:38,"kecewa aku bug gak bisa nembak, baru update",4,kecewa aku bug gak bisa nembak baru update,kecewa bug nembak update,kecewa bug nembak update
2026-05-12 16:50:18,good 👍,5,good,good,good
2026-05-12 16:48:06,tolong kalo update skin yang di punya gak usah di downlod lagi,4,tolong kalo update skin yang di punya gak usah di downlod lagi,tolong update skin downlod,tolong update skin downlod
2026-05-12 16:38:16,update tidak merata,1,update tidak merata,update merata,update rata
2026-05-12 16:36:51,waw game bagus,5,waw game bagus,waw bagus,waw bagus
2026-05-12 16:36:46,susah kali gradingnya.. aduhhh.. mana musuhnya GG smua.. sultan.. tiap grading ketemu abang² 120fps an😭🫵,5,susah kali gradingnya aduhhh mana musuhnya gg smua sultan tiap grading ketemu abang fps an,susah kali gradingnya aduhhh musuhnya gg smua sultan grading ketemu abang fps an,susah kali gradingnya aduhhh musuh gg smua sultan grading ketemu abang fps an
2026-05-12 16:34:39,"Untuk update terberunya kenapa jika kita sudah mati, kita tidak bisa melihat lawan pada saat sedang spectate teman kita? Menurut saya itu tidak bagus sama sekali. Dimana kerja sama timnya jika seperti itu?",5,untuk update terberunya kenapa jika kita sudah mati kita tidak bisa melihat lawan pada saat sedang spectate teman kita menurut saya itu tidak bagus sama sekali dimana kerja sama timnya jika seperti itu,update terberunya mati lawan spectate teman bagus dimana kerja timnya,update beru mati lawan spectate teman bagus mana kerja tim
2026-05-12 16:34:25,Terima kasih telah mengoptimalkan untuk Dimensity 8300 Ultra sekarang ini mendapatkan 120fps,5,terima kasih telah mengoptimalkan untuk dimensity ultra sekarang ini mendapatkan fps,terima kasih mengoptimalkan dimensity ultra fps,terima kasih optimal dimensity ultra fps
2026-05-12 16:32:00,"min plis lah m4glacier masa gk dapet"" dh 7 tahun main",1,min plis lah mglacier masa gk dapet dh tahun main,min plis mglacier gk dapet dh main,min plis mglacier gk dapet dh main
2026-05-12 16:27:58,"pertajam lagi grafik nya, udh rata kanan masih kurang puas",5,pertajam lagi grafik nya udh rata kanan masih kurang puas,pertajam grafik udh kanan puas,tajam grafik udh kanan puas
2026-05-12 16:23:20,Good Game sir,5,good game sir,good sir,good sir
2026-05-12 16:21:23,terimakasih untuk pembuat gamee inii saya sangat suka sama gamee inii Darii duluu main sampai sekarang masih main terkadang jarang main tapii setidak Yaa bisaa di main kan😄,5,terimakasih untuk pembuat gamee inii saya sangat suka sama gamee inii darii duluu main sampai sekarang masih main terkadang jarang main tapii setidak yaa bisaa di main kan,terimakasih pembuat gamee inii suka gamee inii darii duluu main main terkadang jarang main tapii setidak yaa bisaa main,terimakasih buat gamee ini suka gamee ini dari duluu main main terkadang jarang main tapi tidak yaa bisaa main
2026-05-12 16:18:52,tolong dong untuk update an terbaru hilangin bug nya dong di map Miramar masih banyak bugdan untuk grafiknya agak diringankan lgi msih agak berat sedikit terima kasih,4,tolong dong untuk update an terbaru hilangin bug nya dong di map miramar masih banyak bugdan untuk grafiknya agak diringankan lgi msih agak berat sedikit terima kasih,tolong update an terbaru hilangin bug map miramar bugdan grafiknya diringankan lgi msih berat terima kasih,tolong update an baru hilangin bug map miramar bugdan grafik ringan lgi msih berat terima kasih
2026-05-12 16:16:50,seruu,5,seruu,seruu,seruu
2026-05-12 16:12:28,nunggu apa kau bg nunggu update ya?🗿,5,nunggu apa kau bg nunggu update ya,nunggu kau bg nunggu update,nunggu kau bg nunggu update
2026-05-12 16:10:58,Gamenya seru bngt bisa hilangin stress,5,gamenya seru bngt bisa hilangin stress,gamenya seru bngt hilangin stress,gamenya seru bngt hilangin stress
2026-05-12 16:10:17,makasih pubg sudah menemani waktu kosong saya selama ini 🙏🥰,5,makasih pubg sudah menemani waktu kosong saya selama ini,makasih menemani kosong,makasih tani kosong
2026-05-12 16:08:49,sangat seru,5,sangat seru,seru,seru
2026-05-12 16:07:32,"terbaik pubg sekarang. kalo bisa grading/promotion perlu di buat lebih susah dalam game , supaya lebih menantang . mohon dibuat susah lagi, supaya permainan lebih menarik dan seru . ok terbaik terimakasih. Tencent",4,terbaik pubg sekarang kalo bisa gradingpromotion perlu di buat lebih susah dalam game supaya lebih menantang mohon dibuat susah lagi supaya permainan lebih menarik dan seru ok terbaik terimakasih tencent,terbaik gradingpromotion susah menantang mohon susah permainan menarik seru ok terbaik terimakasih tencent,baik gradingpromotion susah tantang mohon susah main tarik seru ok baik terimakasih tencent
2026-05-12 16:04:27,ok,5,ok,ok,ok
2026-05-12 16:03:46,lama oiii update Infinix smart 8,1,lama oiii update infinix smart,oiii update infinix smart,oiii update infinix smart
2026-05-12 15:59:18,"Tidak dapat akses, padahal aplikasi sudah di izinkan di pengaturan, tapi ttp tidak bisa masuk, tulian nya (Please enable storage)",1,tidak dapat akses padahal aplikasi sudah di izinkan di pengaturan tapi ttp tidak bisa masuk tulian nya please enable storage,akses aplikasi izinkan pengaturan ttp masuk tulian please enable storage,akses aplikasi izin atur ttp masuk tuli please enable storage
2026-05-12 15:59:00,update terus sampai beli ho baru terus,4,update terus sampai beli ho baru terus,update beli ho,update beli ho
2026-05-12 15:54:14,"PING sering tidak stabil apalagi ketika bertemu di player bukan bot, ping naik",4,ping sering tidak stabil apalagi ketika bertemu di player bukan bot ping naik,ping stabil bertemu player bot ping,ping stabil temu player bot ping
2026-05-12 15:53:06,mantap,5,mantap,mantap,mantap
2026-05-12 15:52:42,pubg gak jelas org pada udh update gue mlh blom,1,pubg gak jelas org pada udh update gue mlh blom,org udh update mlh blom,org udh update mlh blom
2026-05-12 15:44:23,kok sy blum bisa update yah,5,kok sy blum bisa update yah,sy blum update yah,sy blum update yah
2026-05-12 15:41:15,blm ad update,1,blm ad update,blm ad update,blm ad update
2026-05-12 15:40:23,baikkkk,5,baikkkk,baikkkk,baikkkk
2026-05-12 15:40:18,bagus,5,bagus,bagus,bagus
2026-05-12 15:38:46,bagus,5,bagus,bagus,bagus
2026-05-12 15:36:57,playstore lambat update 4.4... payah,4,playstore lambat update payah,playstore lambat update payah,playstore lambat update payah
2026-05-12 15:36:29,"game yg seru..,👍👍",5,game yg seru,seru,seru
2026-05-12 15:29:33,kenapa blm ada update yaa.?,5,kenapa blm ada update yaa,blm update yaa,blm update yaa
2026-05-12 15:28:12,thanks pubg,5,thanks pubg,thanks,thanks
2026-05-12 15:28:04,knp gw kasih bintang 5 karna gw player,5,knp gw kasih bintang karna gw player,knp kasih bintang karna player,knp kasih bintang karna player
2026-05-12 15:27:32,gabisa update cuki🗿,3,gabisa update cuki,gabisa update cuki,gabisa update cuki
2026-05-12 15:25:14,kapan m4 glasier di revam? masa skin2 yg lain terus kasih lah skin m4 glasier revamp skin legenda masih tampilah dan pitur lama ayo lah REVAMPP REVAMPPP,2,kapan m glasier di revam masa skin yg lain terus kasih lah skin m glasier revamp skin legenda masih tampilah dan pitur lama ayo lah revampp revamppp,m glasier revam skin kasih skin m glasier revamp skin legenda tampilah pitur ayo revampp revamppp,m glasier revam skin kasih skin m glasier revamp skin legenda tampi pitur ayo revampp revamppp
2026-05-12 15:24:58,game mantap cuma banyak bug,5,game mantap cuma banyak bug,mantap bug,mantap bug
2026-05-12 15:24:13,makasii udah ngisi rasa kosong ini yaaa,5,makasii udah ngisi rasa kosong ini yaaa,makasii ngisi kosong yaaa,makasii ngisi kosong yaaa
2026-05-12 15:21:23,"kok gw masih versi 4.30 ya? yg lain pada 4.40, pdhl android",3,kok gw masih versi ya yg lain pada pdhl android,versi pdhl android,versi pdhl android
2026-05-12 15:21:15,bagus banget ya Allah,5,bagus banget ya allah,bagus allah,bagus allah
2026-05-12 15:19:46,bagus man agak kikir 🗿🗿,5,bagus man agak kikir,bagus man kikir,bagus man kikir
2026-05-12 15:17:46,gamenya super seru tapi tolong Tambahkan fitur agar bisa pilih musik dari file/bisa jual beli barang seperti nft pasti ini game bakal bagus Banget,4,gamenya super seru tapi tolong tambahkan fitur agar bisa pilih musik dari filebisa jual beli barang seperti nft pasti ini game bakal bagus banget,gamenya super seru tolong tambahkan fitur pilih musik filebisa jual beli barang nft bagus,gamenya super seru tolong tambah fitur pilih musik filebisa jual beli barang nft bagus
2026-05-12 15:15:50,tolong info updatenya,5,tolong info updatenya,tolong info updatenya,tolong info updatenya
2026-05-12 15:09:22,keren,4,keren,keren,keren
2026-05-12 15:08:03,game gak beres update nya gak barengan,4,game gak beres update nya gak barengan,beres update barengan,beres update bareng
2026-05-12 15:03:38,nice game,5,nice game,nice,nice
2026-05-12 15:00:47,mantap,5,mantap,mantap,mantap
2026-05-12 15:00:18,game seru,5,game seru,seru,seru
2026-05-12 14:58:43,kenapa belum. bisa update???,5,kenapa belum bisa update,update,update
2026-05-12 14:56:50,knp susah nyari sensi nya min padahal udah turun/naikin sensinya,4,knp susah nyari sensi nya min padahal udah turunnaikin sensinya,knp susah nyari sensi min turunnaikin sensinya,knp susah nyari sensi min turunnaikin sensinya
2026-05-12 14:55:46,gw benci PUBG,1,gw benci pubg,benci,benci
2026-05-12 14:54:40,naikan harga uc nyaaaa!!!,5,naikan harga uc nyaaaa,naikan harga uc nyaaaa,naik harga uc nyaaaa
2026-05-12 14:51:42,kok di android belum update ke 4.40,2,kok di android belum update ke,android update,android update
2026-05-12 14:51:12,mantap,5,mantap,mantap,mantap
2026-05-12 14:48:57,game nya baguss,5,game nya baguss,baguss,baguss
2026-05-12 14:47:19,"abis di upted malah eror, apa sih gk jelas banget, gk bisa di buka. tolong dong di perbaiki",1,abis di upted malah eror apa sih gk jelas banget gk bisa di buka tolong dong di perbaiki,abis upted eror gk gk buka tolong perbaiki,abis upted eror gk gk buka tolong baik
2026-05-12 14:40:02,thx sdh kasi ada fitur smooth extreme,5,thx sdh kasi ada fitur smooth extreme,thx sdh kasi fitur smooth extreme,thx sdh kasi fitur smooth extreme
2026-05-12 14:37:48,nah gitu ke dari tadi baru dapet update an ini,5,nah gitu ke dari tadi baru dapet update an ini,gitu dapet update an,gitu dapet update an
2026-05-12 14:35:09,mantap,5,mantap,mantap,mantap
2026-05-12 14:34:23,Pubg mobile is the best,5,pubg mobile is the best,mobile is the best,mobile is the best
2026-05-12 14:33:44,"andro orang lain sudah update, knapa saya belum. isa update",3,andro orang lain sudah update knapa saya belum isa update,andro orang update knapa isa update,andro orang update knapa isa update
2026-05-12 14:32:12,trimakasih PUBG telah menemani saya sepanjang hari,5,trimakasih pubg telah menemani saya sepanjang hari,trimakasih menemani,trimakasih tani
2026-05-12 14:31:31,"""Where’s the 4.4 update, you bastard?""",1,wheres the update you bastard,wheres the update you bastard,wheres the update you bastard
2026-05-12 14:28:15,gamenya bagus,5,gamenya bagus,gamenya bagus,gamenya bagus
2026-05-12 14:25:57,oke bagus bangett,5,oke bagus bangett,oke bagus bangett,oke bagus bangett
2026-05-12 14:21:15,👍🏼,5,,,
2026-05-12 14:19:24,kok di gua belum bisa update?,5,kok di gua belum bisa update,update,update
2026-05-12 14:18:41,sangan bagus,5,sangan bagus,sangan bagus,sangan bagus
2026-05-12 14:17:24,bagus bett,5,bagus bett,bagus bett,bagus bett
2026-05-12 14:17:12,game kikir,1,game kikir,kikir,kikir
2026-05-12 14:11:37,Download failed 99%,5,download failed,download failed,download failed
2026-05-12 14:10:26,ui nya tolong dibuat dark bisa?,5,ui nya tolong dibuat dark bisa,ui tolong dark,ui tolong dark
2026-05-12 14:09:25,kapan update,5,kapan update,update,update
2026-05-12 14:06:23,My Favorite Game_PUBG Mobile Be the Best Game..,5,my favorite gamepubg mobile be the best game,my favorite gamepubg mobile be the best,my favorite gamepubg mobile be the best
2026-05-12 14:04:25,game luar biasa lebih bagus dari ml,5,game luar biasa lebih bagus dari ml,bagus ml,bagus ml
2026-05-12 14:04:25,saya update pubg malah kenapa ngak bisa masuk game nya,5,saya update pubg malah kenapa ngak bisa masuk game nya,update ngak masuk,update ngak masuk
2026-05-12 13:55:17,oke,5,oke,oke,oke
2026-05-12 13:53:11,gamenya sangat berat dan banyak botnya,1,gamenya sangat berat dan banyak botnya,gamenya berat botnya,gamenya berat bot
2026-05-12 13:52:19,terbaik,5,terbaik,terbaik,baik
2026-05-12 13:49:55,kapan update gua bjir,5,kapan update gua bjir,update bjir,update bjir
2026-05-12 13:45:29,penasaran sama game pubg mobile jadi mau main lagi,5,penasaran sama game pubg mobile jadi mau main lagi,penasaran mobile main,penasaran mobile main
2026-05-12 13:42:10,"sangat bagus ,tapi saya gak punya skin senjata🫪",5,sangat bagus tapi saya gak punya skin senjata,bagus skin senjata,bagus skin senjata
2026-05-12 13:36:07,main dari s2 sampai sekarang kok gak dikasih m4 glacier parah lu,1,main dari s sampai sekarang kok gak dikasih m glacier parah lu,main s dikasih m glacier parah,main s kasih m glacier parah
2026-05-12 13:32:42,hapus sistem grading,1,hapus sistem grading,hapus sistem grading,hapus sistem grading
2026-05-12 13:26:28,yg lain udh pada update gua kapan,1,yg lain udh pada update gua kapan,udh update,udh update
2026-05-12 13:14:11,seru arikk,5,seru arikk,seru arikk,seru arikk
2026-05-12 13:13:27,hapus sistem grading,5,hapus sistem grading,hapus sistem grading,hapus sistem grading
2026-05-12 13:12:14,ini game top deh seru,5,ini game top deh seru,top seru,top seru
2026-05-12 13:10:54,kog belom ada update terbaru???,5,kog belom ada update terbaru,kog belom update terbaru,kog bom update baru
2026-05-12 13:06:49,neklxt aku mau gacha Mustang tolong kasih hoki ya tencent,5,neklxt aku mau gacha mustang tolong kasih hoki ya tencent,neklxt gacha mustang tolong kasih hoki tencent,neklxt gacha mustang tolong kasih hoki tencent
2026-05-12 13:06:22,bagus,5,bagus,bagus,bagus
2026-05-12 12:59:49,KERENN BGTTT,5,kerenn bgttt,kerenn bgttt,kerenn bgttt
2026-05-12 12:59:19,game rusak android yang lain udh bisa updete gua belum lawak ini game,1,game rusak android yang lain udh bisa updete gua belum lawak ini game,rusak android udh updete lawak,rusak android udh updete lawak
2026-05-12 12:57:33,tidak bisa update..telat terus pembaharuan..asem,5,tidak bisa updatetelat terus pembaharuanasem,updatetelat pembaharuanasem,updatetelat pembaharuanasem
2026-05-12 12:54:00,bagus gamenya. tapi aku hanya ingin PUBG kolab sama Ronaldo,5,bagus gamenya tapi aku hanya ingin pubg kolab sama ronaldo,bagus gamenya kolab ronaldo,bagus gamenya kolab ronaldo
2026-05-12 12:51:54,game mahal,5,game mahal,mahal,mahal
2026-05-12 12:49:09,bagus,5,bagus,bagus,bagus
2026-05-12 12:46:25,Aku rindu pubg 2018🥲 kembalikan juga mode zombie🥲,5,aku rindu pubg kembalikan juga mode zombie,rindu kembalikan mode zombie,rindu kembali mode zombie
2026-05-12 12:45:23,ringankan render,5,ringankan render,ringankan render,ringan render
2026-05-12 12:45:08,Perbaiki bug nya,5,perbaiki bug nya,perbaiki bug,baik bug
2026-05-12 12:44:53,"bilakah perbaruan nya Tencent, bagi lah skin m416 gratis",5,bilakah perbaruan nya tencent bagi lah skin m gratis,perbaruan tencent skin m gratis,baru tencent skin m gratis
2026-05-12 12:43:25,min saya pengen update,5,min saya pengen update,min pengen update,min ken update
2026-05-12 12:41:51,Game terbaik,5,game terbaik,terbaik,baik
2026-05-12 12:27:27,kapan update di Andro min?,5,kapan update di andro min,update andro min,update andro min
2026-05-12 12:19:37,game ini sangat seru tapi tolong update nya tolong di percepat,5,game ini sangat seru tapi tolong update nya tolong di percepat,seru tolong update tolong percepat,seru tolong update tolong cepat
2026-05-12 12:14:41,"setiap update gw kebagian belakangan mulu, yang download kan banyak nih... tolong lah harga uc nya diturunin dikit biar bisa gacha juga😁",5,setiap update gw kebagian belakangan mulu yang download kan banyak nih tolong lah harga uc nya diturunin dikit biar bisa gacha juga,update kebagian mulu download nih tolong harga uc diturunin dikit gacha,update bagi mulu download nih tolong harga uc diturunin dikit gacha
2026-05-12 12:13:54,"pemain baru langsung dpt skin m4 modal login, player lama m4 nya masih skin panu 😂",2,pemain baru langsung dpt skin m modal login player lama m nya masih skin panu,pemain langsung dpt skin m modal login player m skin panu,main langsung dpt skin m modal login player m skin panu
2026-05-12 12:11:17,seru,5,seru,seru,seru
2026-05-12 12:10:23,Gua pemain lama klo nggak salah main dari season 3. Dan cuma ini game yg gua mainin ape skarang 💯,5,gua pemain lama klo nggak salah main dari season dan cuma ini game yg gua mainin ape skarang,pemain klo nggak salah main season mainin ape skarang,main klo nggak salah main season mainin ape skarang
2026-05-12 12:08:52,"kok yang lain bisa update, saya belum bisa??",2,kok yang lain bisa update saya belum bisa,update,update
2026-05-12 12:08:35,lama update,1,lama update,update,update
2026-05-12 12:05:45,"Saya sudah bermain PUBG Mobile hampir 8 tahun dan sangat menikmati perkembangan game ini. Terima kasih KRAFTON, PUBG Mobile semakin seru dan menarik. Namun, saya sering mengalami masalah rendering saat baru mendarat. Rumah dan tanah masih buram, bahkan karakter bisa menembus tanah sehingga sulit mengambil senjata. Masalah ini tetap terjadi meskipun saya sudah mencoba semua pengaturan grafik. Semoga optimasi game terus ditingkatkan agar tetap nyaman dimainkan di HP spek rendah. ⭐️⭐️⭐️⭐️⭐️",5,saya sudah bermain pubg mobile hampir tahun dan sangat menikmati perkembangan game ini terima kasih krafton pubg mobile semakin seru dan menarik namun saya sering mengalami masalah rendering saat baru mendarat rumah dan tanah masih buram bahkan karakter bisa menembus tanah sehingga sulit mengambil senjata masalah ini tetap terjadi meskipun saya sudah mencoba semua pengaturan grafik semoga optimasi game terus ditingkatkan agar tetap nyaman dimainkan di hp spek rendah,bermain mobile menikmati perkembangan terima kasih krafton mobile seru menarik mengalami rendering mendarat rumah tanah buram karakter menembus tanah sulit mengambil senjata mencoba pengaturan grafik semoga optimasi ditingkatkan nyaman dimainkan hp spek rendah,main mobile nikmat kembang terima kasih krafton mobile seru tarik alami rendering darat rumah tanah buram karakter tembus tanah sulit ambil senjata coba atur grafik moga optimasi tingkat nyaman main hp spek rendah
2026-05-12 12:05:02,"baru update kacau gk bisa gerak ngeleg parah 5 match ttp gitu baru turun mati ama bot 3x ms 700+ pake wifi loh mantap, gw gk donload map dll. hanya erangel dan event yg era. tapi legnya minta ampun",1,baru update kacau gk bisa gerak ngeleg parah match ttp gitu baru turun mati ama bot x ms pake wifi loh mantap gw gk donload map dll hanya erangel dan event yg era tapi legnya minta ampun,update kacau gk gerak ngeleg parah match ttp gitu turun mati ama bot x ms pake wifi loh mantap gk donload map dll erangel event era legnya ampun,update kacau gk gerak ngeleg parah match ttp gitu turun mati ama bot x ms pake wifi loh mantap gk donload map dll erangel event era legnya ampun
2026-05-12 12:04:25,kebanyakan bug,2,kebanyakan bug,kebanyakan bug,banyak bug
2026-05-12 11:52:53,good game,5,good game,good,good
2026-05-12 11:43:05,"game yang saya mainikan dari smp sampai kerja sekarang, still loyal until now 😭",5,game yang saya mainikan dari smp sampai kerja sekarang still loyal until now,mainikan smp kerja still loyal until now,mainikan smp kerja still loyal until now
2026-05-12 11:41:08,game terbaik daripada game sebelah,5,game terbaik daripada game sebelah,terbaik sebelah,baik belah
2026-05-12 11:39:54,7 tahun main gak pernah di glacier huu,1,tahun main gak pernah di glacier huu,main glacier huu,main glacier huu
2026-05-12 11:38:31,"bagus sih tapi tolong kembalikan even even dulu,biar bisa nostalgia",4,bagus sih tapi tolong kembalikan even even dulubiar bisa nostalgia,bagus tolong kembalikan even even dulubiar nostalgia,bagus tolong kembali even even dulubiar nostalgia
2026-05-12 11:37:02,mantap,5,mantap,mantap,mantap
2026-05-12 11:33:55,jadi malas main karena banyak event tidak jelas..menjadi game tidak realistis lagi sementara pindah dulu ke efootball 👌🏻,1,jadi malas main karena banyak event tidak jelasmenjadi game tidak realistis lagi sementara pindah dulu ke efootball,malas main event jelasmenjadi realistis pindah efootball,malas main event jelasmenjadi realistis pindah efootball
2026-05-12 11:33:47,"Why do I take the faucet for the weapon, it doesn't automatically attach to the weapon, is this a bug or what, please help",4,why do i take the faucet for the weapon it doesnt automatically attach to the weapon is this a bug or what please help,why do i take the faucet for the weapon it doesnt automatically attach to the weapon is this a bug or what please help,why do i take the faucet for the weapon it doesnt automatically attach to the weapon is this a bug or what please help
2026-05-12 11:30:52,"Dah tak kasih bintang 5, grading itu nyusahin bikin orang nambah stress, mending hilangin aja, atau d ringankan biar orang ga gila...cmiww",5,dah tak kasih bintang grading itu nyusahin bikin orang nambah stress mending hilangin aja atau d ringankan biar orang ga gilacmiww,dah kasih bintang grading nyusahin orang nambah stress mending hilangin d ringankan orang gilacmiww,dah kasih bintang grading nyusahin orang nambah stress mending hilangin d ringan orang gilacmiww
2026-05-12 11:29:53,info up date android?,5,info up date android,info up date android,info up date android
2026-05-12 11:24:26,"game cacat, bug di pintu terowongan shelter sampai akhir season belum di fix niat bikin game gak sih",1,game cacat bug di pintu terowongan shelter sampai akhir season belum di fix niat bikin game gak sih,cacat bug pintu terowongan shelter season fix niat,cacat bug pintu terowongan shelter season fix niat
2026-05-12 11:20:21,kenapa sih tiap update kalo pekek wifi lemot banget loading aja terus hadeh,2,kenapa sih tiap update kalo pekek wifi lemot banget loading aja terus hadeh,update pekek wifi lemot loading hadeh,update kek wifi lot loading hadeh
2026-05-12 11:19:15,gaje anjir yg lain udah update yg lain belum,1,gaje anjir yg lain udah update yg lain belum,gaje anjir update,gaje anjir update
2026-05-12 11:16:58,lumayan game nya soalnya gw main di 2018,5,lumayan game nya soalnya gw main di,lumayan main,lumayan main
2026-05-12 11:15:13,game yg bagus yg seru bangettt,5,game yg bagus yg seru bangettt,bagus seru bangettt,bagus seru bangettt
2026-05-12 11:14:57,"main dri s2 ga dapet m4 galcier, pemain baru malah dapat, gjls",5,main dri s ga dapet m galcier pemain baru malah dapat gjls,main dri s dapet m galcier pemain gjls,main dri s dapet m galcier main gjls
2026-05-12 11:09:16,"TOLONG NEXT UPDATE MUNCULIN LAGI LAMBANG DAN GELAR CLANNYA DILOBBY, JGN KELIATAN KEK SAMPAH AKUN"" KITA DILOBBY",1,tolong next update munculin lagi lambang dan gelar clannya dilobby jgn keliatan kek sampah akun kita dilobby,tolong next update munculin lambang gelar clannya dilobby jgn keliatan kek sampah akun dilobby,tolong next update munculin lambang gelar clannya dilobby jgn liat kek sampah akun dilobby
2026-05-12 11:09:05,kalo bisa di pisahkan pemain ipad sama hanphone,4,kalo bisa di pisahkan pemain ipad sama hanphone,pisahkan pemain ipad hanphone,pisah main ipad hanphone
2026-05-12 11:08:06,"tolong di perhatikan Ms / ping sering jamping dan tidak stabil,, padahal untuk penguna wifi 100 mbps untuk 1 HP,, harus nya udah stabil tapih ini malah jamping MS / ping ke 60 kadang sampe 100 .. udah di repotr tapih sama sja tidak ada tindak lanjut dari pubgm.. dan tolong juga di per hatikan server kalau bercampur server luar tolong di kasih stabil ping atau Ms server asia.. ini aneh karena setiap kali jumpa player luar Ms / ping tidak perna di angka 20 MS,, malah bisa ke 80 / 100 Ms..",1,tolong di perhatikan ms ping sering jamping dan tidak stabil padahal untuk penguna wifi mbps untuk hp harus nya udah stabil tapih ini malah jamping ms ping ke kadang sampe udah di repotr tapih sama sja tidak ada tindak lanjut dari pubgm dan tolong juga di per hatikan server kalau bercampur server luar tolong di kasih stabil ping atau ms server asia ini aneh karena setiap kali jumpa player luar ms ping tidak perna di angka ms malah bisa ke ms,tolong perhatikan ms ping jamping stabil penguna wifi mbps hp stabil tapih jamping ms ping kadang sampe repotr tapih sja tindak pubgm tolong hatikan server bercampur server tolong kasih stabil ping ms server asia aneh kali jumpa player ms ping perna angka ms ms,tolong perhati ms ping jamping stabil penguna wifi mbps hp stabil tapih jamping ms ping kadang sampe repotr tapih sja tindak pubgm tolong hati server campur server tolong kasih stabil ping ms server asia aneh kali jumpa player ms ping perna angka ms ms
2026-05-12 11:07:10,banyak bot 😡,5,banyak bot,bot,bot
2026-05-12 11:04:46,game terbaik yang pernah ada saya sangat suka suka dan suka,5,game terbaik yang pernah ada saya sangat suka suka dan suka,terbaik suka suka suka,baik suka suka suka
2026-05-12 10:54:59,"tidak ramah untuk device menengah ke bawah, setiap update semakin besar data nya, tolong jangan terlalu ketika update nya, mungkin 1 tahun ke depan saya akan pensi dikarnakan update yg seiring waktu semakin besar, begitu aja terimakasih",4,tidak ramah untuk device menengah ke bawah setiap update semakin besar data nya tolong jangan terlalu ketika update nya mungkin tahun ke depan saya akan pensi dikarnakan update yg seiring waktu semakin besar begitu aja terimakasih,ramah device menengah update data tolong update pensi dikarnakan update seiring terimakasih,ramah device tengah update data tolong update pensi dikarnakan update iring terimakasih
2026-05-12 10:54:27,"banyak bug dan lag,yg benar aja pencarian laga nyampe 10mnt,gila tencen,kami sebagai pemain merasa sangat terganggu dengan update season sekarang,Rusak...... mohon cepat di perbaiki.....",1,banyak bug dan lagyg benar aja pencarian laga nyampe mntgila tencenkami sebagai pemain merasa sangat terganggu dengan update season sekarangrusak mohon cepat di perbaiki,bug lagyg pencarian laga nyampe mntgila tencenkami pemain terganggu update season sekarangrusak mohon cepat perbaiki,bug lagyg cari laga nyampe mntgila tencenkami main ganggu update season sekarangrusak mohon cepat baik
2026-05-12 10:53:57,kangen masa 2019,5,kangen masa,kangen,kangen
2026-05-12 10:52:17,ko punya sya blm di update si.,5,ko punya sya blm di update si,ko sya blm update si,ko sya blm update si
2026-05-12 10:51:42,"sistem gacha di peti terlalu scam, sudah mengeluarkan banyak uc tidak mendapatkan satu pun skin yang diinginkan kan, devoloper terlalu kikir",1,sistem gacha di peti terlalu scam sudah mengeluarkan banyak uc tidak mendapatkan satu pun skin yang diinginkan kan devoloper terlalu kikir,sistem gacha peti scam mengeluarkan uc skin devoloper kikir,sistem gacha peti scam keluar uc skin devoloper kikir
2026-05-12 10:45:13,Not bad lah,5,not bad lah,not bad,not bad
2026-05-12 10:44:23,mana update 4.4 nyaa,1,mana update nyaa,update nyaa,update nyaa
2026-05-12 10:43:55,dari dulu sampai sekarang game PUBG mobile adalah game favorit ku,5,dari dulu sampai sekarang game pubg mobile adalah game favorit ku,mobile favorit ku,mobile favorit ku
2026-05-12 10:40:37,b aja,4,b aja,b,b
2026-05-12 10:37:51,"itu kalau udah update jangan diganti Mulu sensi kita anjir ,kamu tau betapa susahnya kita perbaiki sensifitas anjir",2,itu kalau udah update jangan diganti mulu sensi kita anjir kamu tau betapa susahnya kita perbaiki sensifitas anjir,update diganti mulu sensi anjir tau betapa susahnya perbaiki sensifitas anjir,update ganti mulu sensi anjir tau betapa susah baik sensifitas anjir
2026-05-12 10:30:48,"saya selama 5 tahun ini, merasakan update yang ngk masuk akal bagi player solo itu adalah ( RANK ) semakin sulit dan dulu saya merasa senang saat main tapi sekarang melainkan kesal dan cape banget sama update terbaru ini. kecewa udah ngk ada yang bikin bahagia saat main game.",1,saya selama tahun ini merasakan update yang ngk masuk akal bagi player solo itu adalah rank semakin sulit dan dulu saya merasa senang saat main tapi sekarang melainkan kesal dan cape banget sama update terbaru ini kecewa udah ngk ada yang bikin bahagia saat main game,merasakan update ngk masuk akal player solo rank sulit senang main kesal cape update terbaru kecewa ngk bahagia main,rasa update ngk masuk akal player solo rank sulit senang main kesal cape update baru kecewa ngk bahagia main
2026-05-12 10:20:28,update PlayStore sering telat,5,update playstore sering telat,update playstore telat,update playstore telat
2026-05-12 10:14:58,buruan napa updatenya,4,buruan napa updatenya,buruan napa updatenya,buru napa updatenya
2026-05-12 10:11:48,"nice game and your game is so beautiful, i loves your game and for the other gamers, keep solidarity each other, thanks for tencent's game for made or.. develop this game. my friends is to love this game too, and my friends often ridicule other gamers, because they play the game ""Free Fire"", because the game doesn't have a door, and between public players and ""free fire"" keep peace and mutual respect, Greetings, greetings and greetings to all of you having sex",1,nice game and your game is so beautiful i loves your game and for the other gamers keep solidarity each other thanks for tencents game for made or develop this game my friends is to love this game too and my friends often ridicule other gamers because they play the game free fire because the game doesnt have a door and between public players and free fire keep peace and mutual respect greetings greetings and greetings to all of you having sex,nice and your is so beautiful i loves your and for the other gamers keep solidarity each other thanks for tencents for made or develop this my friends is to love this too and my friends often ridicule other gamers because they play the free fire because the doesnt have a door and between public players and free fire keep peace and mutual respect greetings greetings and greetings to all of you having sex,nice and your is so beautiful i loves your and for the other gamers keep solidarity each other thanks for tencents for made or develop this my friends is to love this too and my friends often ridicule other gamers because they play the free fire because the doesnt have a door and between public players and free fire keep peace and mutual respect greetings greetings and greetings to all of you having sex
2026-05-12 10:07:55,update ribet gak kayak game sebelah tolong developer permudah cara update,1,update ribet gak kayak game sebelah tolong developer permudah cara update,update ribet sebelah tolong developer permudah update,update ribet belah tolong developer mudah update
2026-05-12 10:01:36,mana updatenya,5,mana updatenya,updatenya,updatenya
2026-05-12 09:59:19,bagus,4,bagus,bagus,bagus
2026-05-12 09:56:17,"mantap, Tamba solit, biar makin jago kita",5,mantap tamba solit biar makin jago kita,mantap tamba solit jago,mantap tamba solit jago
2026-05-12 09:49:58,sayang tidak muncul updet di play store,5,sayang tidak muncul updet di play store,sayang muncul updet play store,sayang muncul updet play store
2026-05-12 09:49:13,sering framdorp klw ada musuh dan skinnya mahal banget,3,sering framdorp klw ada musuh dan skinnya mahal banget,framdorp klw musuh skinnya mahal,framdorp klw musuh skinnya mahal
2026-05-12 09:44:25,oke,5,oke,oke,oke
2026-05-12 09:41:44,saya tidak bisa update ke versi baru,5,saya tidak bisa update ke versi baru,update versi,update versi
2026-05-12 09:36:18,mantap pokoknya josjis,5,mantap pokoknya josjis,mantap pokoknya josjis,mantap pokok josjis
2026-05-12 09:28:53,mending main pubg,2,mending main pubg,mending main,mending main
2026-05-12 09:25:43,bagus,5,bagus,bagus,bagus
2026-05-12 09:18:40,tolong di tambahin bonus top up nya ini uc mahal bener udah gitu gacha nya kikir gaperna dapet bagus,2,tolong di tambahin bonus top up nya ini uc mahal bener udah gitu gacha nya kikir gaperna dapet bagus,tolong tambahin bonus top up uc mahal bener gitu gacha kikir gaperna dapet bagus,tolong tambahin bonus top up uc mahal bener gitu gacha kikir gaperna dapet bagus
2026-05-12 09:18:31,mantap,5,mantap,mantap,mantap
2026-05-12 09:17:05,"min,kok ga bisa update ya",2,minkok ga bisa update ya,minkok update,minkok update
2026-05-12 09:11:02,bagus bangat,5,bagus bangat,bagus bangat,bagus bangat
2026-05-12 09:04:42,"Enakan yang dlu bang sumpah ,enak main Ga ngeframe chill main santuy. Sekarang apalagi update 4.3 Susah buat main 2 match sakit mata, Betul perlu adaptasi tapi enakan yang 4.2 dan kebawahnya lagi, Saran aja sih bg Event"" yang dlu Mending di keluarin lagi kayak pharaoh atau Godzilla, Dinosours, kapal, Izinnnn👍👍",4,enakan yang dlu bang sumpah enak main ga ngeframe chill main santuy sekarang apalagi update susah buat main match sakit mata betul perlu adaptasi tapi enakan yang dan kebawahnya lagi saran aja sih bg event yang dlu mending di keluarin lagi kayak pharaoh atau godzilla dinosours kapal izinnnn,enakan dlu bang sumpah enak main ngeframe chill main santuy update susah main match sakit mata adaptasi enakan kebawahnya saran bg event dlu mending keluarin pharaoh godzilla dinosours kapal izinnnn,enak dlu bang sumpah enak main ngeframe chill main santuy update susah main match sakit mata adaptasi enak bawah saran bg event dlu mending keluarin pharaoh godzilla dinosours kapal izinnnn
2026-05-12 08:55:33,BALIKINNN RANK YG DULU TYTYD!!!,3,balikinnn rank yg dulu tytyd,balikinnn rank tytyd,balikinnn rank tytyd
2026-05-12 08:53:33,senang main nya dan TDK bikin bosen,5,senang main nya dan tdk bikin bosen,senang main tdk bosen,senang main tdk bosen
2026-05-12 08:50:20,a very challenging and interesting game,5,a very challenging and interesting game,a very challenging and interesting,a very challenging and interesting
2026-05-12 08:43:29,"bagus banget min, ga kayak sebelah event colab nya kaku semua",5,bagus banget min ga kayak sebelah event colab nya kaku semua,bagus min sebelah event colab kaku,bagus min belah event colab kaku
2026-05-12 08:37:57,ini gimana kok belum ada update Tan orang lain udah update gw belum ada update gimana ini admin?????,2,ini gimana kok belum ada update tan orang lain udah update gw belum ada update gimana ini admin,gimana update tan orang update update gimana admin,gimana update tan orang update update gimana admin
2026-05-12 08:29:40,saya beri lima bintang karena game pubg ini bagus baget grafik nya yang unik bisa di pilih grafik apapun sesuai hp mu dan gm ini luar biasa tiap bulan update terbaru sekaran update yang luar biasa yang di tungu parah player sejati. kalo gm nya bagus apalagi free fire game burik lagi dan gaada pintu nya lagi ini yang di bilang game paling populer di korea dan seluru dunia,5,saya beri lima bintang karena game pubg ini bagus baget grafik nya yang unik bisa di pilih grafik apapun sesuai hp mu dan gm ini luar biasa tiap bulan update terbaru sekaran update yang luar biasa yang di tungu parah player sejati kalo gm nya bagus apalagi free fire game burik lagi dan gaada pintu nya lagi ini yang di bilang game paling populer di korea dan seluru dunia,bintang bagus baget grafik unik pilih grafik apapun sesuai hp mu gm update terbaru sekaran update tungu parah player sejati gm bagus free fire burik gaada pintu bilang populer korea seluru dunia,bintang bagus baget grafik unik pilih grafik apa sesuai hp mu gm update baru sekar update tungu parah player sejati gm bagus free fire burik gaada pintu bilang populer korea seluru dunia
2026-05-12 08:28:55,gw kan baru main lagi karena udah lupa ya cara mainnya masa baru nyampe gold ketemu Ace player kan kocak yak😅langsung gw uninstall aplikasi gara gara males dan gak jelas,4,gw kan baru main lagi karena udah lupa ya cara mainnya masa baru nyampe gold ketemu ace player kan kocak yaklangsung gw uninstall aplikasi gara gara males dan gak jelas,main lupa mainnya nyampe gold ketemu ace player kocak yaklangsung uninstall aplikasi gara gara males,main lupa main nyampe gold ketemu ace player kocak yaklangsung uninstall aplikasi gara gara males
2026-05-12 08:18:06,update 4.4 jgn persulit lagi saya mohon kasih palyer PUBG MOBILE yg lain,5,update jgn persulit lagi saya mohon kasih palyer pubg mobile yg lain,update jgn persulit mohon kasih palyer mobile,update jgn sulit mohon kasih palyer mobile
2026-05-12 08:16:53,semoga ga ketemu cheat😢,5,semoga ga ketemu cheat,semoga ketemu cheat,moga ketemu cheat
2026-05-12 08:10:53,mantap,5,mantap,mantap,mantap
2026-05-12 08:04:30,tanggal berapa update pubg mobil kapankah kamu update kami sudah nanti update-nya server lain sudah update tolong update lah,1,tanggal berapa update pubg mobil kapankah kamu update kami sudah nanti updatenya server lain sudah update tolong update lah,tanggal update mobil update updatenya server update tolong update,tanggal update mobil update updatenya server update tolong update
2026-05-12 08:04:28,"system Grading kadang bikin malas main kita player Veteran pengen nostalgia malah di persulit mau Have Fun malah harus lewati grading,, main solo naik Rank sulit, kalau yg team ya g masalah meski dalam team ada yg hanya Numpang doang naik Rank. yg solo ma ngos Ngosan",2,system grading kadang bikin malas main kita player veteran pengen nostalgia malah di persulit mau have fun malah harus lewati grading main solo naik rank sulit kalau yg team ya g masalah meski dalam team ada yg hanya numpang doang naik rank yg solo ma ngos ngosan,system grading kadang malas main player veteran pengen nostalgia persulit have fun lewati grading main solo rank sulit team g team numpang doang rank solo ma ngos ngosan,system grading kadang malas main player veteran ken nostalgia sulit have fun lewat grading main solo rank sulit team g team numpang doang rank solo ma ngos ngosan
2026-05-12 07:55:26,game yang gua suka di awal gua main itu masih burik...sekarang grafik dan ingame nya sangat bagus pokonya buat develov sukses terus,5,game yang gua suka di awal gua main itu masih buriksekarang grafik dan ingame nya sangat bagus pokonya buat develov sukses terus,suka main buriksekarang grafik ingame bagus pokonya develov sukses,suka main buriksekarang grafik ingame bagus poko develov sukses
2026-05-12 07:53:42,"Saya tau. krafton sangat bekerja keras untuk game PUBG Mobile, tetapi disini yang membuat saya bosan adalah optimalisasi gameplay nya yang terkadang membuat fps drop, padahal saya sudah setting smoot, anti aliasing off dan lainnya off, fps saya setting ke ekstream yang harus nya hp saya Redmi note 14 4G lancar saja, itu yang membuat saya heran. dan 1 lagi mohon harga UC di kurangin sedikit, banyak player yang ingin membeli UC tetapi harga nya agak mahal, tolong di benahi terimakasih.",2,saya tau krafton sangat bekerja keras untuk game pubg mobile tetapi disini yang membuat saya bosan adalah optimalisasi gameplay nya yang terkadang membuat fps drop padahal saya sudah setting smoot anti aliasing off dan lainnya off fps saya setting ke ekstream yang harus nya hp saya redmi note g lancar saja itu yang membuat saya heran dan lagi mohon harga uc di kurangin sedikit banyak player yang ingin membeli uc tetapi harga nya agak mahal tolong di benahi terimakasih,tau krafton keras mobile bosan optimalisasi gameplay terkadang fps drop setting smoot anti aliasing off off fps setting ekstream hp redmi note g lancar heran mohon harga uc kurangin player membeli uc harga mahal tolong benahi terimakasih,tau krafton keras mobile bosan optimalisasi gameplay terkadang fps drop setting smoot anti aliasing off off fps setting ekstream hp redmi note g lancar heran mohon harga uc rangin player beli uc harga mahal tolong benah terimakasih
2026-05-12 07:49:53,gud,4,gud,gud,gud
2026-05-12 07:47:00,game yang baik,5,game yang baik,,
2026-05-12 07:42:53,"gila game nya gokil parah pak , tapi kenapa ya di saat aku on mik , itu suara game nya malah kecil pak dari pada suara tmn2 aku, padahal udah aku kecilin suara mereka tapi tetap aja kecil suara game nya pak , tolong dong update ke depan ini ya pak , nah itu aja sih yg lain ga ada lagi , pokok nya bikin tercandu candu lah main game pubgm ini hehe, thanks.",5,gila game nya gokil parah pak tapi kenapa ya di saat aku on mik itu suara game nya malah kecil pak dari pada suara tmn aku padahal udah aku kecilin suara mereka tapi tetap aja kecil suara game nya pak tolong dong update ke depan ini ya pak nah itu aja sih yg lain ga ada lagi pokok nya bikin tercandu candu lah main game pubgm ini hehe thanks,gila gokil parah on mik suara suara tmn kecilin suara suara tolong update pokok tercandu candu main pubgm hehe thanks,gila gokil parah on mik suara suara tmn kecilin suara suara tolong update pokok candu candu main pubgm hehe thanks
2026-05-12 07:28:22,bagus,5,bagus,bagus,bagus
2026-05-12 07:25:24,🎮🎮,5,,,
2026-05-12 07:25:15,kapan updatenya udah nyiapin kuota banyak ini,5,kapan updatenya udah nyiapin kuota banyak ini,updatenya nyiapin kuota,updatenya nyiapin kuota
2026-05-12 07:22:06,untuk krafton kami sebagai Device kentang 🥔 tolong kalau update versi terbaru GB jangan di naikin..,1,untuk krafton kami sebagai device kentang tolong kalau update versi terbaru gb jangan di naikin,krafton device kentang tolong update versi terbaru gb naikin,krafton device kentang tolong update versi baru gb naikin
2026-05-12 07:11:12,Mana Update 4.4 nya woiii,1,mana update nya woiii,update woiii,update woiii
2026-05-12 07:00:19,duh enak bet,5,duh enak bet,duh enak bet,duh enak bet
2026-05-12 06:58:04,top,5,top,top,top
2026-05-12 06:57:00,"no TENCEN, I already got the M416 Glacier, thank you",5,no tencen i already got the m glacier thank you,no tencen i already got the m glacier thank you,no tencen i already got the m glacier thank you
2026-05-12 06:45:20,GAME TERBAIK YANG PERNAH SA MAIN👍,5,game terbaik yang pernah sa main,terbaik sa main,baik sa main
2026-05-12 06:37:47,gamenya dan gameplay nya bgus hanya saja untuk skinnya itu mahal sekalipun nanti ada skin gif bukan permanen. tolonglah jangan terlalu mahal untuk skinnya,4,gamenya dan gameplay nya bgus hanya saja untuk skinnya itu mahal sekalipun nanti ada skin gif bukan permanen tolonglah jangan terlalu mahal untuk skinnya,gamenya gameplay bgus skinnya mahal skin gif permanen tolonglah mahal skinnya,gamenya gameplay bgus skinnya mahal skin gif permanen tolong mahal skinnya
2026-05-12 06:19:01,sangat seruuu,5,sangat seruuu,seruuu,seruuu
2026-05-12 06:16:34,game yg sangat asik,5,game yg sangat asik,asik,asik
2026-05-12 06:11:21,mantapp,5,mantapp,mantapp,mantapp
2026-05-12 06:10:42,game nya bagus,5,game nya bagus,bagus,bagus
2026-05-12 06:08:08,Afina,5,afina,afina,afina
2026-05-12 05:27:55,lumayan bagus,3,lumayan bagus,lumayan bagus,lumayan bagus
2026-05-12 05:26:28,game nya sangat bagus sekali,5,game nya sangat bagus sekali,bagus,bagus
2026-05-12 05:08:39,system PUBGM kurang tegas masih banyak player toxic. harusnya yang toxic di mute.,4,system pubgm kurang tegas masih banyak player toxic harusnya yang toxic di mute,system pubgm player toxic toxic mute,system pubgm player toxic toxic mute
2026-05-12 04:50:44,gw suka,5,gw suka,suka,suka
2026-05-12 04:40:28,"bagus, udah gacor sekarang Ni game",5,bagus udah gacor sekarang ni game,bagus gacor ni,bagus gacor ni
2026-05-12 04:02:26,game haram,1,game haram,haram,haram
2026-05-12 03:56:16,Gem paling seru,5,gem paling seru,gem seru,gem seru
2026-05-12 03:54:15,game nya bagus hanya untuk grafik super smoth di jadiin permanen aja jangan Beta soal nya Masi kaku juga sih itu min 🙏,5,game nya bagus hanya untuk grafik super smoth di jadiin permanen aja jangan beta soal nya masi kaku juga sih itu min,bagus grafik super smoth jadiin permanen beta masi kaku min,bagus grafik super smoth jadiin permanen beta mas kaku min
2026-05-12 03:47:36,game nya lebih bagus dari pada ff,5,game nya lebih bagus dari pada ff,bagus ff,bagus ff
2026-05-12 03:27:34,games rujit jaringan g setabill padahal pake wifi,2,games rujit jaringan g setabill padahal pake wifi,games rujit jaringan g setabill pake wifi,games rujit jaring g setabill pake wifi
2026-05-12 03:17:38,kasih hoki dong min,5,kasih hoki dong min,kasih hoki min,kasih hoki min
2026-05-12 02:57:31,"sengaja nurunin rank kalau dh nyampe domin 25 keatas udh kek gak ada nambah point game kgk jelas nambah cuman +4,+7 kapan mau ke conqu kalau gitu",1,sengaja nurunin rank kalau dh nyampe domin keatas udh kek gak ada nambah point game kgk jelas nambah cuman kapan mau ke conqu kalau gitu,sengaja nurunin rank dh nyampe domin keatas udh kek nambah point kgk nambah cuman conqu gitu,sengaja nurunin rank dh nyampe domin atas udh kek nambah point kgk nambah cuman conqu gitu
2026-05-12 02:32:55,"semenjak ada grading jadi males buat main, ga jelass.jadi ga ada gampley sama sekali,cuman bisa ngendok dan ngendok",3,semenjak ada grading jadi males buat main ga jelassjadi ga ada gampley sama sekalicuman bisa ngendok dan ngendok,semenjak grading males main jelassjadi gampley sekalicuman ngendok ngendok,semenjak grading males main jelassjadi gampley sekalicuman ngendok ngendok
2026-05-12 02:07:46,Go for play save ........... 🎖,5,go for play save,go for play save,go for play save
2026-05-12 01:31:47,"sistem grading gajelas mau naik ke domi gagal trus padahal tinggal 1 lagi gagalalah kehapus semua direset lagi, bkin cape doang grading mending klo gadingnya kaya mobile legends",1,sistem grading gajelas mau naik ke domi gagal trus padahal tinggal lagi gagalalah kehapus semua direset lagi bkin cape doang grading mending klo gadingnya kaya mobile legends,sistem grading gajelas domi gagal tinggal gagalalah kehapus direset bkin cape doang grading mending klo gadingnya kaya mobile legends,sistem grading gajelas dom gagal tinggal gagalalah hapus direset bkin cape doang grading mending klo gading kaya mobile legends
2026-05-12 01:27:52,"untuk pubg mobile makin hari makin berat saja, tolong dong masa 90fps tidak stabil sih, masih suka drop fps setiap saya main",5,untuk pubg mobile makin hari makin berat saja tolong dong masa fps tidak stabil sih masih suka drop fps setiap saya main,mobile berat tolong fps stabil suka drop fps main,mobile berat tolong fps stabil suka drop fps main
2026-05-12 01:25:19,"buruk dalam sinyal, update dual sinyal tidak berguna sama sekali tetap terasa seperti single signal",1,buruk dalam sinyal update dual sinyal tidak berguna sama sekali tetap terasa seperti single signal,buruk sinyal update dual sinyal berguna single signal,buruk sinyal update dual sinyal guna single signal
2026-05-12 01:19:21,"akun baru,dan baru 2 kali dapat chicken udah kena hack.kacau kacau",1,akun barudan baru kali dapat chicken udah kena hackkacau kacau,akun barudan kali chicken kena hackkacau kacau,akun barudan kali chicken kena hackkacau kacau
2026-05-12 00:55:15,gem bagus,5,gem bagus,gem bagus,gem bagus
2026-05-12 00:47:39,pokok nya tier grading di hpskan aja sangat ribet sekali bagi kami player ...udah gitu player yg off di gantikan dengan bot jadi kami susah bedakan mana player mana bot karna nama player yg off digantikan dengan bot,2,pokok nya tier grading di hpskan aja sangat ribet sekali bagi kami player udah gitu player yg off di gantikan dengan bot jadi kami susah bedakan mana player mana bot karna nama player yg off digantikan dengan bot,pokok tier grading hpskan ribet player gitu player off gantikan bot susah bedakan player bot karna nama player off digantikan bot,pokok tier grading hpskan ribet player gitu player off ganti bot susah beda player bot karna nama player off ganti bot
2026-05-12 00:47:29,saya telah membatalkan pembelian kenapa saldo saya masih terpotong,2,saya telah membatalkan pembelian kenapa saldo saya masih terpotong,membatalkan pembelian saldo terpotong,batal beli saldo potong
2026-05-12 00:41:05,ggg sih,5,ggg sih,ggg,ggg
2026-05-12 00:24:14,game yang sangat bagus,5,game yang sangat bagus,bagus,bagus
2026-05-12 00:23:20,Kenapa di hp saya belum ada update?,3,kenapa di hp saya belum ada update,hp update,hp update
2026-05-12 00:20:13,kapan update saya muncul woi teman saya sudah update dari jam 10 tadi,5,kapan update saya muncul woi teman saya sudah update dari jam tadi,update muncul woi teman update jam,update muncul woi teman update jam
2026-05-12 00:19:48,"yang bener aja sistemnya,pangkat ace domi di kasih team yang baru main yang pangkatnya gold sampe crown mikir kids",3,yang bener aja sistemnyapangkat ace domi di kasih team yang baru main yang pangkatnya gold sampe crown mikir kids,bener sistemnyapangkat ace domi kasih team main pangkatnya gold sampe crown mikir kids,bener sistemnyapangkat ace dom kasih team main pangkat gold sampe crown mikir kids
2026-05-12 00:18:08,Nice game usahain evnnya kasi hadia yang rada waw gitu pasti user nya pda btah,5,nice game usahain evnnya kasi hadia yang rada waw gitu pasti user nya pda btah,nice usahain evnnya kasi hadia rada waw gitu user pda btah,nice usahain evnnya kasi hadia rada waw gitu user pda btah
2026-05-12 00:14:03,terbaik,5,terbaik,terbaik,baik
2026-05-11 23:45:01,game kikir 10jt gak bisa max paraoh. mending pakai nyelot duitnya,3,game kikir jt gak bisa max paraoh mending pakai nyelot duitnya,kikir jt max paraoh mending pakai nyelot duitnya,kikir jt max paraoh mending pakai nyelot duit
2026-05-11 23:36:32,nice,5,nice,nice,nice
2026-05-11 23:33:49,"apalah akun saya tiba tiba ke banned 7 hari, padahal tidak menggunakan cheat, dan saya tidak bermain bersama cheater tapi tiba-tiba ke banned 7 hari + merit saya jadi 40, udah lapor keluhannya tapi gk di bales bales, seakan akan pesannya tidak penting 😒",1,apalah akun saya tiba tiba ke banned hari padahal tidak menggunakan cheat dan saya tidak bermain bersama cheater tapi tibatiba ke banned hari merit saya jadi udah lapor keluhannya tapi gk di bales bales seakan akan pesannya tidak penting,apalah akun banned cheat bermain cheater tibatiba banned merit lapor keluhannya gk bales bales seakan pesannya,apa akun banned cheat main cheater tibatiba banned rit lapor keluh gk bales bales akan pesan
2026-05-11 23:29:15,seru,5,seru,seru,seru
2026-05-11 23:29:14,"Secara ukuran PUBG memang udah gak usah ditanya lagi besarnya, tapi hal tersebut tidak menunjukan kalau PUBG lepas dari masalah bugs, Tolong perbaiki bugs saat turun dari parasut pada event Mirror world, karena hal ini terkadang sangat merugikan, karena bugs ini sangat mempengaruhi gameplay. Untuk kepannya semoga event yang akan datang di sempurnakan dulu sebelum di rilis. Terimakasih!",5,secara ukuran pubg memang udah gak usah ditanya lagi besarnya tapi hal tersebut tidak menunjukan kalau pubg lepas dari masalah bugs tolong perbaiki bugs saat turun dari parasut pada event mirror world karena hal ini terkadang sangat merugikan karena bugs ini sangat mempengaruhi gameplay untuk kepannya semoga event yang akan datang di sempurnakan dulu sebelum di rilis terimakasih,ukuran besarnya menunjukan lepas bugs tolong perbaiki bugs turun parasut event mirror world terkadang merugikan bugs mempengaruhi gameplay kepannya semoga event sempurnakan rilis terimakasih,ukur besar tunjuk lepas bugs tolong baik bugs turun parasut event mirror world terkadang rugi bugs pengaruh gameplay kep moga event sempurna rilis terimakasih
2026-05-11 23:11:38,"maaf min, sebagai player baru saya gak suka matchmaking digame ini, setiap ketemu player rasanya pengalaman mainnya sangat buruk banget, saya ngerasa skill musuh digame ini terlalu jago untuk saya sebagai player baru. bahkan di rank setingkat crown saja saya dipertemukan dengan musuh yang levelnya nyampe 60 keatas. 🥹🥹",3,maaf min sebagai player baru saya gak suka matchmaking digame ini setiap ketemu player rasanya pengalaman mainnya sangat buruk banget saya ngerasa skill musuh digame ini terlalu jago untuk saya sebagai player baru bahkan di rank setingkat crown saja saya dipertemukan dengan musuh yang levelnya nyampe keatas,maaf min player suka matchmaking digame ketemu player pengalaman mainnya buruk ngerasa skill musuh digame jago player rank setingkat crown dipertemukan musuh levelnya nyampe keatas,maaf min player suka matchmaking digame ketemu player alam main buruk ngerasa skill musuh digame jago player rank tingkat crown temu musuh level nyampe atas
2026-05-11 23:10:37,game nya mantap,5,game nya mantap,mantap,mantap
2026-05-11 23:04:02,best,5,best,best,best
2026-05-11 23:02:31,jgn pelit sangat,5,jgn pelit sangat,jgn pelit,jgn pelit
2026-05-11 22:52:46,sangat bgus,5,sangat bgus,bgus,bgus
2026-05-11 22:47:37,🔥 PUBG MOBILE,5,pubg mobile,mobile,mobile
2026-05-11 22:41:17,game nya sangat seru sekaliii!!!!,5,game nya sangat seru sekaliii,seru sekaliii,seru sekaliii
2026-05-11 22:37:38,geme lama lama engga jelas dan rantingnya pun sama..,1,geme lama lama engga jelas dan rantingnya pun sama,geme engga rantingnya,geme engga ranting
2026-05-11 22:34:36,"sistem grading sebenarnya tak jadi masalah, yg masalahnya pada sistem perhitungan point tier, tusun turun 40-an lebih, ciken palingan naik 20-an, #10besar palingan naik 8-14, kalau #30 besar point bermain di -3,-2,-1,0,1,2,3. #40-#50 aja kdg dapat minus point. mohon keadilannya bg pubg. kasian kami"" ini player bot.",3,sistem grading sebenarnya tak jadi masalah yg masalahnya pada sistem perhitungan point tier tusun turun an lebih ciken palingan naik an besar palingan naik kalau besar point bermain di aja kdg dapat minus point mohon keadilannya bg pubg kasian kami ini player bot,sistem grading sistem perhitungan point tier tusun turun an ciken palingan an palingan point bermain kdg minus point mohon keadilannya bg kasian player bot,sistem grading sistem hitung point tier tusun turun an ciken paling an paling point main kdg minus point mohon adil bg kasi player bot
2026-05-11 22:25:50,semenjak ada system grading jadi malas main,1,semenjak ada system grading jadi malas main,semenjak system grading malas main,semenjak system grading malas main
2026-05-11 22:23:18,eh tolong lah hapus aja tuh fitur grading capek gua push 24jam kagak naik2,1,eh tolong lah hapus aja tuh fitur grading capek gua push jam kagak naik,eh tolong hapus tuh fitur grading capek push jam kagak,eh tolong hapus tuh fitur grading capek push jam kagak
2026-05-11 22:15:38,"keamanannya tolong perbaiki lah, akunku kena hack jir",1,keamanannya tolong perbaiki lah akunku kena hack jir,keamanannya tolong perbaiki akunku kena hack jir,aman tolong baik akun kena hack jir
2026-05-11 22:10:53,ping pubg 4.3 ko ngga stabil masa bisa nyampe 600 ngga stay di 20 an,5,ping pubg ko ngga stabil masa bisa nyampe ngga stay di an,ping ko ngga stabil nyampe ngga stay an,ping ko ngga stabil nyampe ngga stay an
2026-05-11 22:10:22,minimal pas grading klo ngasih musuh jgo tim jg hrus jago njing,1,minimal pas grading klo ngasih musuh jgo tim jg hrus jago njing,minimal grading klo ngasih musuh jgo tim jg hrus jago njing,minimal grading klo ngasih musuh jgo tim jg hrus jago njing
2026-05-11 22:09:53,"Baru main lagi kaget dengan sistem naik tier yg gangotak buat player solo, main game buat nyari fun bukan disuruh tegang dan emosi",2,baru main lagi kaget dengan sistem naik tier yg gangotak buat player solo main game buat nyari fun bukan disuruh tegang dan emosi,main kaget sistem tier gangotak player solo main nyari fun disuruh tegang emosi,main kaget sistem tier gangotak player solo main nyari fun suruh tegang emosi
2026-05-11 22:05:31,mantap,5,mantap,mantap,mantap
2026-05-11 21:57:00,bagus,5,bagus,bagus,bagus
2026-05-11 21:53:22,update,5,update,update,update
2026-05-11 21:51:40,"buat developer makasih banyak ini game sangat bagus, tapi di 2026 sistemnya berubah ada sistem rank yg di sebut grading, menurut saya sistem ini mempersulit pemain walaupun memang lebih menantang, tapi bagi pemain seperti saya yg main udah lama tapi tidak profesional ini sangat menyulit kan, saat tingal satu poin saja untuk naik ke rank berikutnya tapi kalah, yg hilang justru seluruh poin bukan satu poin, ini membuat beberapa orang sangat prustasi, dan akhirnya berhenti bermain, begitupun saya.",5,buat developer makasih banyak ini game sangat bagus tapi di sistemnya berubah ada sistem rank yg di sebut grading menurut saya sistem ini mempersulit pemain walaupun memang lebih menantang tapi bagi pemain seperti saya yg main udah lama tapi tidak profesional ini sangat menyulit kan saat tingal satu poin saja untuk naik ke rank berikutnya tapi kalah yg hilang justru seluruh poin bukan satu poin ini membuat beberapa orang sangat prustasi dan akhirnya berhenti bermain begitupun saya,developer makasih bagus sistemnya berubah sistem rank grading sistem mempersulit pemain menantang pemain main profesional menyulit tingal poin rank kalah hilang poin poin orang prustasi berhenti bermain,developer makasih bagus sistem ubah sistem rank grading sistem sulit main tantang main main profesional sulit tingal poin rank kalah hilang poin poin orang prustasi henti main
2026-05-11 21:43:16,hay PUBG kami kembali player player old,5,hay pubg kami kembali player player old,hay player player old,hay player player old
2026-05-11 21:41:58,mantap kalo ada yg bilang musuhnya terlalu susah berarti kalian bott,5,mantap kalo ada yg bilang musuhnya terlalu susah berarti kalian bott,mantap bilang musuhnya susah bott,mantap bilang musuh susah bott
2026-05-11 21:07:06,bgus,5,bgus,bgus,bgus
2026-05-11 21:06:57,"8 tahun bermain sempat pensi beberapa season karena device tidak di support 120fps, akhirnya device tersupport.",5,tahun bermain sempat pensi beberapa season karena device tidak di support fps akhirnya device tersupport,bermain pensi season device support fps device tersupport,main pensi season device support fps device tersupport
2026-05-11 21:04:32,terbaik,5,terbaik,terbaik,baik
2026-05-11 21:03:57,"kenapa saya tidak bisa update pubg ke 4.4, padahal sudah tersedia di in game nya",1,kenapa saya tidak bisa update pubg ke padahal sudah tersedia di in game nya,update tersedia in,update sedia in
2026-05-11 20:53:25,mantap,5,mantap,mantap,mantap
2026-05-11 20:53:00,gajelas update lu kelamaan masa cuma streamer yg dpet dluan gni amat indo,1,gajelas update lu kelamaan masa cuma streamer yg dpet dluan gni amat indo,gajelas update streamer dpet dluan gni indo,gajelas update streamer dpet dluan gni indo
2026-05-11 20:52:39,keren,5,keren,keren,keren
2026-05-11 20:48:00,Sistem grading membuat player frustasi dan boring,5,sistem grading membuat player frustasi dan boring,sistem grading player frustasi boring,sistem grading player frustasi boring
2026-05-11 20:36:08,keren,5,keren,keren,keren
2026-05-11 20:34:44,kasih akunn akuu kehokiann yaww min,5,kasih akunn akuu kehokiann yaww min,kasih akunn akuu kehokiann yaww min,kasih akunn akuu kehokiann yaww min
2026-05-11 20:34:03,game nya seru banget.apalahi pas lagi war beh suara nya realistis parah,5,game nya seru bangetapalahi pas lagi war beh suara nya realistis parah,seru bangetapalahi war beh suara realistis parah,seru bangetapalahi war beh suara realistis parah
2026-05-11 20:32:23,"maaf ngasih bintang 3. tiap ingin on mic sering kali suara saya tidak terdengar oleh tim. sedangkan device saya tidak ada kerusakan apapun itu, tetapi tidak bisa on mic. microphone aktif tetapi tidak bisa di dengar oleh tim untuk device redmi 10 2022. saya tidak tau untuk device lain apakah mengalami hal serupa dengan device ini. semoga bug akan segera diperbaiki. terimakasih 🙏🏻",3,maaf ngasih bintang tiap ingin on mic sering kali suara saya tidak terdengar oleh tim sedangkan device saya tidak ada kerusakan apapun itu tetapi tidak bisa on mic microphone aktif tetapi tidak bisa di dengar oleh tim untuk device redmi saya tidak tau untuk device lain apakah mengalami hal serupa dengan device ini semoga bug akan segera diperbaiki terimakasih,maaf ngasih bintang on mic kali suara terdengar tim device kerusakan apapun on mic microphone aktif dengar tim device redmi tau device mengalami device semoga bug diperbaiki terimakasih,maaf ngasih bintang on mic kali suara dengar tim device rusa apa on mic microphone aktif dengar tim device redmi tau device alami device moga bug baik terimakasih
2026-05-11 20:30:23,Permainan ini hebat sekali adalah kesukaanku,5,permainan ini hebat sekali adalah kesukaanku,permainan hebat kesukaanku,main hebat suka
2026-05-11 20:29:17,uc gratis 10000k= bintang 5,1,uc gratis k bintang,uc gratis k bintang,uc gratis k bintang
2026-05-11 20:24:36,pokoknya bintang 5,5,pokoknya bintang,pokoknya bintang,pokok bintang
2026-05-11 20:23:01,gokil sih Wak ga ada kurangnya ya cuma harus pak hp bagus sih Wak semoga lancar jaya tencent,5,gokil sih wak ga ada kurangnya ya cuma harus pak hp bagus sih wak semoga lancar jaya tencent,gokil wak kurangnya hp bagus wak semoga lancar jaya tencent,gokil wak kurang hp bagus wak moga lancar jaya tencent
2026-05-11 20:12:37,OBB service membuat agak malas bermain.,4,obb service membuat agak malas bermain,obb service malas bermain,obb service malas main
2026-05-11 19:59:53,game seru dan menghibur,5,game seru dan menghibur,seru menghibur,seru hibur
2026-05-11 19:51:48,"main game ini biar ga kesepian, tapi mainnya sendiri",5,main game ini biar ga kesepian tapi mainnya sendiri,main kesepian mainnya,main sepi main
2026-05-11 19:48:55,NICE,5,nice,nice,nice
2026-05-11 19:38:46,event 2024 kaya t@1 sumpah jelek amat event gjls,4,event kaya t sumpah jelek amat event gjls,event kaya t sumpah jelek event gjls,event kaya t sumpah jelek event gjls
2026-05-11 19:24:17,menghibur kurang pakain sama skin mobil terlalu mahal,5,menghibur kurang pakain sama skin mobil terlalu mahal,menghibur pakain skin mobil mahal,hibur pakain skin mobil mahal
2026-05-11 19:20:10,"min hadirkan skin m4 upgrade di peti premium,plisss",5,min hadirkan skin m upgrade di peti premiumplisss,min hadirkan skin m upgrade peti premiumplisss,min hadir skin m upgrade peti premiumplisss
2026-05-11 19:14:34,"sayang nya ,toko recall nya cepat banget hilang",4,sayang nya toko recall nya cepat banget hilang,sayang toko recall cepat hilang,sayang toko recall cepat hilang
2026-05-11 19:11:15,game ny bagus bgt apa lagi klo pke sniper ghost banget,5,game ny bagus bgt apa lagi klo pke sniper ghost banget,ny bagus klo pke sniper ghost,ny bagus klo pke sniper ghost
2026-05-11 19:11:09,bagus banget game favorit,5,bagus banget game favorit,bagus favorit,bagus favorit
2026-05-11 19:05:41,game nya nggak baguss,1,game nya nggak baguss,nggak baguss,nggak baguss
2026-05-11 19:03:44,"game udah bagus, tapi buat player lama yang mau naik tingkat tolong grading nya jangan di persulit, selain device nya berbeda dengan pemain yang mungganakan tablet, ipad, komputer, kasian pemain yang menggunakan hp yang standarnya, level pemain toling di setarakan dengan sesama tingkat level nya, jangan di samakan dengan level yang sudah tinggi",5,game udah bagus tapi buat player lama yang mau naik tingkat tolong grading nya jangan di persulit selain device nya berbeda dengan pemain yang mungganakan tablet ipad komputer kasian pemain yang menggunakan hp yang standarnya level pemain toling di setarakan dengan sesama tingkat level nya jangan di samakan dengan level yang sudah tinggi,bagus player tingkat tolong grading persulit device berbeda pemain mungganakan tablet ipad komputer kasian pemain hp standarnya level pemain toling setarakan tingkat level samakan level,bagus player tingkat tolong grading sulit device beda main mungganakan tablet ipad komputer kasi main hp standar level main toling tara tingkat level sama level
2026-05-11 19:01:16,"PUBG Mobile makin keren 🔥 Gameplay seru, event banyak, grafik mantap, dan makin asik dimainkan bareng teman. Update terbaru juga keren banget. Semoga terus berkembang dan makin optimal ❤️⭐⭐⭐⭐⭐",5,pubg mobile makin keren gameplay seru event banyak grafik mantap dan makin asik dimainkan bareng teman update terbaru juga keren banget semoga terus berkembang dan makin optimal,mobile keren gameplay seru event grafik mantap asik dimainkan bareng teman update terbaru keren semoga berkembang optimal,mobile keren gameplay seru event grafik mantap asik main bareng teman update baru keren moga kembang optimal
2026-05-11 18:55:19,pubg ni milih2 masa saya sudah bermain udh brpa tahun m4 glacier gak pernah di kasi dri qw pertama main masih m4 panu,5,pubg ni milih masa saya sudah bermain udh brpa tahun m glacier gak pernah di kasi dri qw pertama main masih m panu,ni milih bermain udh brpa m glacier kasi dri qw main m panu,ni milih main udh brpa m glacier kasi dri qw main m panu
2026-05-11 18:50:27,setelah update sekarang makin ga seru dari segi macth udah tidak ada lagi recal atau pun map berkabut trus,1,setelah update sekarang makin ga seru dari segi macth udah tidak ada lagi recal atau pun map berkabut trus,update seru segi macth recal map berkabut,update seru segi macth recal map kabut
2026-05-11 18:40:46,game yang sangat baik dan bisa dapat teman di berbagai negara,5,game yang sangat baik dan bisa dapat teman di berbagai negara,teman negara,teman negara
2026-05-11 18:38:54,"gw ulas ulang, gw suka game nya, tapi gw ingin akun yang kena hack sama orang luar bisa kembali ke gw, kalo bisa yaa, emang udah lama dari tahun 2021 kalo gak salah Kena hack, ada bukti screenshot profil nya juga waktu gw masih main akun itu.",5,gw ulas ulang gw suka game nya tapi gw ingin akun yang kena hack sama orang luar bisa kembali ke gw kalo bisa yaa emang udah lama dari tahun kalo gak salah kena hack ada bukti screenshot profil nya juga waktu gw masih main akun itu,ulas ulang suka akun kena hack orang yaa emang salah kena hack bukti screenshot profil main akun,ulas ulang suka akun kena hack orang yaa emang salah kena hack bukti screenshot profil main akun
2026-05-11 18:36:21,👍👍👍,5,,,
2026-05-11 18:26:44,pubg slalu dihati,5,pubg slalu dihati,slalu dihati,slalu hati
2026-05-11 18:14:27,Game ini sangat menalarupapan kang,5,game ini sangat menalarupapan kang,menalarupapan kang,menalarupapan kang
2026-05-11 18:12:23,"mantap, smenjak adanya sistem grading jadi makin menantang, main pubg jadi gak mudah bosen lagi karena sekarang naik tier jadi sesuatu yang lebih membanggakan",5,mantap smenjak adanya sistem grading jadi makin menantang main pubg jadi gak mudah bosen lagi karena sekarang naik tier jadi sesuatu yang lebih membanggakan,mantap smenjak sistem grading menantang main mudah bosen tier membanggakan,mantap smenjak sistem grading tantang main mudah bosen tier bangga
2026-05-11 18:09:22,game bagus tapi akun saya terkunci tidak bisa kembali lagi padahal berhenti main cuman sebentar karena kehalang device padahal akun itu sering aktif,5,game bagus tapi akun saya terkunci tidak bisa kembali lagi padahal berhenti main cuman sebentar karena kehalang device padahal akun itu sering aktif,bagus akun terkunci berhenti main cuman sebentar kehalang device akun aktif,bagus akun kunci henti main cuman sebentar halang device akun aktif
2026-05-11 18:06:41,min kapan ni update nya 4.4 ?,5,min kapan ni update nya,min ni update,min ni update
2026-05-11 18:05:08,Tolong sistem grading nya di permudah,5,tolong sistem grading nya di permudah,tolong sistem grading permudah,tolong sistem grading mudah
2026-05-11 18:01:21,min coba di perbaikin ya min soal nya saya nurunin grafis samepk super smoot tapi kok pas turun di poncingki rumah nya kok gak ke render min yang hp kentang buat msin kesusahan tolong ya min iziiinnnnnn mau proo,5,min coba di perbaikin ya min soal nya saya nurunin grafis samepk super smoot tapi kok pas turun di poncingki rumah nya kok gak ke render min yang hp kentang buat msin kesusahan tolong ya min iziiinnnnnn mau proo,min coba perbaikin min nurunin grafis samepk super smoot turun poncingki rumah render min hp kentang msin kesusahan tolong min iziiinnnnnn proo,min coba perbaikin min nurunin grafis samepk super smoot turun poncingki rumah render min hp kentang msin susah tolong min iziiinnnnnn proo
2026-05-11 18:00:34,menarik cuman hp saya gampang panas kalo bisa fps nya turunin lagi ☺️,4,menarik cuman hp saya gampang panas kalo bisa fps nya turunin lagi,menarik cuman hp gampang panas fps turunin,tarik cuman hp gampang panas fps turunin
2026-05-11 17:59:08,Bagus,5,bagus,bagus,bagus
2026-05-11 17:58:22,hiburan tiap hari,5,hiburan tiap hari,hiburan,hibur
2026-05-11 17:47:08,tidak hoki,5,tidak hoki,hoki,hoki
2026-05-11 17:46:45,gua udah update di 4.4 kok belum bisa main di event ya?,5,gua udah update di kok belum bisa main di event ya,update main event,update main event
2026-05-11 17:37:48,"kenapa view in game android dan iphone atau ipad harus dibedakan, kenapa tidak disama kan",1,kenapa view in game android dan iphone atau ipad harus dibedakan kenapa tidak disama kan,view in android iphone ipad dibedakan disama,view in android iphone ipad beda sama
2026-05-11 17:24:04,keren,5,keren,keren,keren
2026-05-11 17:22:47,bagus,5,bagus,bagus,bagus
2026-05-11 17:19:54,jelek,1,jelek,jelek,jelek
2026-05-11 17:19:43,keren,5,keren,keren,keren
2026-05-11 17:19:04,"kapan update bg , gua mau main ivent , tes senjata baru 😁",5,kapan update bg gua mau main ivent tes senjata baru,update bg main ivent tes senjata,update bg main ivent tes senjata
2026-05-11 17:18:55,"Seringkali saat main, tiba-tiba muncul notifikasi nyalakan lokasi saat ini. Jujur, ganggu banget dan sinyal mendadak down.",3,seringkali saat main tibatiba muncul notifikasi nyalakan lokasi saat ini jujur ganggu banget dan sinyal mendadak down,seringkali main tibatiba muncul notifikasi nyalakan lokasi jujur ganggu sinyal mendadak down,seringkali main tibatiba muncul notifikasi nyala lokasi jujur ganggu sinyal dadak down
2026-05-11 17:14:28,bagus sih tapi tolong kembalikan tower sam tower air dong soalnya saya dan bapak saya sering kesitu🙏,5,bagus sih tapi tolong kembalikan tower sam tower air dong soalnya saya dan bapak saya sering kesitu,bagus tolong kembalikan tower sam tower air kesitu,bagus tolong kembali tower sam tower air kesitu
2026-05-11 17:10:44,gak seru karna ada gereding,5,gak seru karna ada gereding,seru karna gereding,seru karna gereding
2026-05-11 17:10:06,udah bagus sih ini game cuma M4 gua belum glacier bisa kali dikasih,5,udah bagus sih ini game cuma m gua belum glacier bisa kali dikasih,bagus m glacier kali dikasih,bagus m glacier kali kasih
2026-05-11 17:06:40,game nya menyenangkan,5,game nya menyenangkan,menyenangkan,senang
2026-05-11 16:55:14,game muantapppp,5,game muantapppp,muantapppp,muantapppp
2026-05-11 16:53:21,bagus,5,bagus,bagus,bagus
2026-05-11 16:48:59,lama woii perataan updatenya,5,lama woii perataan updatenya,woii perataan updatenya,woii perata updatenya
2026-05-11 16:47:12,grading jadi males main.,1,grading jadi males main,grading males main,grading males main
2026-05-11 16:44:43,good,5,good,good,good
2026-05-11 16:43:59,debess,5,debess,debess,debess
2026-05-11 16:38:57,SEKARANG MALAH MAKIN DI PERSULIT DENGAN SISTEM GRADINGGGGGGG.... DARI ACE MASTER KE ACE DOMI TAPI LAWAN NYA CONQU APA COBA HAPUS SISTEM GRADINGGGGGGG CUMA MEMPERSULIT!!!!!!!!!!!!,1,sekarang malah makin di persulit dengan sistem gradinggggggg dari ace master ke ace domi tapi lawan nya conqu apa coba hapus sistem gradinggggggg cuma mempersulit,persulit sistem gradinggggggg ace master ace domi lawan conqu coba hapus sistem gradinggggggg mempersulit,sulit sistem gradinggggggg ace master ace dom lawan conqu coba hapus sistem gradinggggggg sulit
2026-05-11 16:37:23,Hp akan nge frame jika lawan hp spek tinggi kayak deskriniminasi aja gitu wkwkwk,4,hp akan nge frame jika lawan hp spek tinggi kayak deskriniminasi aja gitu wkwkwk,hp nge frame lawan hp spek deskriniminasi gitu wkwkwk,hp nge frame lawan hp spek deskriniminasi gitu wkwkwk
2026-05-11 16:24:58,"tolong dong yg cheat itu di ban, masa GK bisa deteksi",1,tolong dong yg cheat itu di ban masa gk bisa deteksi,tolong cheat ban gk deteksi,tolong cheat ban gk deteksi
2026-05-11 16:14:53,pubg good game,5,pubg good game,good,good
2026-05-11 16:10:10,keren banget,5,keren banget,keren,keren
2026-05-11 16:09:23,"Kenapaa saat login gagal""sajaa",4,kenapaa saat login gagalsajaa,kenapaa login gagalsajaa,kenapaa login gagalsajaa
2026-05-11 16:08:39,"udh main tierbl,ngk bagus lagi",1,udh main tierblngk bagus lagi,udh main tierblngk bagus,udh main tierblngk bagus
2026-05-11 16:04:46,tensen kok belum ada map vikendinya saya udah updet,5,tensen kok belum ada map vikendinya saya udah updet,tensen map vikendinya updet,tensen map vikendinya updet
2026-05-11 15:52:18,CEYU BANGET GAMENYA,5,ceyu banget gamenya,ceyu gamenya,ceyu gamenya
2026-05-11 15:51:39,game yang menyenangkan,5,game yang menyenangkan,menyenangkan,senang
2026-05-11 15:50:59,botnya tolong di kurangin lagi,5,botnya tolong di kurangin lagi,botnya tolong kurangin,bot tolong rangin
2026-05-11 15:45:46,"semoga kedepannya punya device mumpuni lah buat game ini, cuma device realme 9 pro ram 6gb udah syukur banget wkwk🗿",5,semoga kedepannya punya device mumpuni lah buat game ini cuma device realme pro ram gb udah syukur banget wkwk,semoga kedepannya device mumpuni device realme pro ram gb syukur wkwk,moga depan device mumpuni device realme pro ram gb syukur wkwk
2026-05-11 15:45:14,apa udah apdet apa belum,5,apa udah apdet apa belum,apdet,apdet
2026-05-11 15:42:24,"mending yang hp nya ga kuat jangan main pubg bro kusus hp sepek tinggi ya ingat, dan yang ngeluh sama gereding udh main pou aja jangan main pubg",5,mending yang hp nya ga kuat jangan main pubg bro kusus hp sepek tinggi ya ingat dan yang ngeluh sama gereding udh main pou aja jangan main pubg,mending hp kuat main bro kusus hp sepek ngeluh gereding udh main pou main,mending hp kuat main bro sus hp pek ngeluh gereding udh main pou main
2026-05-11 15:41:14,tidak bisa terbuka,5,tidak bisa terbuka,terbuka,buka
2026-05-11 15:26:25,tingkatkan perbaiki lagi masalah lag,4,tingkatkan perbaiki lagi masalah lag,tingkatkan perbaiki lag,tingkat baik lag
2026-05-11 15:24:51,keren,5,keren,keren,keren
2026-05-11 15:12:55,😌,1,,,
2026-05-11 14:45:57,bagus bgt,5,bagus bgt,bagus,bagus
2026-05-11 14:09:56,mantap poll👌🏻👌🏻👌🏻,5,mantap poll,mantap poll,mantap poll
2026-05-11 14:03:51,mantapp,5,mantapp,mantapp,mantapp
2026-05-11 13:57:01,ada setiap saat,5,ada setiap saat,,
2026-05-11 13:50:18,TOLONG YA MOONTON AGAR NAIK TIER NYA DIBUAT LEBIH GAMPANG PLIZZ MOONTON,5,tolong ya moonton agar naik tier nya dibuat lebih gampang plizz moonton,tolong moonton tier gampang plizz moonton,tolong moonton tier gampang plizz moonton
2026-05-11 13:46:45,sya sangat suka dengan game ini,5,sya sangat suka dengan game ini,sya suka,sya suka
2026-05-11 13:37:49,PUBG INI TERLALU PELIT KENAPA DI EMBLEM MITIC TIDAK ADA UPGRADE SENJATA (AKM) MALAH SKAR L,1,pubg ini terlalu pelit kenapa di emblem mitic tidak ada upgrade senjata akm malah skar l,pelit emblem mitic upgrade senjata akm skar l,pelit emblem mitic upgrade senjata akm skar l
2026-05-11 13:34:01,good,5,good,good,good
2026-05-11 13:14:55,"semenjak griding di kurangi jadi lebih gampang dan tidak membuat pusing, terima kasih pubgm sudah mengurangi sistem gridingnya lopp youuu",5,semenjak griding di kurangi jadi lebih gampang dan tidak membuat pusing terima kasih pubgm sudah mengurangi sistem gridingnya lopp youuu,semenjak griding kurangi gampang pusing terima kasih pubgm mengurangi sistem gridingnya lopp youuu,semenjak griding kurang gampang pusing terima kasih pubgm kurang sistem gridingnya lopp youuu
2026-05-11 13:04:27,mainkan sekarang,5,mainkan sekarang,mainkan,main
2026-05-11 13:00:56,"8 tahun masih tetap main, gak ada game lain yang lebih seru dari PUBG mobile",5,tahun masih tetap main gak ada game lain yang lebih seru dari pubg mobile,main seru mobile,main seru mobile
2026-05-11 12:59:01,"gokil ni game, ndak kayak epep",5,gokil ni game ndak kayak epep,gokil ni ndak epep,gokil ni ndak epep
2026-05-11 12:58:31,pubg season kapan. ?,5,pubg season kapan,season,season
2026-05-11 12:54:18,"pubg p nya ""pemenangnya"" mobile m nya ""masalalu"" APCB🤣",5,pubg p nya pemenangnya mobile m nya masalalu apcb,p pemenangnya mobile m masalalu apcb,p menang mobile m masalalu apcb
2026-05-11 12:53:33,hhhahahahaah terbaik 😀,5,hhhahahahaah terbaik,hhhahahahaah terbaik,hhhahahahaah baik
2026-05-11 12:53:05,bagus,5,bagus,bagus,bagus
2026-05-11 12:14:16,Game sangat seru,5,game sangat seru,seru,seru
2026-05-11 11:47:47,saya sangat senang dengan pubg in,5,saya sangat senang dengan pubg in,senang in,senang in
2026-05-11 11:45:18,"coba untuk naik ace gradingnya 1 kali, ace master 2 kali, dan ace dominator 3 lali..kita cuman main game untuk senang2 intinya jangan dipersulit. kita2 kan buka player kompetitip kalau yg mau kompetitip kan udah ada map ultimate royal",1,coba untuk naik ace gradingnya kali ace master kali dan ace dominator lalikita cuman main game untuk senang intinya jangan dipersulit kita kan buka player kompetitip kalau yg mau kompetitip kan udah ada map ultimate royal,coba ace gradingnya kali ace master kali ace dominator lalikita cuman main senang intinya dipersulit buka player kompetitip kompetitip map ultimate royal,coba ace gradingnya kali ace master kali ace dominator lalikita cuman main senang inti sulit buka player kompetitip kompetitip map ultimate royal
2026-05-11 11:40:38,mantap udah 8 tahun saya main tetap aja ngk bosan,5,mantap udah tahun saya main tetap aja ngk bosan,mantap main ngk bosan,mantap main ngk bosan
2026-05-11 11:35:38,"game ramah dan baik hati, tapi kikir dikit",5,game ramah dan baik hati tapi kikir dikit,ramah hati kikir dikit,ramah hati kikir dikit
2026-05-11 11:13:26,dari keseluruhan game nya udah seru tapi cuma di sistem top up sama gacha nya aja yang kemahalan 🗿,5,dari keseluruhan game nya udah seru tapi cuma di sistem top up sama gacha nya aja yang kemahalan,seru sistem top up gacha kemahalan,seru sistem top up gacha mahal
2026-05-11 10:57:44,"ini kenapa ya PUBG MOBILE lebih 5 kali akun saya kena observasi saya bermain sportif dan tidak melakukan kecurangan apapun, alasan observasi karena banyak nya pemain yang melaporkan terkait kecurangan, maksut saya kalo memang saya bersalah langsung baned saja nggak perlu observasi sangat merugikan saya, saya bermain dportif dan tidak melakukan kecurangan, laporan pemain lain?? bukan nya prilaku pemain sekarang memang begitu ya dikit2 report laporkan, kalo terus begini ini sangat merugikan saya",1,ini kenapa ya pubg mobile lebih kali akun saya kena observasi saya bermain sportif dan tidak melakukan kecurangan apapun alasan observasi karena banyak nya pemain yang melaporkan terkait kecurangan maksut saya kalo memang saya bersalah langsung baned saja nggak perlu observasi sangat merugikan saya saya bermain dportif dan tidak melakukan kecurangan laporan pemain lain bukan nya prilaku pemain sekarang memang begitu ya dikit report laporkan kalo terus begini ini sangat merugikan saya,mobile kali akun kena observasi bermain sportif kecurangan apapun alasan observasi pemain melaporkan terkait kecurangan maksut bersalah langsung baned nggak observasi merugikan bermain dportif kecurangan laporan pemain prilaku pemain dikit report laporkan merugikan,mobile kali akun kena observasi main sportif curang apa alas observasi main lapor kait curang maksut salah langsung baned nggak observasi rugi main dportif curang lapor main prilaku main dikit report lapor rugi
2026-05-11 10:51:49,kapan update versi terbaru?,5,kapan update versi terbaru,update versi terbaru,update versi baru
2026-05-11 10:42:47,hapus sistem grading,1,hapus sistem grading,hapus sistem grading,hapus sistem grading
2026-05-11 10:32:17,"Saya sangat terbantu dengan grafik super smooth yg tersedia karena hp kentang saya bisa menjalankan di fps extreme(60 fps), tapi kenapa setiap selesai match dan kembali ke lobby itu data unduhan outfit berjalan/mengunduh otomatis ya? saya sudah nonaktifkan semua fitur unduhan otomatis padahal dan saya menggunakan smart download harusnya selain file yg saya pilih itu tidak ikut terdownload.. itu saja keluhan saya, semoga update kedepannya bisa fix untuk unduh otomatis setelah laga. terima kasih",5,saya sangat terbantu dengan grafik super smooth yg tersedia karena hp kentang saya bisa menjalankan di fps extreme fps tapi kenapa setiap selesai match dan kembali ke lobby itu data unduhan outfit berjalanmengunduh otomatis ya saya sudah nonaktifkan semua fitur unduhan otomatis padahal dan saya menggunakan smart download harusnya selain file yg saya pilih itu tidak ikut terdownload itu saja keluhan saya semoga update kedepannya bisa fix untuk unduh otomatis setelah laga terima kasih,terbantu grafik super smooth tersedia hp kentang menjalankan fps extreme fps selesai match lobby data unduhan outfit berjalanmengunduh otomatis nonaktifkan fitur unduhan otomatis smart download file pilih terdownload keluhan semoga update kedepannya fix unduh otomatis laga terima kasih,bantu grafik super smooth sedia hp kentang jalan fps extreme fps selesai match lobby data unduh outfit berjalanmengunduh otomatis nonaktif fitur unduh otomatis smart download file pilih terdownload keluh moga update depan fix unduh otomatis laga terima kasih
2026-05-11 10:28:24,gooning game,5,gooning game,gooning,gooning
2026-05-11 10:25:29,"di event ini sinyal gak stabil , padahal klo maen non event stabil tapi kalo pindah main di event malah sering loncat ping nya ! jadi males main nya.. nanti bintangnya di tambah kalo sinyal nya sudah di perbaiki..",5,di event ini sinyal gak stabil padahal klo maen non event stabil tapi kalo pindah main di event malah sering loncat ping nya jadi males main nya nanti bintangnya di tambah kalo sinyal nya sudah di perbaiki,event sinyal stabil klo maen non event stabil pindah main event loncat ping males main bintangnya sinyal perbaiki,event sinyal stabil klo maen non event stabil pindah main event loncat ping males main bintang sinyal baik
2026-05-11 10:14:30,josss,5,josss,josss,josss
2026-05-11 10:13:02,keren,5,keren,keren,keren
2026-05-11 10:02:38,8 tahun bermain M4 ku masih panuan.,1,tahun bermain m ku masih panuan,bermain m ku panuan,main m ku panuan
2026-05-11 10:01:17,"ijin pamit dri PUBG, ribet amat mainnya sulit naik tiernya bawaannya BOSAN",1,ijin pamit dri pubg ribet amat mainnya sulit naik tiernya bawaannya bosan,ijin pamit dri ribet mainnya sulit tiernya bawaannya bosan,ijin pamit dri ribet main sulit tiernya bawa bosan
2026-05-11 09:57:53,game bangus,4,game bangus,bangus,bangus
2026-05-11 09:49:49,min kok pubg saya gak bisa login pakek wifi kalau pakek data normal,1,min kok pubg saya gak bisa login pakek wifi kalau pakek data normal,min login pakek wifi pakek data normal,min login pakek wifi pakek data normal
2026-05-11 09:34:46,game haram tapi aku suka karena karakternta ga pake baju,5,game haram tapi aku suka karena karakternta ga pake baju,haram suka karakternta pake baju,haram suka karakternta pake baju
2026-05-11 09:26:08,"tolong untuk memberikan kinerja extra yaitu dual sinyal antara penggunaan wifi dan data secara bersamaan untuk memperkuat sinyal dalam permainan, meski sudah ada tetap saja tidak ada pengaruh dan terlihat seperti Beta, tolong di optimalkan lagi",1,tolong untuk memberikan kinerja extra yaitu dual sinyal antara penggunaan wifi dan data secara bersamaan untuk memperkuat sinyal dalam permainan meski sudah ada tetap saja tidak ada pengaruh dan terlihat seperti beta tolong di optimalkan lagi,tolong kinerja extra dual sinyal penggunaan wifi data bersamaan memperkuat sinyal permainan pengaruh beta tolong optimalkan,tolong kerja extra dual sinyal guna wifi data sama kuat sinyal main pengaruh beta tolong optimal
2026-05-11 09:24:16,kenapa saya gak bisa download obb. tertulis downloading resource terus. uninstall apk dan coba install eh masih sama kenapa yaa mohon jawab,1,kenapa saya gak bisa download obb tertulis downloading resource terus uninstall apk dan coba install eh masih sama kenapa yaa mohon jawab,download obb tertulis downloading resource uninstall apk coba install eh yaa mohon,download obb tulis downloading resource uninstall apk coba install eh yaa mohon
2026-05-11 08:49:44,"sebenernya seru ya tapi semenjak ada grading sebenernya ya menantang tapi lebih ke males main gitu jadi susah banget disananya, apalagi buat ke rank terakhir sekarang udah ace dominator aja udah ga sanggup ngestack di ace dominator 14😭",3,sebenernya seru ya tapi semenjak ada grading sebenernya ya menantang tapi lebih ke males main gitu jadi susah banget disananya apalagi buat ke rank terakhir sekarang udah ace dominator aja udah ga sanggup ngestack di ace dominator,sebenernya seru semenjak grading sebenernya menantang males main gitu susah disananya rank ace dominator sanggup ngestack ace dominator,sebenernya seru semenjak grading sebenernya tantang males main gitu susah sana rank ace dominator sanggup ngestack ace dominator
2026-05-11 08:23:08,lama banget najis login doang ga kaya epep atau pun mobile legende,1,lama banget najis login doang ga kaya epep atau pun mobile legende,najis login doang kaya epep mobile legende,najis login doang kaya epep mobile legende
2026-05-11 08:14:49,👍👍👍,5,,,
2026-05-11 07:38:16,"gw main dri 2020, download dri play store,tiba tbia akun gw kenak blokir,dengan alesan dowloat tidak sah ,benahi dulu sistem mu krafton beda sama Tencent dulu",1,gw main dri download dri play storetiba tbia akun gw kenak blokirdengan alesan dowloat tidak sah benahi dulu sistem mu krafton beda sama tencent dulu,main dri download dri play storetiba tbia akun kenak blokirdengan alesan dowloat sah benahi sistem mu krafton beda tencent,main dri download dri play storetiba tbia akun nak blokirdengan alesan dowloat sah benah sistem mu krafton beda tencent
2026-05-11 07:33:20,game nya seru,5,game nya seru,seru,seru
2026-05-11 04:20:08,Marai tambah mumet,4,marai tambah mumet,marai mumet,mara mumet
2026-05-11 03:15:23,JELEK BANGET,1,jelek banget,jelek,jelek
2026-05-11 02:32:13,6 tahun aku bersama PUBGM. Terimakasih telah berikan game sebagus ini,5,tahun aku bersama pubgm terimakasih telah berikan game sebagus ini,pubgm terimakasih sebagus,pubgm terimakasih bagus
2026-05-11 02:22:41,"setelah adanya tantangan tier buat naik tier jadi males main, susa susa naik nya cuman ga masuk syarat 1x di reset sampe abis, bikin ribet pemain aja ,gimana ga sepi ni game hadeh hadehh. uda ribet di tambah bikin ribettt.",1,setelah adanya tantangan tier buat naik tier jadi males main susa susa naik nya cuman ga masuk syarat x di reset sampe abis bikin ribet pemain aja gimana ga sepi ni game hadeh hadehh uda ribet di tambah bikin ribettt,tantangan tier tier males main susa susa cuman masuk syarat x reset sampe abis ribet pemain gimana sepi ni hadeh hadehh uda ribet ribettt,tantang tier tier males main susa susa cuman masuk syarat x reset sampe abis ribet main gimana sepi ni hadeh hadehh uda ribet ribettt
2026-05-11 01:10:14,"Aku download apk lain bisa semua bisa tapi Pas mau masuk malah mentok dilobi,,🥲 beri kesempatan untuk veteran Yang lama pensi ini guru",5,aku download apk lain bisa semua bisa tapi pas mau masuk malah mentok dilobi beri kesempatan untuk veteran yang lama pensi ini guru,download apk masuk mentok dilobi kesempatan veteran pensi guru,download apk masuk mentok lobi sempat veteran pensi guru
2026-05-11 00:25:47,game nya kurang jelas.peta nya tunjukkan musuh salah arah.musuh di depan. arah peta arah kiri. banyak kali.banyak bab nya. ap kagak bisa di ringan kan lagi game ini ap. kurang aj bintang nya,1,game nya kurang jelaspeta nya tunjukkan musuh salah arahmusuh di depan arah peta arah kiri banyak kalibanyak bab nya ap kagak bisa di ringan kan lagi game ini ap kurang aj bintang nya,jelaspeta tunjukkan musuh salah arahmusuh arah peta arah kiri kalibanyak bab ap kagak ringan ap aj bintang,jelaspeta tunjuk musuh salah arahmusuh arah peta arah kiri kalibanyak bab ap kagak ringan ap aj bintang
2026-05-11 00:25:16,"makin lama PUBG makin berat, musuh nya engga imbang, fps turun terus",1,makin lama pubg makin berat musuh nya engga imbang fps turun terus,berat musuh engga imbang fps turun,berat musuh engga imbang fps turun
2026-05-11 00:10:29,"saya baru saja seminggu mendownload game ini, pada saat bermain klasik saya selalu kalah, setelah saya perhatikan lagi ternyata musuh sudah tier conqueror, bayangkan para player baru (gold) di habiskan dalam satu match oleh tier conqueror, keseimbangan match di game ini sangat buruk.",1,saya baru saja seminggu mendownload game ini pada saat bermain klasik saya selalu kalah setelah saya perhatikan lagi ternyata musuh sudah tier conqueror bayangkan para player baru gold di habiskan dalam satu match oleh tier conqueror keseimbangan match di game ini sangat buruk,seminggu mendownload bermain klasik kalah perhatikan musuh tier conqueror bayangkan player gold habiskan match tier conqueror keseimbangan match buruk,minggu mendownload main klasik kalah perhati musuh tier conqueror bayang player gold habis match tier conqueror imbang match buruk
2026-05-10 23:52:54,coba tambahkan ban perangkat jangan hanya ban akun,5,coba tambahkan ban perangkat jangan hanya ban akun,coba tambahkan ban perangkat ban akun,coba tambah ban perangkat ban akun
2026-05-10 23:18:46,Pembelian saya sudah dibayar tp dalam game tidak berhasil,3,pembelian saya sudah dibayar tp dalam game tidak berhasil,pembelian dibayar tp berhasil,beli bayar tp hasil
2026-05-10 22:45:49,"itu sistem grading ganti lah ke quest kek harus kill 100+4x chicken jadi kagak usah harus placement trus berturut-turut,, ada harus kill juga pake bom, molotov, AR, SMG, SNIPER masak harus ketemu musuh / team ngendok trus gara"" grading yang bener aja lu Dev",5,itu sistem grading ganti lah ke quest kek harus kill x chicken jadi kagak usah harus placement trus berturutturut ada harus kill juga pake bom molotov ar smg sniper masak harus ketemu musuh team ngendok trus gara grading yang bener aja lu dev,sistem grading ganti quest kek kill x chicken kagak placement berturutturut kill pake bom molotov ar smg sniper masak ketemu musuh team ngendok gara grading bener dev,sistem grading ganti quest kek kill x chicken kagak placement berturutturut kill pake bom molotov ar smg sniper masak ketemu musuh team ngendok gara grading bener dev
2026-05-10 22:31:56,"tidak se asik dulu, sekarang terlalu banyak bot nya, pemain kembali gak bisa main sama teman lama karena perbedaan rank. gak asik",1,tidak se asik dulu sekarang terlalu banyak bot nya pemain kembali gak bisa main sama teman lama karena perbedaan rank gak asik,asik bot pemain main teman perbedaan rank asik,asik bot main main teman beda rank asik
2026-05-10 22:31:32,min pubg buat ringan banyak yang pensi gara gara memori kecil plis lah buat ringan,4,min pubg buat ringan banyak yang pensi gara gara memori kecil plis lah buat ringan,min ringan pensi gara gara memori plis ringan,min ringan pensi gara gara memori plis ringan
2026-05-10 21:59:03,tolong update kali ini pintu nya di hapus kayak epep😅😅,5,tolong update kali ini pintu nya di hapus kayak epep,tolong update kali pintu hapus epep,tolong update kali pintu hapus epep
2026-05-10 21:44:29,grading buruk minimal gausah di reset lah PUBG kecewa gua,1,grading buruk minimal gausah di reset lah pubg kecewa gua,grading buruk minimal gausah reset kecewa,grading buruk minimal gausah reset kecewa
2026-05-10 21:34:00,Game nya bagus sih tapi game nya haram!!!!!!!!!!!!!!!!!!!!!!!!!!!!!!!!!!!!!!!!!!!!!!!!!!!!!!!!!!!!!!!!!!!!!!!!!!!!!!!!!!!!!!!!!!!!!!!!!!!!!!!!!!!!!!!!!!!!!!!!!!!!!!!!!!!!!!!!!!!!!!!!!!!!!!!!!!!!!!!!!!!!!!!!!!!!!!!!!!!!!!!!!!!!!!!!!!!!!!!!!!!!!!!!!!!!!!!!!!!!!!!!!!!!!!!!!!!!!!!!!!!!!!!!!!!!!!!!!!!!!!!!!!!!!!!!!!!!!!!!!!!!!!!!!!!!!!!!!!!!!!!!!!!!!!!!!!!!!!!!!!!!!!!!!!!!!!!!!!!!!!!!!!!!!!!!!!!!!!!!!!!!!!!!!!!!!!!!!!!!!!!!!!!!!!!!!!!!!!!!!!!!!!!!!!!!!!!!!!!!!!!!!!!!!!!!ngapain sih liat bawah haram,1,game nya bagus sih tapi game nya haramngapain sih liat bawah haram,bagus haramngapain liat haram,bagus haramngapain liat haram
2026-05-10 21:29:18,"geme bagus Wajib download sih,tidak di sarankan untuk hp kentang 🗿",5,geme bagus wajib download sihtidak di sarankan untuk hp kentang,geme bagus wajib download sihtidak sarankan hp kentang,geme bagus wajib download sihtidak saran hp kentang
2026-05-10 21:08:59,"ga seimbang musuhnya, jaringannya juga bermasalah.",1,ga seimbang musuhnya jaringannya juga bermasalah,seimbang musuhnya jaringannya bermasalah,imbang musuh jaring masalah
2026-05-10 20:34:50,hapus sistem grading aneh bet,1,hapus sistem grading aneh bet,hapus sistem grading aneh bet,hapus sistem grading aneh bet
2026-05-10 20:12:14,bagus👍😍,5,bagus,bagus,bagus
2026-05-10 19:51:36,punyakku gak bisa dilogin,1,punyakku gak bisa dilogin,punyakku dilogin,punyakku dilogin
2026-05-10 19:43:40,game burik tier tinggi suruh gabung pemain grading,1,game burik tier tinggi suruh gabung pemain grading,burik tier suruh gabung pemain grading,burik tier suruh gabung main grading
2026-05-10 19:34:24,oke goog,5,oke goog,oke goog,oke goog
2026-05-10 19:17:55,pelitttt,5,pelitttt,pelitttt,pelitttt
2026-05-10 19:06:51,"layanan pemulihan akun sangatlah buruk,karna saya mengisi formulir selalu layar saya ke atas dan ke bawah",1,layanan pemulihan akun sangatlah burukkarna saya mengisi formulir selalu layar saya ke atas dan ke bawah,layanan pemulihan akun burukkarna mengisi formulir layar,layan pulih akun burukkarna isi formulir layar
2026-05-10 19:03:54,game haram,1,game haram,haram,haram
2026-05-10 18:38:15,"gk masuk akal game nya, fast level 3 helm level 3 bisa kalah sama yg level 1, lucu game nya",1,gk masuk akal game nya fast level helm level bisa kalah sama yg level lucu game nya,gk masuk akal fast level helm level kalah level lucu,gk masuk akal fast level helm level kalah level lucu
2026-05-10 17:50:52,terlalu alay bukannya perang malah banyakan event,1,terlalu alay bukannya perang malah banyakan event,alay perang banyakan event,alay perang banyak event
2026-05-10 15:44:47,min kalau bisa mah ini game lebih ringan in lah biar enggak susah tiba tiba main patah patah kalau bisa saya minta tolong lebih sedikit ringan nin,5,min kalau bisa mah ini game lebih ringan in lah biar enggak susah tiba tiba main patah patah kalau bisa saya minta tolong lebih sedikit ringan nin,min ringan in susah main patah patah tolong ringan nin,min ringan in susah main patah patah tolong ringan nin
2026-05-10 15:11:52,terlalu dipersulit.,1,terlalu dipersulit,dipersulit,sulit
2026-05-10 14:43:18,"banyak chter sakit"" betol aim nya kenak di ras akun"" sultan pemdrop langsung di perketat lagi lah developer kira"" kalu ngasi lawan akun Sultan"" jumpak dengan akun suktan"" jdi kan jumpa sma dives"" yg setara dan mode gerading nya di setara kan lh klau gini terus lama"" sepi ni game susah di banten gerading musuh nya ga ngotak dives langsung drop 😓",2,banyak chter sakit betol aim nya kenak di ras akun sultan pemdrop langsung di perketat lagi lah developer kira kalu ngasi lawan akun sultan jumpak dengan akun suktan jdi kan jumpa sma dives yg setara dan mode gerading nya di setara kan lh klau gini terus lama sepi ni game susah di banten gerading musuh nya ga ngotak dives langsung drop,chter sakit betol aim kenak ras akun sultan pemdrop langsung perketat developer kalu ngasi lawan akun sultan jumpak akun suktan jdi jumpa sma dives setara mode gerading setara lh klau gini sepi ni susah banten gerading musuh ngotak dives langsung drop,chter sakit betol aim nak ras akun sultan pemdrop langsung ketat developer kalu ngasi lawan akun sultan jumpak akun suktan jdi jumpa sma dives tara mode gading tara lh klau gin sepi ni susah banten gading musuh ngotak dives langsung drop
2026-05-10 13:39:21,saya sangat terhiburr,5,saya sangat terhiburr,terhiburr,terhiburr
2026-05-10 13:35:27,"game jadi membosankan karena sistem naik tier, banyak player camper dari pada war👎👎",2,game jadi membosankan karena sistem naik tier banyak player camper dari pada war,membosankan sistem tier player camper war,bosan sistem tier player camper war
2026-05-10 13:33:30,sekarang jelek,1,sekarang jelek,jelek,jelek
2026-05-10 12:52:04,burik lama download data nya,1,burik lama download data nya,burik download data,burik download data
2026-05-10 12:23:14,saya ingin comeback di pubg setelah 8 tahun Pensi pubg semoga skill ku kembali lagi😢,5,saya ingin comeback di pubg setelah tahun pensi pubg semoga skill ku kembali lagi,comeback pensi semoga skill ku,comeback pensi moga skill ku
2026-05-10 11:55:29,"lama2 makin gak jelas pubg, yg eventlah yg gradinglah. game yg logika sajalah, mana ada perang tembak2 yg bs terbang, aneh2......jujur pubg game bagus ketimbng ff dan callduty.....uc mahal.....lama2 bubar ditinggalkan",1,lama makin gak jelas pubg yg eventlah yg gradinglah game yg logika sajalah mana ada perang tembak yg bs terbang anehjujur pubg game bagus ketimbng ff dan calldutyuc mahallama bubar ditinggalkan,eventlah gradinglah logika perang tembak bs terbang anehjujur bagus ketimbng ff calldutyuc mahallama bubar ditinggalkan,eventlah gradinglah logika perang tembak bs terbang anehjujur bagus ketimbng ff calldutyuc mahallama bubar tinggal
2026-05-10 11:23:38,"makin kenisi makin aneh ini game PUBG ga kaya dulu jadi males maen juga,",1,makin kenisi makin aneh ini game pubg ga kaya dulu jadi males maen juga,kenisi aneh kaya males maen,kenisi aneh kaya males maen
2026-05-10 11:08:04,mohon maaf ini kenapa ya padahal ruangan masih banyak tapi jika main game ini hp saya terasa berat dan lag patah latah,1,mohon maaf ini kenapa ya padahal ruangan masih banyak tapi jika main game ini hp saya terasa berat dan lag patah latah,mohon maaf ruangan main hp berat lag patah latah,mohon maaf ruang main hp berat lag patah latah
2026-05-10 11:06:03,bagus,2,bagus,bagus,bagus
2026-05-10 10:46:28,bagus aja sih,4,bagus aja sih,bagus,bagus
2026-05-10 10:44:30,tolong lah hilangkan fitur grading,5,tolong lah hilangkan fitur grading,tolong hilangkan fitur grading,tolong hilang fitur grading
2026-05-10 10:25:09,"Gameplay nya udh bagus seperti sedia kala Walau pun masih ada rasa kurang enak di analog nya kalau kita mau lari serong ke kiri atau kanan kadang karater nya malah jalan nyamping, semoga aja Developer memperhatikan itu dan sama musuh nya itu seperti tidak bisa membedakan apakah itu AI atau pemain yang baru main, di map rondo banyak AI nya tapi mohon di tingkatkan lagi performa AI nya biar sama kek player asli ,kesan nya makin menantang gitu ✊🔥",4,gameplay nya udh bagus seperti sedia kala walau pun masih ada rasa kurang enak di analog nya kalau kita mau lari serong ke kiri atau kanan kadang karater nya malah jalan nyamping semoga aja developer memperhatikan itu dan sama musuh nya itu seperti tidak bisa membedakan apakah itu ai atau pemain yang baru main di map rondo banyak ai nya tapi mohon di tingkatkan lagi performa ai nya biar sama kek player asli kesan nya makin menantang gitu,gameplay udh bagus sedia enak analog lari serong kiri kanan kadang karater jalan nyamping semoga developer memperhatikan musuh membedakan ai pemain main map rondo ai mohon tingkatkan performa ai kek player asli kesan menantang gitu,gameplay udh bagus sedia enak analog lari serong kiri kanan kadang karater jalan nyamping moga developer perhati musuh beda ai main main map rondo ai mohon tingkat performa ai kek player asli kesan tantang gitu
2026-05-10 10:23:18,hilangin download otomasi min,2,hilangin download otomasi min,hilangin download otomasi min,hilangin download otomasi min
2026-05-10 10:22:28,"ada pintnya jadi gak suka jadi aku kasih bintang 2,dan masak di dalam bisa pakai mobil kan belum turun!!",2,ada pintnya jadi gak suka jadi aku kasih bintang dan masak di dalam bisa pakai mobil kan belum turun,pintnya suka kasih bintang masak pakai mobil turun,pintnya suka kasih bintang masak pakai mobil turun
2026-05-10 10:19:30,bagusss,5,bagusss,bagusss,bagusss
2026-05-10 09:52:35,"nice Min, Saya kasih Saran View TPP buat android bisa di coustum kaya ipad gitu.. Seperti game CODM yg udah bisa costum view tpp kaya ipad.",5,nice min saya kasih saran view tpp buat android bisa di coustum kaya ipad gitu seperti game codm yg udah bisa costum view tpp kaya ipad,nice min kasih saran view tpp android coustum kaya ipad gitu codm costum view tpp kaya ipad,nice min kasih saran view tpp android coustum kaya ipad gitu codm costum view tpp kaya ipad
2026-05-10 09:07:02,tombol tembak hilang udah 1 bulan ga muncul muncul,4,tombol tembak hilang udah bulan ga muncul muncul,tombol tembak hilang muncul muncul,tombol tembak hilang muncul muncul
2026-05-10 07:27:18,kembangkan lagi,5,kembangkan lagi,kembangkan,kembang
2026-05-10 06:49:01,希望网络问题能再次得到改善，帧率经常下降，加载画面卡顿等等。,3,,,
2026-05-10 06:07:07,gem ini haram ini tuh gem papji meningan main ff banyak nya main ff,1,gem ini haram ini tuh gem papji meningan main ff banyak nya main ff,gem haram tuh gem papji meningan main ff main ff,gem haram tuh gem papji ning main ff main ff
2026-05-10 03:10:50,hello kenapa saya tida besa masuk dengan tiba tiba pas di awal ....tolong ada apa,5,hello kenapa saya tida besa masuk dengan tiba tiba pas di awal tolong ada apa,hello tida besa masuk tolong,hello tida besa masuk tolong
2026-05-10 03:05:31,okelah,5,okelah,okelah,oke
2026-05-10 02:49:18,sekarang pengamannya jelek sekali akun ku diretas orang kita laporkan kagak bisa bisa padahal kita sudah habis banyak buat top up orang yang retas menikmati secara gratis akun ku jadi malsa sudah main game ini,1,sekarang pengamannya jelek sekali akun ku diretas orang kita laporkan kagak bisa bisa padahal kita sudah habis banyak buat top up orang yang retas menikmati secara gratis akun ku jadi malsa sudah main game ini,pengamannya jelek akun ku diretas orang laporkan kagak habis top up orang retas menikmati gratis akun ku malsa main,kam jelek akun ku retas orang lapor kagak habis top up orang retas nikmat gratis akun ku malsa main
2026-05-10 02:33:49,semenjak ada greding pubg makin me mantek,4,semenjak ada greding pubg makin me mantek,semenjak greding me mantek,semenjak greding me mantek
2026-05-10 02:32:03,"game gacor, nostalgia mulu main ni Game",5,game gacor nostalgia mulu main ni game,gacor nostalgia mulu main ni,gacor nostalgia mulu main ni
2026-05-10 00:53:03,"grading grading gak ngotak!!! tolong dipikir pikir lagi update an nya, di hapus itu grading grading an, banyak yang complain, makin hari makin aneh aja aturanya,bukan bikin rame game kalau kayak gini aturan gradingnya, tapi malah bikin sepi game, bikin orang bosan mainin nya.. tolong Tencent.. difikir fikir lagi.. saya aja udah bosan mainya...",2,grading grading gak ngotak tolong dipikir pikir lagi update an nya di hapus itu grading grading an banyak yang complain makin hari makin aneh aja aturanyabukan bikin rame game kalau kayak gini aturan gradingnya tapi malah bikin sepi game bikin orang bosan mainin nya tolong tencent difikir fikir lagi saya aja udah bosan mainya,grading grading ngotak tolong dipikir pikir update an hapus grading grading an complain aneh aturanyabukan rame gini aturan gradingnya sepi orang bosan mainin tolong tencent difikir fikir bosan mainya,grading grading ngotak tolong pikir pikir update an hapus grading grading an complain aneh aturanyabukan rame gin atur gradingnya sepi orang bosan mainin tolong tencent difikir fikir bosan mai
2026-05-10 00:47:05,"ini kenapa setiap aku mau grinding ace tim ku pada jelek jelek sihh, kasih satu kali aja yang bagus gitu kek biar tau rasanya di gendong orang 🥲🥲🥲.",2,ini kenapa setiap aku mau grinding ace tim ku pada jelek jelek sihh kasih satu kali aja yang bagus gitu kek biar tau rasanya di gendong orang,grinding ace tim ku jelek jelek sihh kasih kali bagus gitu kek tau gendong orang,grinding ace tim ku jelek jelek sihh kasih kali bagus gitu kek tau gendong orang
2026-05-10 00:27:03,perbaiki bug nya tuh apaan dalam game tombol fire hilang sediain aja kamera biar ngevlog aku gak jelas udah main lama ketawa aku ku hapus game ini,1,perbaiki bug nya tuh apaan dalam game tombol fire hilang sediain aja kamera biar ngevlog aku gak jelas udah main lama ketawa aku ku hapus game ini,perbaiki bug tuh tombol fire hilang sediain kamera ngevlog main ketawa ku hapus,baik bug tuh tombol fire hilang ain kamera ngevlog main ketawa ku hapus
2026-05-10 00:25:21,bug mic dll,1,bug mic dll,bug mic dll,bug mic dll
2026-05-09 22:50:23,Mantap bosss...,3,mantap bosss,mantap bosss,mantap bosss
2026-05-09 22:11:12,Best one,5,best one,best one,best one
2026-05-09 21:54:32,hapus sistem grading woi... permainan serasa membosan kan player pada ngendok,1,hapus sistem grading woi permainan serasa membosan kan player pada ngendok,hapus sistem grading woi permainan serasa membosan player ngendok,hapus sistem grading woi main serasa bos player ngendok
2026-05-09 21:45:20,baik,5,baik,,
2026-05-09 21:14:57,ntah apa saja akun aku diblokir gk espek,1,ntah apa saja akun aku diblokir gk espek,ntah akun diblokir gk espek,ntah akun blokir gk espek
2026-05-09 20:52:10,AKU KALI AKAN BERMAIN PUBG MOBILE AKU SEBELUM BERMAIN NYA MENGUCAPKAN SELAMAT DATANG DARI GAME FREE FIRE DAN SAYA AKAN PINDAH GAME KALI INI SAYA AKAN BERMAIN PUBG SELAMA BERAPA TAHUN YAA?,5,aku kali akan bermain pubg mobile aku sebelum bermain nya mengucapkan selamat datang dari game free fire dan saya akan pindah game kali ini saya akan bermain pubg selama berapa tahun yaa,kali bermain mobile bermain selamat free fire pindah kali bermain yaa,kali main mobile main selamat free fire pindah kali main yaa
2026-05-09 20:08:44,Sistem grading malah membuat game ini banyak ditinggalkan oleh playernya dan event return yang membosankan. Tidak mengherankan game ini sekarang sepi peminatnya.,3,sistem grading malah membuat game ini banyak ditinggalkan oleh playernya dan event return yang membosankan tidak mengherankan game ini sekarang sepi peminatnya,sistem grading ditinggalkan playernya event return membosankan mengherankan sepi peminatnya,sistem grading tinggal playernya event return bosan heran sepi minat
2026-05-09 19:57:13,ok,5,ok,ok,ok
2026-05-09 19:18:11,tolong sekali aja ququeror 🤦,5,tolong sekali aja ququeror,tolong ququeror,tolong ququeror
2026-05-09 19:17:35,game pubg ini enak dimaenkan karena buat senang2 dengan sytem promote bikin kami player tambah streess..gagal reset ulang...naik rank aja susah..lama2 player pubg makin banyak uninstall pindah game lain..karena dibuat tambah stresss sytem promote grading .bagus dihapus aja sytem promote kalau mau pemain betah bukan dibuat kesel n stress...bintang 1 pada kasi lama2 pubg hancur,1,game pubg ini enak dimaenkan karena buat senang dengan sytem promote bikin kami player tambah streessgagal reset ulangnaik rank aja susahlama player pubg makin banyak uninstall pindah game lainkarena dibuat tambah stresss sytem promote grading bagus dihapus aja sytem promote kalau mau pemain betah bukan dibuat kesel n stressbintang pada kasi lama pubg hancur,enak dimaenkan senang sytem promote player streessgagal reset ulangnaik rank susahlama player uninstall pindah lainkarena stresss sytem promote grading bagus dihapus sytem promote pemain betah kesel n stressbintang kasi hancur,enak dimaenkan senang sytem promote player streessgagal reset ulangnaik rank susahlama player uninstall pindah lainkarena stresss sytem promote grading bagus hapus sytem promote main betah kesel n stressbintang kasi hancur
2026-05-09 18:59:09,ternyata gem PUBG tidak sesulit ff,2,ternyata gem pubg tidak sesulit ff,gem sesulit ff,gem sulit ff
2026-05-09 18:29:11,Minta glacier min,5,minta glacier min,glacier min,glacier min
2026-05-09 17:58:38,keren,5,keren,keren,keren
2026-05-09 17:47:10,"Tidak ramah device menengah kebawah, makin update makin ngeframe",1,tidak ramah device menengah kebawah makin update makin ngeframe,ramah device menengah kebawah update ngeframe,ramah device tengah bawah update ngeframe
2026-05-09 17:35:47,kasih pilihan tatto di karakter asik si,5,kasih pilihan tatto di karakter asik si,kasih pilihan tatto karakter asik si,kasih pilih tatto karakter asik si
2026-05-09 16:38:42,min tolong hilangkan gradingg bikin pusing,5,min tolong hilangkan gradingg bikin pusing,min tolong hilangkan gradingg pusing,min tolong hilang gradingg pusing
2026-05-09 16:38:35,tiap kali maen mode squad buat nyari orang random ga pernah dapet alhasil malah jadinya maen solo di mode squad jadi feels maennya ga imbang apalagi kalo ketemu party yang pro. tolong dijawab dan diperbaiki,2,tiap kali maen mode squad buat nyari orang random ga pernah dapet alhasil malah jadinya maen solo di mode squad jadi feels maennya ga imbang apalagi kalo ketemu party yang pro tolong dijawab dan diperbaiki,kali maen mode squad nyari orang random dapet alhasil maen solo mode squad feels maennya imbang ketemu party pro tolong diperbaiki,kali maen mode squad nyari orang random dapet alhasil maen solo mode squad feels maennya imbang ketemu party pro tolong baik
2026-05-09 14:59:06,"Jadi Kurang Seru dan asyik dengan adanya sistem grading untuk naik ke rank ace. Hilangkan sistem gradingnya, seperti pubg dulu.",1,jadi kurang seru dan asyik dengan adanya sistem grading untuk naik ke rank ace hilangkan sistem gradingnya seperti pubg dulu,seru asyik sistem grading rank ace hilangkan sistem gradingnya,seru asyik sistem grading rank ace hilang sistem gradingnya
2026-05-09 14:07:34,geme ini sangat br tapi tpp lh,1,geme ini sangat br tapi tpp lh,geme br tpp lh,geme br tpp lh
2026-05-09 13:56:38,masa bnyk bot dan bot lebih jago dari pada ore jelik PUBG sekarng yg lebih parah bot tau posisi kita,1,masa bnyk bot dan bot lebih jago dari pada ore jelik pubg sekarng yg lebih parah bot tau posisi kita,bnyk bot bot jago ore jelik sekarng parah bot tau posisi,bnyk bot bot jago ore jelik sekarng parah bot tau posisi
2026-05-09 13:00:48,"kenapa player seperti kami lambat sekali pengapdetan,, sedangkan player luar negri sudah pada apdet",1,kenapa player seperti kami lambat sekali pengapdetan sedangkan player luar negri sudah pada apdet,player lambat pengapdetan player negri apdet,player lambat pengapdetan player negri apdet
2026-05-09 12:33:53,nge bug pas mau nembak,1,nge bug pas mau nembak,nge bug nembak,nge bug nembak
2026-05-09 12:31:18,gem ini bagu sekali men.,5,gem ini bagu sekali men,gem bagu men,gem bagu men
2026-05-09 11:22:44,fungsi redzone apa ya klau boleh tau? merugikan player...,1,fungsi redzone apa ya klau boleh tau merugikan player,fungsi redzone klau tau merugikan player,fungsi redzone klau tau rugi player
2026-05-09 11:17:01,mantaps,5,mantaps,mantaps,mantaps
2026-05-09 10:52:41,hy saya pleyer pubg mobile dari awal rilis sampai sekarang saya suka bermain pubg saya tidak ada kata bosan main pubg mobile ini cuma saya minta 1 tolong buatkan skin baju TNI AD geme pubg mobile ini sama persis seperti tentara dan kalo bisa mau dapatkan skin tentara jangan pake uc tolong di pertimbangkan tencent terimakasih,5,hy saya pleyer pubg mobile dari awal rilis sampai sekarang saya suka bermain pubg saya tidak ada kata bosan main pubg mobile ini cuma saya minta tolong buatkan skin baju tni ad geme pubg mobile ini sama persis seperti tentara dan kalo bisa mau dapatkan skin tentara jangan pake uc tolong di pertimbangkan tencent terimakasih,hy pleyer mobile rilis suka bermain bosan main mobile tolong buatkan skin baju tni ad geme mobile persis tentara dapatkan skin tentara pake uc tolong pertimbangkan tencent terimakasih,hy pleyer mobile rilis suka main bosan main mobile tolong buat skin baju tni ad geme mobile persis tentara dapat skin tentara pake uc tolong timbang tencent terimakasih
2026-05-09 10:51:57,tolong dong sistem tier di hapus....mending yg lama pakai poin..jngn sampai banyak player yg pergi...juga jangan sampai rating turun buat PUBG...trims,3,tolong dong sistem tier di hapusmending yg lama pakai poinjngn sampai banyak player yg pergijuga jangan sampai rating turun buat pubgtrims,tolong sistem tier hapusmending pakai poinjngn player pergijuga rating turun pubgtrims,tolong sistem tier hapusmending pakai poinjngn player pergijuga rating turun pubgtrims
2026-05-09 10:50:08,game nya mempersulit bukan nya untuk asik asikan malah mempersulit,1,game nya mempersulit bukan nya untuk asik asikan malah mempersulit,mempersulit asik asikan mempersulit,sulit asik asi sulit
2026-05-09 10:28:25,game gak adil tim yg salah gw yg di hukum lu buta apa gimana?,1,game gak adil tim yg salah gw yg di hukum lu buta apa gimana,adil tim salah hukum buta gimana,adil tim salah hukum buta gimana
2026-05-09 09:39:06,"loading nya lama banget, harus nunggu.",1,loading nya lama banget harus nunggu,loading nunggu,loading nunggu
2026-05-09 09:16:38,tencent bikin mode classik bukan untuk kompentitif tapi buat konten yuotube/tik tok para sultan. kita hp kentang cuma figuran yang dibayar pake minus-25 dan kita ini dibikin tumbal buat nyenengin para sultan biar merka senang 🫡,1,tencent bikin mode classik bukan untuk kompentitif tapi buat konten yuotubetik tok para sultan kita hp kentang cuma figuran yang dibayar pake minus dan kita ini dibikin tumbal buat nyenengin para sultan biar merka senang,tencent mode classik kompentitif konten yuotubetik tok sultan hp kentang figuran dibayar pake minus dibikin tumbal nyenengin sultan merka senang,tencent mode classik kompentitif konten yuotubetik tok sultan hp kentang figuran bayar pake minus bikin tumbal nyenengin sultan merka senang
2026-05-09 08:30:44,"sebaiknya hilang kan fitur grading yang tidak jelas itu, saya sudah grading mau ke ace master dan malah ke reset lagi pointnya itu yg bikin banyak player males main",2,sebaiknya hilang kan fitur grading yang tidak jelas itu saya sudah grading mau ke ace master dan malah ke reset lagi pointnya itu yg bikin banyak player males main,hilang fitur grading grading ace master reset pointnya player males main,hilang fitur grading grading ace master reset point player males main
2026-05-09 08:16:54,game telepor masih pake server 20hrz gw bingun kenapa masih banyak aja yang main game burik ini mending hapus banyak game seperti delta force arena breakout bakan blood strige aja pake 120hrz server,1,game telepor masih pake server hrz gw bingun kenapa masih banyak aja yang main game burik ini mending hapus banyak game seperti delta force arena breakout bakan blood strige aja pake hrz server,telepor pake server hrz bingun main burik mending hapus delta force arena breakout bakan blood strige pake hrz server,telepor pake server hrz bingun main burik mending hapus delta force arena breakout bak blood strige pake hrz server
2026-05-09 06:38:22,gak kerasa 6thn saya main pubg,5,gak kerasa thn saya main pubg,kerasa thn main,rasa thn main
2026-05-09 06:17:09,"tolong pihak PUBG sistem main ofline di saat jaringan buruk bisa main ofline tanpa jaringan,kolo yang lainya tidak ada masalah dan kendala tolonglah adakan main ofline biar disaat tidak ada jaringan bisa main",5,tolong pihak pubg sistem main ofline di saat jaringan buruk bisa main ofline tanpa jaringankolo yang lainya tidak ada masalah dan kendala tolonglah adakan main ofline biar disaat tidak ada jaringan bisa main,tolong sistem main ofline jaringan buruk main ofline jaringankolo lainya kendala tolonglah adakan main ofline disaat jaringan main,tolong sistem main ofline jaring buruk main ofline jaringankolo lai kendala tolong adakan main ofline saat jaring main
2026-05-09 05:41:15,update bagus.. tapi tidak nyaman bagi pengguna hp tema gelap,4,update bagus tapi tidak nyaman bagi pengguna hp tema gelap,update bagus nyaman pengguna hp tema gelap,update bagus nyaman guna hp tema gelap
2026-05-09 04:31:49,"SARAN TOLONG BACA buat team PUBG🙏🙏 kalo YouTube,plis jangan bisa buka YouTube dari PUBG,niat hati jagain anak biar ga buka video sembarangan,main PUBG dia bisa buka YouTube dari PUBG,dari video esport,lalu klik video ,kebukalah YouTube,mana ga bisa diawasin pake google family😭😭 aku juga main PUBG lho,maka nya paham,kita sering Mabar😭😭😭",4,saran tolong baca buat team pubg kalo youtubeplis jangan bisa buka youtube dari pubgniat hati jagain anak biar ga buka video sembaranganmain pubg dia bisa buka youtube dari pubgdari video esportlalu klik video kebukalah youtubemana ga bisa diawasin pake google family aku juga main pubg lhomaka nya pahamkita sering mabar,saran tolong baca team youtubeplis buka youtube pubgniat hati jagain anak buka video sembaranganmain buka youtube pubgdari video esportlalu klik video kebukalah youtubemana diawasin pake google family main lhomaka pahamkita mabar,saran tolong baca team youtubeplis buka youtube pubgniat hati jagain anak buka video sembaranganmain buka youtube pubgdari video esportlalu klik video buka youtubemana diawasin pake google family main lhomaka pahamkita mabar
2026-05-09 01:41:10,"match making nya lama banget,sudah sepi kah? atau memang gak pada aktif susah nyari musuh",2,match making nya lama bangetsudah sepi kah atau memang gak pada aktif susah nyari musuh,match making bangetsudah sepi kah aktif susah nyari musuh,match making bangetsudah sepi kah aktif susah nyari musuh
2026-05-09 00:37:08,game sangat bagus tapi kenangan 2018 tidak pernah di lupakan,4,game sangat bagus tapi kenangan tidak pernah di lupakan,bagus kenangan lupakan,bagus kenang lupa
2026-05-08 23:39:54,"makin susah maen pakai sistem griding, lama2 hapus juga ni game",1,makin susah maen pakai sistem griding lama hapus juga ni game,susah maen pakai sistem griding hapus ni,susah maen pakai sistem griding hapus ni
2026-05-08 22:50:04,gapapa,1,gapapa,gapapa,gapapa
2026-05-08 22:43:00,top AP ga masuk malah uangku hilang padahal sudah tak qris eh sudah ke bayar malah pesanan ke cancel yaelahh mana dua kali kek gitu,1,top ap ga masuk malah uangku hilang padahal sudah tak qris eh sudah ke bayar malah pesanan ke cancel yaelahh mana dua kali kek gitu,top ap masuk uangku hilang qris eh bayar pesanan cancel yaelahh kali kek gitu,top ap masuk uang hilang qris eh bayar pesan cancel yaelahh kali kek gitu
2026-05-08 22:19:16,hy... developer dan team krafton tolong dong di map Tiongkok RONDO . Mobil yag warna putih di hapus saja ..di ganti mirado saja ya . Mobil putih itu engaa enak di gunakan banyak bug suspensi sama lari nya engaa bisa kenceng . karena itu di ganty mirado saja tangal 10 hari Minggu ad update. sekalian kabur kan request saya ya . terima kasih,4,hy developer dan team krafton tolong dong di map tiongkok rondo mobil yag warna putih di hapus saja di ganti mirado saja ya mobil putih itu engaa enak di gunakan banyak bug suspensi sama lari nya engaa bisa kenceng karena itu di ganty mirado saja tangal hari minggu ad update sekalian kabur kan request saya ya terima kasih,hy developer team krafton tolong map tiongkok rondo mobil yag warna putih hapus ganti mirado mobil putih engaa enak bug suspensi lari engaa kenceng ganty mirado tangal minggu ad update kabur request terima kasih,hy developer team krafton tolong map tiongkok rondo mobil yag warna putih hapus ganti mirado mobil putih engaa enak bug suspensi lari engaa kenceng ganty mirado tangal minggu ad update kabur request terima kasih
2026-05-08 22:15:51,senjata sulit didapat 👎,1,senjata sulit didapat,senjata sulit,senjata sulit
2026-05-08 21:49:50,"tolong kenapa selalu mendownload otomatis padahal saya udah apis resource nya biar ga berat tapi setiap habis 1 match ternyata udah download otomatis lagi,",5,tolong kenapa selalu mendownload otomatis padahal saya udah apis resource nya biar ga berat tapi setiap habis match ternyata udah download otomatis lagi,tolong mendownload otomatis apis resource berat habis match download otomatis,tolong mendownload otomatis apis resource berat habis match download otomatis
2026-05-08 21:47:24,game ya hd,5,game ya hd,hd,hd
2026-05-08 21:24:47,HAPUSS SISTEM GRADING WOY,1,hapuss sistem grading woy,hapuss sistem grading woy,hapuss sistem grading woy
2026-05-08 20:58:47,kereeen,3,kereeen,kereeen,kereeen
2026-05-08 20:51:11,aku sangat kecewa sekarang prayer ya udah sedikit🤏 karena terlalu bayak msp hingga susah cari pertempuran map nya terlalu bayak hingga kiwa bayak melawan bot bot yg di ciptakan untuk jadi musuh kita jadi permainan gak asik,1,aku sangat kecewa sekarang prayer ya udah sedikit karena terlalu bayak msp hingga susah cari pertempuran map nya terlalu bayak hingga kiwa bayak melawan bot bot yg di ciptakan untuk jadi musuh kita jadi permainan gak asik,kecewa prayer bayak msp susah cari pertempuran map bayak kiwa bayak melawan bot bot ciptakan musuh permainan asik,kecewa prayer bayak msp susah cari tempur map bayak kiwa bayak lawan bot bot cipta musuh main asik
2026-05-08 20:49:33,"untuk game nya bagus, tapi mohon di kecilkan sedikit penyimpanan nya, hp saya udh gak kuat, saya main di 30 fps, dan saya mau main di 40 fps atau 60 fps jadi tolong lah devoloper pubg untuk di ringan kan game nya, dan semoga di update 4.4 bisa ke unlock sampe 60 fps semoga di baca sama developer nya",5,untuk game nya bagus tapi mohon di kecilkan sedikit penyimpanan nya hp saya udh gak kuat saya main di fps dan saya mau main di fps atau fps jadi tolong lah devoloper pubg untuk di ringan kan game nya dan semoga di update bisa ke unlock sampe fps semoga di baca sama developer nya,bagus mohon kecilkan penyimpanan hp udh kuat main fps main fps fps tolong devoloper ringan semoga update unlock sampe fps semoga baca developer,bagus mohon kecil simpan hp udh kuat main fps main fps fps tolong devoloper ringan moga update unlock sampe fps moga baca developer
2026-05-08 20:41:50,This game is good but the match making is not fair. Ive matched with a pc player,5,this game is good but the match making is not fair ive matched with a pc player,this is good but the match making is not fair ive matched with a pc player,this is good but the match making is not fair ive matched with a pc player
2026-05-08 20:34:57,aku player lama yg putusin buat pensi karena gamenya terlalu berat,1,aku player lama yg putusin buat pensi karena gamenya terlalu berat,player putusin pensi gamenya berat,player putusin pensi gamenya berat
2026-05-08 19:38:09,game aneh,1,game aneh,aneh,aneh
2026-05-08 19:31:26,kurang suka dengan game ini 🙏🙏,1,kurang suka dengan game ini,suka,suka
2026-05-08 18:32:33,"SAYA 7 TAHUN 6 BULAN MAIN PUBG DAN SERING TOP UP UC ! TAPI TIDAK PERNAH BISA DAPAT M416 GLACIER, SUDAH HABIS UC DAN TOKEN UNTUK SPIN MENDAPATKAN M416 GLACIER TAPI TIDAK PERNAH DAPAT.",2,saya tahun bulan main pubg dan sering top up uc tapi tidak pernah bisa dapat m glacier sudah habis uc dan token untuk spin mendapatkan m glacier tapi tidak pernah dapat,main top up uc m glacier habis uc token spin m glacier,main top up uc m glacier habis uc token spin m glacier
2026-05-08 18:30:33,kenapa setiap saya gacha event selalu dapat zonk tolong dong berikan kami item yang bagus saya sudah top up uc,5,kenapa setiap saya gacha event selalu dapat zonk tolong dong berikan kami item yang bagus saya sudah top up uc,gacha event zonk tolong item bagus top up uc,gacha event zonk tolong item bagus top up uc
2026-05-08 18:22:32,Gamenya bagus tapi sistem grading minta tolong dihapus min bikin stresssssss...🙃,5,gamenya bagus tapi sistem grading minta tolong dihapus min bikin stresssssss,gamenya bagus sistem grading tolong dihapus min stresssssss,gamenya bagus sistem grading tolong hapus min stresssssss
2026-05-08 17:40:12,tapi aku tidak bisa login,5,tapi aku tidak bisa login,login,login
2026-05-08 17:22:28,udah pada pensi,3,udah pada pensi,pensi,pensi
2026-05-08 17:03:14,game haram,1,game haram,haram,haram
2026-05-08 16:30:10,Mempersulit player untuk naik tier. pantes player lama pada uninstall ni game. developer suka mempersulit 💢💢,1,mempersulit player untuk naik tier pantes player lama pada uninstall ni game developer suka mempersulit,mempersulit player tier pantes player uninstall ni developer suka mempersulit,sulit player tier pantes player uninstall ni developer suka sulit
2026-05-08 15:38:26,👍👍👍👍👍👍👍👍👍👍👍👍👍👍👍👍😃😃😃,5,,,
2026-05-08 15:37:32,sistem grading merusak permainan,1,sistem grading merusak permainan,sistem grading merusak permainan,sistem grading rusak main
2026-05-08 15:31:34,"game nya oke, cuman buat super smooth nya itu masih agak nge bug, banyak yang ga ke render pas match. itu memengaruhi permainan karena bisa mudah di kill oleh musuh",4,game nya oke cuman buat super smooth nya itu masih agak nge bug banyak yang ga ke render pas match itu memengaruhi permainan karena bisa mudah di kill oleh musuh,oke cuman super smooth nge bug render match memengaruhi permainan mudah kill musuh,oke cuman super smooth nge bug render match pengaruh main mudah kill musuh
2026-05-08 15:31:15,game nya bagus banget,5,game nya bagus banget,bagus,bagus
2026-05-08 15:25:40,kok ga bisa di download?????,3,kok ga bisa di download,download,download
2026-05-08 15:12:49,coba bikin pakai bahasa banjar,5,coba bikin pakai bahasa banjar,coba pakai bahasa banjar,coba pakai bahasa banjar
2026-05-08 14:15:17,"tolong kembalikan sistem rank seperti dulu, yg tidak ada grading nya, pubg semakin lama semakin aneh kalau update nya, harusnya saya sudah ace domi 20, gara² grading jadi stuck di ace master",1,tolong kembalikan sistem rank seperti dulu yg tidak ada grading nya pubg semakin lama semakin aneh kalau update nya harusnya saya sudah ace domi gara grading jadi stuck di ace master,tolong kembalikan sistem rank grading aneh update ace domi gara grading stuck ace master,tolong kembali sistem rank grading aneh update ace dom gara grading stuck ace master
2026-05-08 13:52:27,parah banget.. bot nya sakit banget.. masa nembak sekali langsung mati sama bot,3,parah banget bot nya sakit banget masa nembak sekali langsung mati sama bot,parah bot sakit nembak langsung mati bot,parah bot sakit nembak langsung mati bot
2026-05-08 13:49:08,"game apaan ini,, ngelag terus apalagi pas cuma ada musuh doang ngelag ny bikin gw mau banting hp terus,, padahal jaringan gw bagus hp masih kencang, tolong buat pubg mobile di selasaikan permasalahan saya",3,game apaan ini ngelag terus apalagi pas cuma ada musuh doang ngelag ny bikin gw mau banting hp terus padahal jaringan gw bagus hp masih kencang tolong buat pubg mobile di selasaikan permasalahan saya,ngelag musuh doang ngelag ny banting hp jaringan bagus hp kencang tolong mobile selasaikan permasalahan,ngelag musuh doang ngelag ny banting hp jaring bagus hp kencang tolong mobile selasaikan masalah
2026-05-08 13:41:56,"kenapa PUBG saya keluar dengan sendirinya dan ketika akan login kembali tidak bisa padahal sehari sebelumnya tepatnya di tanggal 6/5/2026 bisa push rank tetapi ketika login di tanggal 7/5/2026 saya harus masuk kembali ke akun sosial media saya tetapi setelah saya coba login terjadi kesalahan padahal sebelumnya baik² saja dan itu berulang setelah saya otak Atik tetap sama tidak bisa masuk, bagaimana jalan keluarnya semua cara sudah saya coba",3,kenapa pubg saya keluar dengan sendirinya dan ketika akan login kembali tidak bisa padahal sehari sebelumnya tepatnya di tanggal bisa push rank tetapi ketika login di tanggal saya harus masuk kembali ke akun sosial media saya tetapi setelah saya coba login terjadi kesalahan padahal sebelumnya baik saja dan itu berulang setelah saya otak atik tetap sama tidak bisa masuk bagaimana jalan keluarnya semua cara sudah saya coba,login sehari tepatnya tanggal push rank login tanggal masuk akun sosial media coba login kesalahan berulang otak atik masuk jalan keluarnya coba,login hari tepat tanggal push rank login tanggal masuk akun sosial media coba login salah ulang otak atik masuk jalan keluar coba
2026-05-08 13:26:38,"elit pas ada m416 kraftoon, kasih saya m416 glacier,saran saya m416 glacier di rivem bikin epek naga di snapanya dan ada epek lagai ganti senjata ada saljunya, kenapa tidak bisa top up help me error kemarin masih bisa😭, tolol ni pubg udah jelas kita sering top up pakai Ringgit kenapa tiba tiba pindah rupiah lagi tolol, macam mana mau tup up ni?",2,elit pas ada m kraftoon kasih saya m glaciersaran saya m glacier di rivem bikin epek naga di snapanya dan ada epek lagai ganti senjata ada saljunya kenapa tidak bisa top up help me error kemarin masih bisa tolol ni pubg udah jelas kita sering top up pakai ringgit kenapa tiba tiba pindah rupiah lagi tolol macam mana mau tup up ni,elit m kraftoon kasih m glaciersaran m glacier rivem epek naga snapanya epek lagai ganti senjata saljunya top up help me error kemarin tolol ni top up pakai ringgit pindah rupiah tolol tup up ni,elit m kraftoon kasih m glaciersaran m glacier rivem epek naga snapanya epek laga ganti senjata salju top up help me error kemarin tolol ni top up pakai ringgit pindah rupiah tolol tup up ni
2026-05-08 13:15:50,"donlot data tdm aja lama bgt selesainya, padahal udah 0,1MB!!!!! pubg kenapa sih??? rusakk .... rusakk...",1,donlot data tdm aja lama bgt selesainya padahal udah mb pubg kenapa sih rusakk rusakk,donlot data tdm selesainya mb rusakk rusakk,donlot data tdm selesai mb rusakk rusakk
2026-05-08 13:02:27,game kok nyembah patung hahahah,1,game kok nyembah patung hahahah,nyembah patung hahahah,nyembah patung hahahah
2026-05-08 12:11:42,selama adh greding pemain bnyak yg pensi Tolong hilang kan mode greding,2,selama adh greding pemain bnyak yg pensi tolong hilang kan mode greding,adh greding pemain bnyak pensi tolong hilang mode greding,adh greding main bnyak pensi tolong hilang mode greding
2026-05-08 11:50:51,"Game nya seru banget, keren parah sih dan semoga game nya makin naik!!👍👍",5,game nya seru banget keren parah sih dan semoga game nya makin naik,seru keren parah semoga,seru keren parah moga
2026-05-08 11:32:17,smkin tidak bagus sekarang PUPG...,3,smkin tidak bagus sekarang pupg,smkin bagus pupg,smkin bagus pupg
2026-05-08 11:26:18,plis dong tensen kasih gua skin gratis san,5,plis dong tensen kasih gua skin gratis san,plis tensen kasih skin gratis san,plis tensen kasih skin gratis san
2026-05-08 11:09:31,"saya main PUBG mobile dari 2018 saya minta TOLONG untuk skin M4 glacier di kasih efek slide senjata dari bahu belakang, kaya senjata yg baru muncul sekarang, masa skin upgrade pertama di PUBG mobile gak di kasih efek slide, TOLONG di kasih di update yg akan datang tanggal 12 mei 2026 ini🙏",5,saya main pubg mobile dari saya minta tolong untuk skin m glacier di kasih efek slide senjata dari bahu belakang kaya senjata yg baru muncul sekarang masa skin upgrade pertama di pubg mobile gak di kasih efek slide tolong di kasih di update yg akan datang tanggal mei ini,main mobile tolong skin m glacier kasih efek slide senjata bahu kaya senjata muncul skin upgrade mobile kasih efek slide tolong kasih update tanggal mei,main mobile tolong skin m glacier kasih efek slide senjata bahu kaya senjata muncul skin upgrade mobile kasih efek slide tolong kasih update tanggal mei
2026-05-08 09:53:25,"promotion rank nya gak jelas , protection masih unused eh kok malah reset sih , gak jelas",1,promotion rank nya gak jelas protection masih unused eh kok malah reset sih gak jelas,promotion rank protection unused eh reset,promotion rank protection unused eh reset
2026-05-08 09:46:39,game kikir,1,game kikir,kikir,kikir
2026-05-08 09:38:48,"grading nya sulit banget masa sama tier rank ace dominator,padahal rank ku masih ace",3,grading nya sulit banget masa sama tier rank ace dominatorpadahal rank ku masih ace,grading sulit tier rank ace dominatorpadahal rank ku ace,grading sulit tier rank ace dominatorpadahal rank ku ace
2026-05-08 09:22:11,game banyak citer banyak ngebug,1,game banyak citer banyak ngebug,citer ngebug,citer ngebug
2026-05-08 09:07:35,iventnya sangat jelek,1,iventnya sangat jelek,iventnya jelek,iventnya jelek
2026-05-08 08:54:11,map event tolong di buat bergantian di semua map jadi map lain biar rame jangan cuma di erangel dan livik doang,1,map event tolong di buat bergantian di semua map jadi map lain biar rame jangan cuma di erangel dan livik doang,map event tolong bergantian map map rame erangel livik doang,map event tolong ganti map map rame erangel livik doang
2026-05-08 08:23:28,bolak balik gagal mulu naikin dah gitu sistem rank persulit lagi aku gak bisa mencapai rank tier ace selalu ngestuck tier crown mulu capek ah 😭🥀 tolong lah sistem grading rank ya hapus aja aku capek gagal terus aku mohon😭😭,1,bolak balik gagal mulu naikin dah gitu sistem rank persulit lagi aku gak bisa mencapai rank tier ace selalu ngestuck tier crown mulu capek ah tolong lah sistem grading rank ya hapus aja aku capek gagal terus aku mohon,bolak gagal mulu naikin dah gitu sistem rank persulit mencapai rank tier ace ngestuck tier crown mulu capek ah tolong sistem grading rank hapus capek gagal mohon,bolak gagal mulu naikin dah gitu sistem rank sulit capai rank tier ace ngestuck tier crown mulu capek ah tolong sistem grading rank hapus capek gagal mohon
2026-05-08 08:18:43,Kurangi bintang lgi soalnya slalu leg macet2 padahal jaringan ku bagus🤔. Tolong di perbaiki lgi👏🏾,2,kurangi bintang lgi soalnya slalu leg macet padahal jaringan ku bagus tolong di perbaiki lgi,kurangi bintang lgi slalu leg macet jaringan ku bagus tolong perbaiki lgi,kurang bintang lgi slalu leg macet jaring ku bagus tolong baik lgi
2026-05-08 08:06:28,banyak bug nya kadang keluar sendiri dari apk gamenya,1,banyak bug nya kadang keluar sendiri dari apk gamenya,bug kadang apk gamenya,bug kadang apk gamenya
2026-05-08 07:53:46,untuk masalah ping udah bagus. tapi kenapa sering force close ya? padahal untuk penyimpanan dan penggunaan ram juga sudah aku optimalkan. ini juga aku main pakai hp chipset snapdragon 712 tapi sering force close kalo udah agak panas hp nya. mohon lebih di optimalkan ya :),5,untuk masalah ping udah bagus tapi kenapa sering force close ya padahal untuk penyimpanan dan penggunaan ram juga sudah aku optimalkan ini juga aku main pakai hp chipset snapdragon tapi sering force close kalo udah agak panas hp nya mohon lebih di optimalkan ya,ping bagus force close penyimpanan penggunaan ram optimalkan main pakai hp chipset snapdragon force close panas hp mohon optimalkan,ping bagus force close simpan guna ram optimal main pakai hp chipset snapdragon force close panas hp mohon optimal
2026-05-08 07:03:12,"tolong kembalikan tampilan baru ke tampilan old(seperti loby, tampilan profil, tampilan yg lain yg warna putih itu, ini sangat menyerupai game sebelah dan bikin sakit mata",5,tolong kembalikan tampilan baru ke tampilan oldseperti loby tampilan profil tampilan yg lain yg warna putih itu ini sangat menyerupai game sebelah dan bikin sakit mata,tolong kembalikan tampilan tampilan oldseperti loby tampilan profil tampilan warna putih menyerupai sebelah sakit mata,tolong kembali tampil tampil oldseperti loby tampil profil tampil warna putih rupa belah sakit mata
2026-05-08 07:00:34,mencari laganya lama banget sampe setengah jam lebih,1,mencari laganya lama banget sampe setengah jam lebih,mencari laganya sampe jam,cari laga sampe jam
2026-05-08 06:09:15,bagus baget game nya tapi hp ku ng ngedukung😓,5,bagus baget game nya tapi hp ku ng ngedukung,bagus baget hp ku ng ngedukung,bagus baget hp ku ng ngedukung
2026-05-08 04:48:25,"kangen event Allan Walker, itu event terbaik dimana saat masuk mobil bisa mendengarkan musik itu bikin rindu",5,kangen event allan walker itu event terbaik dimana saat masuk mobil bisa mendengarkan musik itu bikin rindu,kangen event allan walker event terbaik dimana masuk mobil mendengarkan musik rindu,kangen event allan walker event baik mana masuk mobil dengar musik rindu
2026-05-08 04:02:27,"apaan si Tencent, sumpah gua maen lagi grading tiba tiba ga bisa gerak karna di batesin pergerakan nya, gua lempar granat ke musuh temen malah mau nyamperin auto kena lah, dibilangnya sengaja jadi pelanggaran, gua jadinya ga bisa maen karna di batesin, laen kali kalo mau ngasih hukuman han di in game, kasih diloby aneh game lu makin kesini",1,apaan si tencent sumpah gua maen lagi grading tiba tiba ga bisa gerak karna di batesin pergerakan nya gua lempar granat ke musuh temen malah mau nyamperin auto kena lah dibilangnya sengaja jadi pelanggaran gua jadinya ga bisa maen karna di batesin laen kali kalo mau ngasih hukuman han di in game kasih diloby aneh game lu makin kesini,si tencent sumpah maen grading gerak karna batesin pergerakan lempar granat musuh temen nyamperin auto kena dibilangnya sengaja pelanggaran maen karna batesin laen kali ngasih hukuman han in kasih diloby aneh kesini,si tencent sumpah maen grading gerak karna batesin gera lempar granat musuh temen nyamperin auto kena bilang sengaja langgar maen karna batesin laen kali ngasih hukum han in kasih diloby aneh kesini
2026-05-08 03:48:34,terlalu berat,2,terlalu berat,berat,berat
2026-05-08 03:45:58,"saya udah top up uc di pubg yang 60 uc pakek qris dana kok ga masuk""ini uc nya nipu apa gimana aneh banget ga masuk""",1,saya udah top up uc di pubg yang uc pakek qris dana kok ga masukini uc nya nipu apa gimana aneh banget ga masuk,top up uc uc pakek qris dana masukini uc nipu gimana aneh masuk,top up uc uc pakek qris dana masukini uc nipu gimana aneh masuk
2026-05-08 03:09:26,bagus,5,bagus,bagus,bagus
2026-05-08 01:46:18,pemain sayang untuk untuk hp kentang,1,pemain sayang untuk untuk hp kentang,pemain sayang hp kentang,main sayang hp kentang
2026-05-08 01:13:03,"My suggestion is that when you want to increase your rank, there should be no challenges. This makes some players frustrated and choose not to play this game. So my suggestion is to remove the challenges.",2,my suggestion is that when you want to increase your rank there should be no challenges this makes some players frustrated and choose not to play this game so my suggestion is to remove the challenges,my suggestion is that when you want to increase your rank there should be no challenges this makes some players frustrated and choose not to play this so my suggestion is to remove the challenges,my suggestion is that when you want to increase your rank there should be no challenges this makes some players frustrated and choose not to play this so my suggestion is to remove the challenges
2026-05-08 01:12:58,papji sisen 1 Masi tergiang ngk terlalu banyak fitur d pbg jeleknya pbg setiap abdet makin ke sini makin ngikutin gem sebelah kembalikan ke awal pbg pasti pemain lama bakal main kembali,1,papji sisen masi tergiang ngk terlalu banyak fitur d pbg jeleknya pbg setiap abdet makin ke sini makin ngikutin gem sebelah kembalikan ke awal pbg pasti pemain lama bakal main kembali,papji sisen masi tergiang ngk fitur d pbg jeleknya pbg abdet ngikutin gem sebelah kembalikan pbg pemain main,papji sisen mas tergiang ngk fitur d pbg jelek pbg abdet ngikutin gem belah kembali pbg main main
2026-05-08 00:45:26,fitur grading gajelas.. enakan pubgm dulu,1,fitur grading gajelas enakan pubgm dulu,fitur grading gajelas enakan pubgm,fitur grading gajelas enak pubgm
2026-05-08 00:34:08,game ini mantap jiwa kali,5,game ini mantap jiwa kali,mantap jiwa kali,mantap jiwa kali
2026-05-08 00:18:24,karena tidak bisa masuk.,1,karena tidak bisa masuk,masuk,masuk
2026-05-07 23:04:38,best game,5,best game,best,best
2026-05-07 23:01:49,gem sangat tolol gua udah habisi Koto 3 GB masi gak bisa login sangat bodoh.,1,gem sangat tolol gua udah habisi koto gb masi gak bisa login sangat bodoh,gem tolol habisi koto gb masi login bodoh,gem tolol habis koto gb mas login bodoh
2026-05-07 22:45:37,"Please make sure the super smooth feature works, because after using the super smooth feature, there is only framerate instability.",4,please make sure the super smooth feature works because after using the super smooth feature there is only framerate instability,please make sure the super smooth feature works because after using the super smooth feature there is only framerate instability,please make sure the super smooth feature works because after using the super smooth feature there is only framerate instability
2026-05-07 22:38:55,kepada Devolevor.tolong lah hilang kan sistem gerding. nya.,5,kepada devolevortolong lah hilang kan sistem gerding nya,devolevortolong hilang sistem gerding,devolevortolong hilang sistem gerding
2026-05-07 22:27:14,makij gede anjir penyimpanannya,5,makij gede anjir penyimpanannya,makij gede anjir penyimpanannya,makij gede anjir simpan
2026-05-07 22:02:23,kok sekarang pubg skinnya kayak FF.😑 kangen pubg kayak taun 2018,4,kok sekarang pubg skinnya kayak ff kangen pubg kayak taun,skinnya ff kangen taun,skinnya ff kangen taun
2026-05-07 21:27:40,lumayan asik,5,lumayan asik,lumayan asik,lumayan asik
2026-05-07 21:03:32,"akun saya kena hack sama orang lepas itu kena banned lagi saya tahu saya login pakai email google saya ada letak nomor dalam geme lagi, tapi waktu mau masuk gak boleh tolong bantu saya kembalikan akun saya, saya sudah lama main PUBG mobile itu Lo tolong balas terima kasih..🙏🙏🙏🙏",5,akun saya kena hack sama orang lepas itu kena banned lagi saya tahu saya login pakai email google saya ada letak nomor dalam geme lagi tapi waktu mau masuk gak boleh tolong bantu saya kembalikan akun saya saya sudah lama main pubg mobile itu lo tolong balas terima kasih,akun kena hack orang lepas kena banned login pakai email google letak nomor geme masuk tolong bantu kembalikan akun main mobile tolong balas terima kasih,akun kena hack orang lepas kena banned login pakai email google letak nomor geme masuk tolong bantu kembali akun main mobile tolong balas terima kasih
2026-05-07 20:38:34,tolong dong geme nya engga bisa di apdete padahal ada notifikasi geme harus di apdete apa hp Infinix 20 yang pake IOS engga bisa apdete ya🥹,1,tolong dong geme nya engga bisa di apdete padahal ada notifikasi geme harus di apdete apa hp infinix yang pake ios engga bisa apdete ya,tolong geme engga apdete notifikasi geme apdete hp infinix pake ios engga apdete,tolong geme engga apdete notifikasi geme apdete hp infinix pake ios engga apdete
2026-05-07 20:28:50,Giroskop ga bisa aktif caranya,1,giroskop ga bisa aktif caranya,giroskop aktif,giroskop aktif
2026-05-07 19:52:43,"game nya bagus kaliii,grafikkk nya edannn",5,game nya bagus kaliiigrafikkk nya edannn,bagus kaliiigrafikkk edannn,bagus kaliiigrafikkk edannn
2026-05-07 18:33:24,"saya mau tanya knpa saya tidak bisa login ya,setiap mau login selalu keluar sendiri, mohon solusi nya dong bos",5,saya mau tanya knpa saya tidak bisa login yasetiap mau login selalu keluar sendiri mohon solusi nya dong bos,knpa login yasetiap login mohon solusi bos,knpa login yasetiap login mohon solusi bos
2026-05-07 18:32:23,"kalo ngasih team random yang bener min,cape sendiri",2,kalo ngasih team random yang bener mincape sendiri,ngasih team random bener mincape,ngasih team random bener mincape
2026-05-07 18:04:14,"bingung sama sistem poin, aku kill 8 hastag 2 cuman naik 6 poin, hastag 4 malah -2 aneh bngt game ny",1,bingung sama sistem poin aku kill hastag cuman naik poin hastag malah aneh bngt game ny,bingung sistem poin kill hastag cuman poin hastag aneh bngt ny,bingung sistem poin kill hastag cuman poin hastag aneh bngt ny
2026-05-07 17:34:44,sangat jelek sekarang karna masuk laga aja lama banget berpuluh puluh menit,1,sangat jelek sekarang karna masuk laga aja lama banget berpuluh puluh menit,jelek karna masuk laga berpuluh puluh menit,jelek karna masuk laga puluh puluh menit
2026-05-07 16:39:56,walaupun bintang lima tapi ini parah sihh masalahnya sering ngbug masa giro bisa kebalik padahal pengantaran nya udh benar,5,walaupun bintang lima tapi ini parah sihh masalahnya sering ngbug masa giro bisa kebalik padahal pengantaran nya udh benar,bintang parah sihh ngbug giro kebalik pengantaran udh,bintang parah sihh ngbug giro balik antar udh
2026-05-07 13:43:04,gredingnya diilangin aja coo ga,2,gredingnya diilangin aja coo ga,gredingnya diilangin coo,gredingnya diilangin coo
2026-05-07 12:28:45,"bagus game nya dari dulu ga pernah gagal, minus nya aga berat ga cocok buat ram 4 dan internal 64 sebenernya ho tw 4 64 bisa ga ngeleg walaupun modifikasi grafis jadi potato tapi di ban wok, pubg plis lah banyak olayer ho kentang oengen cb pubg salah satunya gw",4,bagus game nya dari dulu ga pernah gagal minus nya aga berat ga cocok buat ram dan internal sebenernya ho tw bisa ga ngeleg walaupun modifikasi grafis jadi potato tapi di ban wok pubg plis lah banyak olayer ho kentang oengen cb pubg salah satunya gw,bagus gagal minus aga berat cocok ram internal sebenernya ho tw ngeleg modifikasi grafis potato ban wok plis olayer ho kentang oengen cb salah satunya,bagus gagal minus aga berat cocok ram internal sebenernya ho tw ngeleg modifikasi grafis potato ban wok plis olayer ho kentang oengen cb salah satu
2026-05-07 12:21:10,game gampang.,5,game gampang,gampang,gampang
2026-05-07 11:40:47,"Game Haram, Mati keluar Asap, Mending main pou",1,game haram mati keluar asap mending main pou,haram mati asap mending main pou,haram mati asap mending main pou
2026-05-07 11:38:19,"saya duluh suka bget sama PUBG tpi setelah ada peraturan yang ngga masuk di akal dan mempersulit untuk naik rank jadi malas main pubg padahal saya sudah habis berapa juta untuk beli skin skin bagus dari senjata dan exsuit,makin hari makin membosan kan pubg mobile duluh kami suka main bareng buat turnamen di kedai kopi waktu itu rame baget tpi,skrng saya sendirian main pubg nya teman teman sudah pada berhenti main PUBG 🥺 karna pubg makin jauh makin ribet dan membosankan kata teman teman ku",1,saya duluh suka bget sama pubg tpi setelah ada peraturan yang ngga masuk di akal dan mempersulit untuk naik rank jadi malas main pubg padahal saya sudah habis berapa juta untuk beli skin skin bagus dari senjata dan exsuitmakin hari makin membosan kan pubg mobile duluh kami suka main bareng buat turnamen di kedai kopi waktu itu rame baget tpiskrng saya sendirian main pubg nya teman teman sudah pada berhenti main pubg karna pubg makin jauh makin ribet dan membosankan kata teman teman ku,duluh suka bget tpi peraturan ngga masuk akal mempersulit rank malas main habis juta beli skin skin bagus senjata exsuitmakin membosan mobile duluh suka main bareng turnamen kedai kopi rame baget tpiskrng main teman teman berhenti main karna ribet membosankan teman teman ku,duluh suka bget tpi atur ngga masuk akal sulit rank malas main habis juta beli skin skin bagus senjata exsuitmakin bos mobile duluh suka main bareng turnamen kedai kopi rame baget tpiskrng main teman teman henti main karna ribet bosan teman teman ku
2026-05-07 10:42:33,hapus gereding lah gua main udah sisen pertama,1,hapus gereding lah gua main udah sisen pertama,hapus gereding main sisen,hapus gereding main sisen
2026-05-07 09:46:33,game kikir,1,game kikir,kikir,kikir
2026-05-07 08:08:01,"makin kesini makin sulit untuk naikin rank, dari Ace master mau ke Ace dominator. harus menang sistem grading 4x berturut-turut, dan sistem perlindungan bintangnya cmn sekali. saya udah sering menang 3x, pas kalah malah di reset lagi jadi 0 lagii. Jadi cepat bosan main kalau gini jadinya, gak seru sama sekali. sedangkan kalau ketemu player pd top global, apa setara buat orang yg lagi berusaha naikin grading.",1,makin kesini makin sulit untuk naikin rank dari ace master mau ke ace dominator harus menang sistem grading x berturutturut dan sistem perlindungan bintangnya cmn sekali saya udah sering menang x pas kalah malah di reset lagi jadi lagii jadi cepat bosan main kalau gini jadinya gak seru sama sekali sedangkan kalau ketemu player pd top global apa setara buat orang yg lagi berusaha naikin grading,kesini sulit naikin rank ace master ace dominator menang sistem grading x berturutturut sistem perlindungan bintangnya cmn menang x kalah reset lagii cepat bosan main gini seru ketemu player pd top global setara orang berusaha naikin grading,kesini sulit naikin rank ace master ace dominator menang sistem grading x berturutturut sistem lindung bintang cmn menang x kalah reset lagi cepat bosan main gin seru ketemu player pd top global tara orang usaha naikin grading
2026-05-07 06:16:45,saya sudah lama bermain pung sejak 2019 tapi semakin lama pubg semakin berat mungkin ini alasan kenapa pubg sekarang sepi,1,saya sudah lama bermain pung sejak tapi semakin lama pubg semakin berat mungkin ini alasan kenapa pubg sekarang sepi,bermain pung berat alasan sepi,main pung berat alas sepi
2026-05-07 05:49:42,mantap seru game nya,5,mantap seru game nya,mantap seru,mantap seru
2026-05-07 03:02:29,tolong lah ngelek di kurangi buat hp kentang biar bisa main .... biar rame lagi🙏🙏🙏🙏,5,tolong lah ngelek di kurangi buat hp kentang biar bisa main biar rame lagi,tolong ngelek kurangi hp kentang main rame,tolong ngelek kurang hp kentang main rame
2026-05-07 02:41:33,game ya ga seru soalnya bisa ngambil baju orang,1,game ya ga seru soalnya bisa ngambil baju orang,seru ngambil baju orang,seru ngambil baju orang
2026-05-07 01:50:17,kenapa saya ketika ngepeak lalu membuka scop ga bisa nembak ya. anj bangett,1,kenapa saya ketika ngepeak lalu membuka scop ga bisa nembak ya anj bangett,ngepeak membuka scop nembak anj bangett,ngepeak buka scop nembak anj bangett
2026-05-06 23:46:24,ini kenapa kok ngerecord layar gak ada suaranya,1,ini kenapa kok ngerecord layar gak ada suaranya,ngerecord layar suaranya,ngerecord layar suara
2026-05-06 23:30:02,MODE KABUTNYA DI HAPUS SAJA...!!!,1,mode kabutnya di hapus saja,mode kabutnya hapus,mode kabut hapus
2026-05-06 22:58:24,"dari sekian banyak game,cuma game ini developernya suka gangguin player main..apalagi gue, hampir di setiap match gue di gangguin terus sama developer pubg yang memantau gameplay player.. ga di bolehin ngekill di atas 10 ..kalo gue udah ngekill di atas 10,pasti tombol fire,kamera dan scope tidak bisa di apa2in kalo pakai analog.. selalu kayak gitu.. TOLONGLAH TENCENT PECAT KARYAWAN KAU YANG KURANG AJAR ITU..gara2 karyawan kau itu game ini tidak terlalu menarik lagi di mainkan..",1,dari sekian banyak gamecuma game ini developernya suka gangguin player mainapalagi gue hampir di setiap match gue di gangguin terus sama developer pubg yang memantau gameplay player ga di bolehin ngekill di atas kalo gue udah ngekill di atas pasti tombol firekamera dan scope tidak bisa di apain kalo pakai analog selalu kayak gitu tolonglah tencent pecat karyawan kau yang kurang ajar itugara karyawan kau itu game ini tidak terlalu menarik lagi di mainkan,sekian gamecuma developernya suka gangguin player mainapalagi match gangguin developer memantau gameplay player bolehin ngekill ngekill tombol firekamera scope apain pakai analog gitu tolonglah tencent pecat karyawan kau ajar itugara karyawan kau menarik mainkan,sekian gamecuma developer suka gangguin player mainapalagi match gangguin developer pantau gameplay player bolehin ngekill ngekill tombol firekamera scope apain pakai analog gitu tolong tencent pecat karyawan kau ajar itugara karyawan kau tarik main
2026-05-06 22:34:59,Hapus grading atau promosi rank plis,1,hapus grading atau promosi rank plis,hapus grading promosi rank plis,hapus grading promosi rank plis
2026-05-06 22:02:25,"sudah gak asyik,, naik ke tier ace ajah di bikin ribet",1,sudah gak asyik naik ke tier ace ajah di bikin ribet,asyik tier ace ajah ribet,asyik tier ace ajah ribet
2026-05-06 20:58:08,"game jelek lama cari pemain, sekalinya dapat tim GK sesuai sama tier GK adil. dan juga game aneh masa akun di ban, alasan download data tidak sesuai. lah kan saya download di sini knp saya diban. game aneh. jelek",1,game jelek lama cari pemain sekalinya dapat tim gk sesuai sama tier gk adil dan juga game aneh masa akun di ban alasan download data tidak sesuai lah kan saya download di sini knp saya diban game aneh jelek,jelek cari pemain sekalinya tim gk sesuai tier gk adil aneh akun ban alasan download data sesuai download knp diban aneh jelek,jelek cari main sekali tim gk sesuai tier gk adil aneh akun ban alas download data sesuai download knp ban aneh jelek
2026-05-06 20:17:25,saya suka gem ini,5,saya suka gem ini,suka gem,suka gem
2026-05-06 19:33:36,botnya tolong agak dikurangin auto aimnya gue tau biar keliatan kek player cman masa pas terbang baru direcall aja darah sekarat headshot semua padahal ngejauh itu masih kena aja damagenya klo player mah mungkin terima aja itu pun biasanya masih banyak Miss nya ini pluru nempel semua bot,2,botnya tolong agak dikurangin auto aimnya gue tau biar keliatan kek player cman masa pas terbang baru direcall aja darah sekarat headshot semua padahal ngejauh itu masih kena aja damagenya klo player mah mungkin terima aja itu pun biasanya masih banyak miss nya ini pluru nempel semua bot,botnya tolong dikurangin auto aimnya tau keliatan kek player cman terbang direcall darah sekarat headshot ngejauh kena damagenya klo player terima miss pluru nempel bot,bot tolong rangin auto aimnya tau liat kek player cman terbang direcall darah sekarat headshot ngejauh kena damagenya klo player terima miss pluru nempel bot
2026-05-06 18:51:36,game yang sangatt baik🤡,5,game yang sangatt baik,sangatt,sangatt
2026-05-06 18:49:02,ini game pertama terbaik yang pernah ku mainkan!!!,5,ini game pertama terbaik yang pernah ku mainkan,terbaik ku mainkan,baik ku main
2026-05-06 18:20:39,terlalu berat di season 4.4 lebih ringan di season kemarin di 4.3,4,terlalu berat di season lebih ringan di season kemarin di,berat season ringan season kemarin,berat season ringan season kemarin
2026-05-06 18:08:18,pengen main cuman chipset gk mendukung wkwk,5,pengen main cuman chipset gk mendukung wkwk,pengen main cuman chipset gk mendukung wkwk,ken main cuman chipset gk dukung wkwk
2026-05-06 17:50:59,game bagus kalo hp lu bagus,5,game bagus kalo hp lu bagus,bagus hp bagus,bagus hp bagus
2026-05-06 17:26:51,"segi semuanya udh oke... permintaan saya cuma 2,kalo bikin tim yang bener dikit, lagi ngepush malah turun terus gara gara tim gak ada yang bener ( random ). Terus kedua MUSUH, kalo udh tau tim nya random terus gabisa mainnn, tolongggg bangettt deh, musuhnya seimbangin sama tim dong, kalo yg baru main trus udh ketemu musuh UR LEGEND gmn?, fix dlu tim & musuhnya udh kesekian kali saya minta ini harap di baca",2,segi semuanya udh oke permintaan saya cuma kalo bikin tim yang bener dikit lagi ngepush malah turun terus gara gara tim gak ada yang bener random terus kedua musuh kalo udh tau tim nya random terus gabisa mainnn tolongggg bangettt deh musuhnya seimbangin sama tim dong kalo yg baru main trus udh ketemu musuh ur legend gmn fix dlu tim musuhnya udh kesekian kali saya minta ini harap di baca,segi udh oke permintaan tim bener dikit ngepush turun gara gara tim bener random musuh udh tau tim random gabisa mainnn tolongggg bangettt musuhnya seimbangin tim main udh ketemu musuh ur legend gmn fix dlu tim musuhnya udh kesekian kali harap baca,segi udh oke minta tim bener dikit ngepush turun gara gara tim bener random musuh udh tau tim random gabisa mainnn tolongggg bangettt musuh seimbangin tim main udh ketemu musuh ur legend gmn fix dlu tim musuh udh sekian kali harap baca
2026-05-06 17:25:26,Hallo PUBG mobile.... tolong adakan lagi event Godzilla x Kong dengan tambahan mode malam pasti seru,1,hallo pubg mobile tolong adakan lagi event godzilla x kong dengan tambahan mode malam pasti seru,hallo mobile tolong adakan event godzilla x kong tambahan mode malam seru,hallo mobile tolong adakan event godzilla x kong tambah mode malam seru
2026-05-06 16:44:49,tolong bot nya sangat sakit cuma 2 kali tembak langsung kenok,5,tolong bot nya sangat sakit cuma kali tembak langsung kenok,tolong bot sakit kali tembak langsung kenok,tolong bot sakit kali tembak langsung kenok
2026-05-06 16:13:10,grading macam kontolll,3,grading macam kontolll,grading kontolll,grading kontolll
2026-05-06 15:38:31,pantas pada ninggalin pubg 30 menit mencari laga,1,pantas pada ninggalin pubg menit mencari laga,ninggalin menit mencari laga,ninggalin menit cari laga
2026-05-06 15:33:33,"pengen main lancar tapi device-nya kurang sanggup, mau upgrade device ekonomi lagi sulit",5,pengen main lancar tapi devicenya kurang sanggup mau upgrade device ekonomi lagi sulit,pengen main lancar devicenya sanggup upgrade device ekonomi sulit,ken main lancar devicenya sanggup upgrade device ekonomi sulit
2026-05-06 14:53:26,"gmna ini, masa download data make wifi gbisa katanya server tidak merespon, masa harus make vpn selalu, mo make data jg boros banget. Baru kali ini ngalamin gni, tolong lh min perbaiki, pdhal udh main ni game dri 2018.",3,gmna ini masa download data make wifi gbisa katanya server tidak merespon masa harus make vpn selalu mo make data jg boros banget baru kali ini ngalamin gni tolong lh min perbaiki pdhal udh main ni game dri,gmna download data make wifi gbisa server merespon make vpn mo make data jg boros kali ngalamin gni tolong lh min perbaiki pdhal udh main ni dri,gmna download data make wifi gbisa server merespon make vpn mo make data jg boros kali ngalamin gni tolong lh min baik pdhal udh main ni dri
2026-05-06 14:17:19,"dulu sering main tapi sekarang dah pensi ,karena ga ada kawan,coba random ternyata random toxic semua merasa jago dan merendahkan bikin ga lagi mood maen PUBG,apakah emang game ini mencetak random yg ga beradab...",3,dulu sering main tapi sekarang dah pensi karena ga ada kawancoba random ternyata random toxic semua merasa jago dan merendahkan bikin ga lagi mood maen pubgapakah emang game ini mencetak random yg ga beradab,main dah pensi kawancoba random random toxic jago merendahkan mood maen pubgapakah emang mencetak random beradab,main dah pensi kawancoba random random toxic jago rendah mood maen pubgapakah emang cetak random adab
2026-05-06 13:32:53,"game perang yang terbaik, dan real tidak memakai skill(kemampuan) game perang sesungguhnya, keren..",5,game perang yang terbaik dan real tidak memakai skillkemampuan game perang sesungguhnya keren,perang terbaik real memakai skillkemampuan perang sesungguhnya keren,perang baik real pakai skillkemampuan perang sungguh keren
2026-05-06 13:29:39,semoga update berikutnya baik,5,semoga update berikutnya baik,semoga update,moga update
2026-05-06 12:43:07,Mau maen nikmati game aja harus susah payah... pake sistem tes sebelum naik tier... musuhnya juga para pro player kayaknya... bikin gak seru buat kami yang maen buat hiburan,5,mau maen nikmati game aja harus susah payah pake sistem tes sebelum naik tier musuhnya juga para pro player kayaknya bikin gak seru buat kami yang maen buat hiburan,maen nikmati susah payah pake sistem tes tier musuhnya pro player kayaknya seru maen hiburan,maen nikmat susah payah pake sistem tes tier musuh pro player kayak seru maen hibur
2026-05-06 10:57:36,game fps tapi banyak bug nya,1,game fps tapi banyak bug nya,fps bug,fps bug
2026-05-06 10:00:09,BAD GAME EVER,1,bad game ever,bad ever,bad ever
2026-05-06 09:02:53,"lu kalau bikin iklan niat dikit lah, iklan gak jelas masih tayang, mana sering muncul",1,lu kalau bikin iklan niat dikit lah iklan gak jelas masih tayang mana sering muncul,iklan niat dikit iklan tayang muncul,iklan niat dikit iklan tayang muncul
2026-05-06 08:43:14,sistem grading sampah semoga makin sepi ni game,1,sistem grading sampah semoga makin sepi ni game,sistem grading sampah semoga sepi ni,sistem grading sampah moga sepi ni
2026-05-06 08:39:06,"game ampas , lawannya bot semua",1,game ampas lawannya bot semua,ampas lawannya bot,ampas lawan bot
2026-05-06 06:42:43,seru,5,seru,seru,seru
2026-05-06 05:30:39,"game ini sudah banyak update²nya yg bagus, dan mohon developer untuk mengaktifkan opsi 120fps untuk samsung A36",5,game ini sudah banyak updatenya yg bagus dan mohon developer untuk mengaktifkan opsi fps untuk samsung a,updatenya bagus mohon developer mengaktifkan opsi fps samsung a,updatenya bagus mohon developer aktif opsi fps samsung a
2026-05-06 05:15:29,Good job PUBG MOBILE,5,good job pubg mobile,good job mobile,good job mobile
2026-05-06 04:40:20,More event for f2p .. Thanks,5,more event for fp thanks,more event for fp thanks,more event for fp thanks
2026-05-06 02:20:51,biar di baca kenapa ada aturan pake waktu istirahat baru juga main beberapa mennit sudah suruh istirahat tolong gak usah pake ada aturan kaya gitu ter ganggu jadinya,5,biar di baca kenapa ada aturan pake waktu istirahat baru juga main beberapa mennit sudah suruh istirahat tolong gak usah pake ada aturan kaya gitu ter ganggu jadinya,baca aturan pake istirahat main mennit suruh istirahat tolong pake aturan kaya gitu ter ganggu,baca atur pake istirahat main mennit suruh istirahat tolong pake atur kaya gitu ter ganggu
2026-05-06 01:55:45,"HILANGKAN SISTEM GRADING, KARNA MEMBUAT PERMAINAN MENJADI MONOTON DAN MEMBOSANKAN, PLAYER HANYA MENUNGGU AGAR BISA MENCAPAI SYARAT GRADING MEMBUAT PUBG MENJADI TIDAK ADA WAR YANG MENYENANGKAN",1,hilangkan sistem grading karna membuat permainan menjadi monoton dan membosankan player hanya menunggu agar bisa mencapai syarat grading membuat pubg menjadi tidak ada war yang menyenangkan,hilangkan sistem grading karna permainan monoton membosankan player menunggu mencapai syarat grading war menyenangkan,hilang sistem grading karna main monoton bosan player tunggu capai syarat grading war senang
2026-05-06 00:53:01,"Min, kenapa kalau saya mau record game pubg tidak ada suaranya? saya mau jadi content creator pubg susah ini, tiap record ga ada suaranya. Padahal record game lain lancar² saja, ada suaranya. Tapi kenapa kalau pubg ga bisa? tidak mau men support content creator pubg mobile kah?",1,min kenapa kalau saya mau record game pubg tidak ada suaranya saya mau jadi content creator pubg susah ini tiap record ga ada suaranya padahal record game lain lancar saja ada suaranya tapi kenapa kalau pubg ga bisa tidak mau men support content creator pubg mobile kah,min record suaranya content creator susah record suaranya record lancar suaranya men support content creator mobile kah,min record suara content creator susah record suara record lancar suara men support content creator mobile kah
2026-05-06 00:37:22,terlalu berat tidak seperti konsep awal nya ( Mobile ),1,terlalu berat tidak seperti konsep awal nya mobile,berat konsep mobile,berat konsep mobile
2026-05-06 00:01:35,"lama ngga main, skarang main tambah cakep",5,lama ngga main skarang main tambah cakep,ngga main skarang main cakep,ngga main skarang main cakep
2026-05-05 23:56:19,"Tolong minta solusinya, Jadi akun Pubg saya di hack orang, dan saya sedang berusaha untuk kirim aduan akun diretas tapi masih di tolak, dan selama proses itu akun saya di mainkan, dan sekarang malah akunnya kena banned, jadi karena kena banned, saya tidak bisa lagi memproses aduan saya karena akunnya kena banned, jadi tolong solusinya, apakah saya masih bisa mendapatkan akun saya kembali??",4,tolong minta solusinya jadi akun pubg saya di hack orang dan saya sedang berusaha untuk kirim aduan akun diretas tapi masih di tolak dan selama proses itu akun saya di mainkan dan sekarang malah akunnya kena banned jadi karena kena banned saya tidak bisa lagi memproses aduan saya karena akunnya kena banned jadi tolong solusinya apakah saya masih bisa mendapatkan akun saya kembali,tolong solusinya akun hack orang berusaha kirim aduan akun diretas tolak proses akun mainkan akunnya kena banned kena banned memproses aduan akunnya kena banned tolong solusinya akun,tolong solusi akun hack orang usaha kirim adu akun retas tolak proses akun main akun kena banned kena banned proses adu akun kena banned tolong solusi akun
2026-05-05 23:36:50,"makin kesini makin besar aja gamenya malah jadi pada pensi pemain lama mending dibuat kaya pas awal2 ringan bisa dimainkan semua kalangan gak kaya sekarang, makanya banyak orang pensi main game ini",1,makin kesini makin besar aja gamenya malah jadi pada pensi pemain lama mending dibuat kaya pas awal ringan bisa dimainkan semua kalangan gak kaya sekarang makanya banyak orang pensi main game ini,kesini gamenya pensi pemain mending kaya ringan dimainkan kalangan kaya orang pensi main,kesini gamenya pensi main mending kaya ringan main kalang kaya orang pensi main
2026-05-05 23:12:15,oakayy,5,oakayy,oakayy,oakayy
2026-05-05 22:57:19,greding terlalu sulit selalu aja mati kalu kak tertembak kena zona atau redzon bikin males main tolong hilangkan aja greding ya seperti semula,1,greding terlalu sulit selalu aja mati kalu kak tertembak kena zona atau redzon bikin males main tolong hilangkan aja greding ya seperti semula,greding sulit mati kalu kak tertembak kena zona redzon males main tolong hilangkan greding,greding sulit mati kalu kak tembak kena zona redzon males main tolong hilang greding
2026-05-05 22:37:04,sering tegang sendiri padahal sdh pke wifi masih tegang tegang main nya...,1,sering tegang sendiri padahal sdh pke wifi masih tegang tegang main nya,tegang sdh pke wifi tegang tegang main,tegang sdh pke wifi tegang tegang main
2026-05-05 22:02:30,"assalamu'alaikum kravton hari ini aku tidak bisa login menggunakan wifi, padahal jaringan wifi ku bagus saat buka yang lain, tapi ketika aku ingin log in pubg malah gk bisa masuk, kalo mau masuk atau log in aku bisanya pakai data seluler gk bisa pakai wifi tolong perbaiki masalah ku karna aku ingin bermain menggunakan wifi🙏🙏👍",2,assalamualaikum kravton hari ini aku tidak bisa login menggunakan wifi padahal jaringan wifi ku bagus saat buka yang lain tapi ketika aku ingin log in pubg malah gk bisa masuk kalo mau masuk atau log in aku bisanya pakai data seluler gk bisa pakai wifi tolong perbaiki masalah ku karna aku ingin bermain menggunakan wifi,assalamualaikum kravton login wifi jaringan wifi ku bagus buka log in gk masuk masuk log in bisanya pakai data seluler gk pakai wifi tolong perbaiki ku karna bermain wifi,assalamualaikum kravton login wifi jaring wifi ku bagus buka log in gk masuk masuk log in bisa pakai data seluler gk pakai wifi tolong baik ku karna main wifi
2026-05-05 20:44:26,"sudah lama gak main,skrg br buka aplikasi malah diminta login. dan parahnya login sj dipersulit😡 jgn cm minta maaf,tlg game ini dipermudah",1,sudah lama gak mainskrg br buka aplikasi malah diminta login dan parahnya login sj dipersulit jgn cm minta maaftlg game ini dipermudah,mainskrg br buka aplikasi login parahnya login sj dipersulit jgn cm maaftlg dipermudah,mainskrg br buka aplikasi login parah login sj sulit jgn cm maaftlg mudah
2026-05-05 20:17:07,tolong dong jangan suka download otomatis meski sudah di nonaktifkan download otomatis nya masih saja selalu download otomatis,1,tolong dong jangan suka download otomatis meski sudah di nonaktifkan download otomatis nya masih saja selalu download otomatis,tolong suka download otomatis nonaktifkan download otomatis download otomatis,tolong suka download otomatis nonaktif download otomatis download otomatis
2026-05-05 19:24:37,Game nya Bagus Tapi Tolong di optimalkan Lagi Untuk Performa nya Karena Saat perang suka Tiba Tiba Frame Drop Tolong di optimalkan Lagi,5,game nya bagus tapi tolong di optimalkan lagi untuk performa nya karena saat perang suka tiba tiba frame drop tolong di optimalkan lagi,bagus tolong optimalkan performa perang suka frame drop tolong optimalkan,bagus tolong optimal performa perang suka frame drop tolong optimal
2026-05-05 19:14:05,Bring back friendly fire,1,bring back friendly fire,bring back friendly fire,bring back friendly fire
2026-05-05 19:01:31,"tambah update tampah banyak tingkah, udah gitu susah mau naik pangkat , kembalikan pubg yang dulu",2,tambah update tampah banyak tingkah udah gitu susah mau naik pangkat kembalikan pubg yang dulu,update tampah tingkah gitu susah pangkat kembalikan,update tampah tingkah gitu susah pangkat kembali
2026-05-05 18:35:20,game nya keren🤙,1,game nya keren,keren,keren
2026-05-05 18:08:42,"game ini sebenarnya seru. cuman makin kesini update dan sistem naik tire agak membebani player yang notabenenya player dengan device dibawah flagship. pantas saja makin kesini player makin sepi. tolong perbaiki masalah download otomatis yg meresahkan,padahal udah disetting off download otomatis tapi tetep download sendiri. and please hapus ajh tuh sistem naik tair yg meresahkan",1,game ini sebenarnya seru cuman makin kesini update dan sistem naik tire agak membebani player yang notabenenya player dengan device dibawah flagship pantas saja makin kesini player makin sepi tolong perbaiki masalah download otomatis yg meresahkanpadahal udah disetting off download otomatis tapi tetep download sendiri and please hapus ajh tuh sistem naik tair yg meresahkan,seru cuman kesini update sistem tire membebani player notabenenya player device dibawah flagship kesini player sepi tolong perbaiki download otomatis meresahkanpadahal disetting off download otomatis tetep download and please hapus ajh tuh sistem tair meresahkan,seru cuman kesini update sistem tire beban player notabene player device bawah flagship kesini player sepi tolong baik download otomatis meresahkanpadahal disetting off download otomatis tetep download and please hapus ajh tuh sistem tair resah
2026-05-05 17:00:50,mantap,5,mantap,mantap,mantap
2026-05-05 16:49:30,game jelek 🤢🤮 gak bagus gak bisa masuk padahal penyimpanan Suda ringan,1,game jelek gak bagus gak bisa masuk padahal penyimpanan suda ringan,jelek bagus masuk penyimpanan suda ringan,jelek bagus masuk simpan suda ringan
2026-05-05 16:36:02,geme bagus,5,geme bagus,geme bagus,geme bagus
2026-05-05 16:07:46,aplikasi game yang sangat keren,5,aplikasi game yang sangat keren,aplikasi keren,aplikasi keren
2026-05-05 15:27:40,"okelah, makin keren",5,okelah makin keren,okelah keren,oke keren
2026-05-05 14:34:09,"sistem update rank Graiding mu bikin nyusahin Orang,orang makin stress kalau begini2 caranya Game setan",1,sistem update rank graiding mu bikin nyusahin orangorang makin stress kalau begini caranya game setan,sistem update rank graiding mu nyusahin orangorang stress setan,sistem update rank graiding mu nyusahin orangorang stress setan
2026-05-05 13:17:46,ngga bisa grading ke ace master gimana ini? ngga ada centang nyaa,5,ngga bisa grading ke ace master gimana ini ngga ada centang nyaa,ngga grading ace master gimana ngga centang nyaa,ngga grading ace master gimana ngga centang nyaa
2026-05-05 13:00:07,"kebanyakan fitur sekrang gamplay nya jadi aneh , jalan nya aja kaya bug kadang cepet kadang lambat",1,kebanyakan fitur sekrang gamplay nya jadi aneh jalan nya aja kaya bug kadang cepet kadang lambat,kebanyakan fitur sekrang gamplay aneh jalan kaya bug kadang cepet kadang lambat,banyak fitur sekrang gamplay aneh jalan kaya bug kadang cepet kadang lambat
2026-05-05 12:43:42,"Brothers & Sisters of PUBG Worldwide!When will PUBG release its OFFICIAL TOKEN like other successful crypto projects?Imagine a real Play-to-Earn system where: Veteran players finally get the rewards they deserve Old players who dropped the game years ago come back stronger Every Chicken Dinner, kill, and survival actually earns you real crypto tokensThis is not just another update. This is THE PUBG REVOLUTION!We are the ones who made PUBG explode globally.",5,brothers sisters of pubg worldwidewhen will pubg release its official token like other successful crypto projectsimagine a real playtoearn system where veteran players finally get the rewards they deserve old players who dropped the game years ago come back stronger every chicken dinner kill and survival actually earns you real crypto tokensthis is not just another update this is the pubg revolutionwe are the ones who made pubg explode globally,brothers sisters of worldwidewhen will release its official token like other successful crypto projectsimagine a real playtoearn system where veteran players finally get the rewards they deserve old players who dropped the years ago come back stronger every chicken dinner kill and survival actually earns you real crypto tokensthis is not just another update this is the revolutionwe are the ones who made explode globally,brothers sisters of worldwidewhen will release its official token like other successful crypto projectsimagine a real playtoearn system where veteran players finally get the rewards they deserve old players who dropped the years ago come back stronger every chicken dinner kill and survival actually earns you real crypto tokensthis is not just another update this is the revolutionwe are the ones who made explode globally
2026-05-05 12:43:36,game kikir,1,game kikir,kikir,kikir
2026-05-05 12:38:47,"PUBGM!!Pusat unduhan kenapa ke download sendiri?,padahal udah nonaktifkan preload sumber daya versi baru,pengunduhan otomatis sudah di nonaktifkan,metode unduhan udah ubah ke hanya data,preferensi download pintar semua udah di nonaktif tetap aja ke download sendiri,saya udh hapus lagi ke download sendiri lagi gitu mulu terus, lama-kelamaan kesal juga..TOLONG DI PERBAIKI PUBGM!!!",1,pubgmpusat unduhan kenapa ke download sendiripadahal udah nonaktifkan preload sumber daya versi barupengunduhan otomatis sudah di nonaktifkanmetode unduhan udah ubah ke hanya datapreferensi download pintar semua udah di nonaktif tetap aja ke download sendirisaya udh hapus lagi ke download sendiri lagi gitu mulu terus lamakelamaan kesal jugatolong di perbaiki pubgm,pubgmpusat unduhan download sendiripadahal nonaktifkan preload sumber daya versi barupengunduhan otomatis nonaktifkanmetode unduhan ubah datapreferensi download pintar nonaktif download sendirisaya udh hapus download gitu mulu lamakelamaan kesal jugatolong perbaiki pubgm,pubgmpusat unduh download sendiripadahal nonaktif preload sumber daya versi barupengunduhan otomatis nonaktifkanmetode unduh ubah datapreferensi download pintar nonaktif download sendirisaya udh hapus download gitu mulu lamakelamaan kesal jugatolong baik pubgm
2026-05-05 11:33:19,"Tolong lah PUBG buat matchmaking nya di percepat. masa nungguin 5 menit lebih baru bisa masuk ke pertempuran, itu pun main squad Rank, kalau solo mungkin setengah jam. Jadi tolong di percepat matchmaking nya agar kami para pemain tidak bosan menunggu, kan jadi males kalau nunggu. Ngasih Bot AI ke dalam game pun gak apa apa buat nambah pemain yang penting Cepatin matchmaking nya Plisss🙏",4,tolong lah pubg buat matchmaking nya di percepat masa nungguin menit lebih baru bisa masuk ke pertempuran itu pun main squad rank kalau solo mungkin setengah jam jadi tolong di percepat matchmaking nya agar kami para pemain tidak bosan menunggu kan jadi males kalau nunggu ngasih bot ai ke dalam game pun gak apa apa buat nambah pemain yang penting cepatin matchmaking nya plisss,tolong matchmaking percepat nungguin menit masuk pertempuran main squad rank solo jam tolong percepat matchmaking pemain bosan menunggu males nunggu ngasih bot ai nambah pemain cepatin matchmaking plisss,tolong matchmaking cepat nungguin menit masuk tempur main squad rank solo jam tolong cepat matchmaking main bosan tunggu males nunggu ngasih bot ai nambah main cepatin matchmaking plisss
2026-05-05 11:15:56,gajelas sinyal dah kenceng malah lag sialan gatau dari by. u nya atau server pubg nya,1,gajelas sinyal dah kenceng malah lag sialan gatau dari by u nya atau server pubg nya,gajelas sinyal dah kenceng lag sialan gatau by u server,gajelas sinyal dah kenceng lag sial gatau by u server
2026-05-05 11:06:13,"Terimakasih Krafton PUBGM sekarang sudah lebih lancar dari sebelumnya, cuman sedikit keluhan saya...mengapa saat turun di pochinki kadang karakter ku sudah sampai tanah tapi bangunan & tanahnya kaya burik banget sampai ngga keliatan itu bangunan apa, ini sering bikin aku kalah di game😇, terus buat lobby...spertinya fitur ""peningkatan grafis lobby"" tidak terlalu berpengaruh di HP low - mid range, bisa ditingkatkan lagi yaa, segitu aja sih...overall aku tetep suka, terimaksih Krafton🥰😘 ★5",5,terimakasih krafton pubgm sekarang sudah lebih lancar dari sebelumnya cuman sedikit keluhan sayamengapa saat turun di pochinki kadang karakter ku sudah sampai tanah tapi bangunan tanahnya kaya burik banget sampai ngga keliatan itu bangunan apa ini sering bikin aku kalah di game terus buat lobbyspertinya fitur peningkatan grafis lobby tidak terlalu berpengaruh di hp low mid range bisa ditingkatkan lagi yaa segitu aja sihoverall aku tetep suka terimaksih krafton,terimakasih krafton pubgm lancar cuman keluhan sayamengapa turun pochinki kadang karakter ku tanah bangunan tanahnya kaya burik ngga keliatan bangunan kalah lobbyspertinya fitur peningkatan grafis lobby berpengaruh hp low mid range ditingkatkan yaa segitu sihoverall tetep suka terimaksih krafton,terimakasih krafton pubgm lancar cuman keluh sayamengapa turun pochinki kadang karakter ku tanah bangun tanah kaya burik ngga liat bangun kalah lobbyspertinya fitur tingkat grafis lobby pengaruh hp low mid range tingkat yaa segitu sihoverall tetep suka terimaksih krafton
2026-05-05 07:20:45,game kikir asw,1,game kikir asw,kikir asw,kikir asw
2026-05-05 05:33:49,SISTEMM GRADING HAPUSS ANJINGGG GUA CAPEKKK STACK DI ACE MASTER,1,sistemm grading hapuss anjinggg gua capekkk stack di ace master,sistemm grading hapuss anjinggg capekkk stack ace master,sistemm grading hapuss anjinggg capekkk stack ace master
2026-05-05 04:43:37,jelek,1,jelek,jelek,jelek
2026-05-05 03:28:18,"bot lu kuranganin, sok asik",1,bot lu kuranganin sok asik,bot kuranganin sok asik,bot kuranganin sok asik
2026-05-05 02:17:24,"penyimpanan makin lama makin gede,dulu 2020 blm Segede sekarang... padahal mau nostalgia lagi",5,penyimpanan makin lama makin gededulu blm segede sekarang padahal mau nostalgia lagi,penyimpanan gededulu blm segede nostalgia,simpan gededulu blm gede nostalgia
2026-05-05 01:23:41,bagus,5,bagus,bagus,bagus
2026-05-05 01:07:45,"ngelag parahh,sinyal bagus,pakai wifi juga ngelag parah,terus pengalaman bermain jadi kurang nyaman karna ngelag atau bug ini.",1,ngelag parahhsinyal baguspakai wifi juga ngelag parahterus pengalaman bermain jadi kurang nyaman karna ngelag atau bug ini,ngelag parahhsinyal baguspakai wifi ngelag parahterus pengalaman bermain nyaman karna ngelag bug,ngelag parahhsinyal baguspakai wifi ngelag parahterus alam main nyaman karna ngelag bug
2026-05-04 23:42:12,"Kenapa sekarang harus ad sistem promotion match anjg,Gw capek udh ngendok masih gagal. Ayolah minimal otak di pakek,gk semua player tuh jago anjg.naikin rank udh susah di tambah lgi ini lama-lama orang jdi mls push rank klo gini caranya. Gua aja yg sebagai player old dari season 3 ngerasa makin kesini makin di persulit buat push rank,orang main game buat seneng-seneng klo kayak gini caranya cuma buat emosi doang. Jujur gw kecewa sama tencen game udah lepas PUBG untuk krafton.",1,kenapa sekarang harus ad sistem promotion match anjggw capek udh ngendok masih gagal ayolah minimal otak di pakekgk semua player tuh jago anjgnaikin rank udh susah di tambah lgi ini lamalama orang jdi mls push rank klo gini caranya gua aja yg sebagai player old dari season ngerasa makin kesini makin di persulit buat push rankorang main game buat senengseneng klo kayak gini caranya cuma buat emosi doang jujur gw kecewa sama tencen game udah lepas pubg untuk krafton,ad sistem promotion match anjggw capek udh ngendok gagal ayolah minimal otak pakekgk player tuh jago anjgnaikin rank udh susah lgi lamalama orang jdi mls push rank klo gini player old season ngerasa kesini persulit push rankorang main senengseneng klo gini emosi doang jujur kecewa tencen lepas krafton,ad sistem promotion match anjggw capek udh ngendok gagal ayo minimal otak pakekgk player tuh jago anjgnaikin rank udh susah lgi lamalama orang jdi mls push rank klo gin player old season ngerasa kesini sulit push rankorang main senengseneng klo gin emosi doang jujur kecewa tencen lepas krafton
2026-05-04 23:39:41,saya tidak bisa download pubg mobile,3,saya tidak bisa download pubg mobile,download mobile,download mobile
2026-05-04 22:11:22,game paling bagus terimakasih pubg,5,game paling bagus terimakasih pubg,bagus terimakasih,bagus terimakasih
2026-05-04 22:06:49,game ini seru sekali,5,game ini seru sekali,seru,seru
2026-05-04 22:00:14,mending gak usah pakai harus naik ter segala cuma bikin para pleyer ngendok z malah bikin game ini gak seru karena kebanyakan pleyer milih pada ngendok karena takut gak bisa naik ter,1,mending gak usah pakai harus naik ter segala cuma bikin para pleyer ngendok z malah bikin game ini gak seru karena kebanyakan pleyer milih pada ngendok karena takut gak bisa naik ter,mending pakai ter pleyer ngendok z seru kebanyakan pleyer milih ngendok takut ter,mending pakai ter pleyer ngendok z seru banyak pleyer milih ngendok takut ter
2026-05-04 21:58:20,"saya kasih bintang 5 karna udah main selama 7 tahun di game ini, cuman gacha skin zonk mulu. wkwkwk",5,saya kasih bintang karna udah main selama tahun di game ini cuman gacha skin zonk mulu wkwkwk,kasih bintang karna main cuman gacha skin zonk mulu wkwkwk,kasih bintang karna main cuman gacha skin zonk mulu wkwkwk
2026-05-04 21:49:04,kikir last boss,5,kikir last boss,kikir last boss,kikir last boss
2026-05-04 21:45:58,ini game bagus banget wok lu yang rating 1-3 lu kocak sih game bagus gini malah di rating rendah pasti yang rating gitu kebanyakan bocil ml sama ff,5,ini game bagus banget wok lu yang rating lu kocak sih game bagus gini malah di rating rendah pasti yang rating gitu kebanyakan bocil ml sama ff,bagus wok rating kocak bagus gini rating rendah rating gitu kebanyakan bocil ml ff,bagus wok rating kocak bagus gin rating rendah rating gitu banyak bocil ml ff
2026-05-04 21:33:18,game bagus yang telah menemani 7 tahun hidup saya,5,game bagus yang telah menemani tahun hidup saya,bagus menemani hidup,bagus tani hidup
2026-05-04 21:30:01,🤙🤙🤙🤙🤙,5,,,
2026-05-04 20:52:33,tingkat kn lagi ketua..byar lebih terang,5,tingkat kn lagi ketuabyar lebih terang,tingkat kn ketuabyar terang,tingkat kn ketuabyar terang
2026-05-04 20:43:53,bagus bagus,5,bagus bagus,bagus bagus,bagus bagus
2026-05-04 20:27:38,gameya mantap tapi hp gw gak mantap kaya mesin cukur bjir dahlah,3,gameya mantap tapi hp gw gak mantap kaya mesin cukur bjir dahlah,gameya mantap hp mantap kaya mesin cukur bjir dahlah,gameya mantap hp mantap kaya mesin cukur bjir dah
2026-05-04 20:03:42,"Game bagus , sayangnya hp gw gak mendukung",4,game bagus sayangnya hp gw gak mendukung,bagus sayangnya hp mendukung,bagus sayang hp dukung
2026-05-04 20:00:12,ini sangat seru di banding ff,5,ini sangat seru di banding ff,seru banding ff,seru banding ff
2026-05-04 19:36:50,"min saya mau spin galcier ,bagi min m4 glacier😭🤣",5,min saya mau spin galcier bagi min m glacier,min spin galcier min m glacier,min spin galcier min m glacier
2026-05-04 19:22:13,bagus bagus gamenya,5,bagus bagus gamenya,bagus bagus gamenya,bagus bagus gamenya
2026-05-04 19:04:48,game nya bagus tapi saya sarankan tambahkan mode layar penuh,4,game nya bagus tapi saya sarankan tambahkan mode layar penuh,bagus sarankan tambahkan mode layar penuh,bagus saran tambah mode layar penuh
2026-05-04 18:16:02,Gamenya nguawor jika di main kan bersama teman 😹,5,gamenya nguawor jika di main kan bersama teman,gamenya nguawor main teman,gamenya nguawor main teman
2026-05-04 17:54:58,gemnya sangan Buri masa ada pintunya itumau perang ataumau menyambut tamuA,1,gemnya sangan buri masa ada pintunya itumau perang ataumau menyambut tamua,gemnya sangan buri pintunya itumau perang ataumau menyambut tamua,gemnya sangan bur pintu itumau perang ataumau sambut tamua
2026-05-04 16:33:05,"terlalu banyak cheater, padahal sudah direport, tapi tidak ada feedback dan cheater tetap merajalela",1,terlalu banyak cheater padahal sudah direport tapi tidak ada feedback dan cheater tetap merajalela,cheater direport feedback cheater merajalela,cheater direport feedback cheater rajalela
2026-05-04 16:32:57,Kalian pikir grading bikin orang tertantang? gak! cek aja datanya player meninggalkan game ini!,1,kalian pikir grading bikin orang tertantang gak cek aja datanya player meninggalkan game ini,pikir grading orang tertantang cek datanya player meninggalkan,pikir grading orang tantang cek data player tinggal
2026-05-04 16:22:46,"makin sini makin gk jelas aja masa boot demeg nya tinggi banget, sampe kill player udah mah tiba"" nongol dari tebing curam di kepung kiri kanan depan belakang, hadeuuh gk jelas banget",1,makin sini makin gk jelas aja masa boot demeg nya tinggi banget sampe kill player udah mah tiba nongol dari tebing curam di kepung kiri kanan depan belakang hadeuuh gk jelas banget,gk boot demeg sampe kill player nongol tebing curam kepung kiri kanan hadeuuh gk,gk boot deg sampe kill player nongol tebing curam kepung kiri kanan hadeuuh gk
2026-05-04 15:46:57,Tidak seru,1,tidak seru,seru,seru
2026-05-04 15:22:37,"makin diup makin ngk ngotak ni game gw udh lama main baru sekarang sebosen ini main ini game bukan karena game ny jelem tp knp harus ada sistem grading nya , ini yg makin bikin membosankan kan udh harus masuk 10 bsar udh capek"" ngepush ampk 3x pass mau nyari yg k 4 malah masuk 15 besar dah lansung hilng semuanya percuma ampk mata item ngk ada prubahan sma skli",1,makin diup makin ngk ngotak ni game gw udh lama main baru sekarang sebosen ini main ini game bukan karena game ny jelem tp knp harus ada sistem grading nya ini yg makin bikin membosankan kan udh harus masuk bsar udh capek ngepush ampk x pass mau nyari yg k malah masuk besar dah lansung hilng semuanya percuma ampk mata item ngk ada prubahan sma skli,diup ngk ngotak ni udh main sebosen main ny jelem tp knp sistem grading membosankan udh masuk bsar udh capek ngepush ampk x pass nyari k masuk dah lansung hilng ampk mata item ngk prubahan sma skli,diup ngk ngotak ni udh main sebosen main ny jem tp knp sistem grading bosan udh masuk bsar udh capek ngepush ampk x pass nyari k masuk dah lansung hilng ampk mata item ngk prubahan sma skli
2026-05-04 15:17:14,"tidak jadi,sekarang game ini sudah bagus,ff jadi game judi",5,tidak jadisekarang game ini sudah bagusff jadi game judi,jadisekarang bagusff judi,jadisekarang bagusff judi
2026-05-04 14:56:37,Perangkat ku dapat bug dan cheat dari pemain gelap tolong cepat di basmi dong!,1,perangkat ku dapat bug dan cheat dari pemain gelap tolong cepat di basmi dong,perangkat ku bug cheat pemain gelap tolong cepat basmi,perangkat ku bug cheat main gelap tolong cepat basmi
2026-05-04 14:04:28,game favorit 👌,5,game favorit,favorit,favorit
2026-05-04 13:07:55,yang paling penting jangan sampai pemain menggunakan ceater,4,yang paling penting jangan sampai pemain menggunakan ceater,pemain ceater,main ceater
2026-05-04 12:39:11,"Gk bisa login di Poco F7 pake wifi,pdhl wifi yg gw pake gk ada masalah sama sekali. Emang udh paling betul pensi dari game ampas ini.",1,gk bisa login di poco f pake wifipdhl wifi yg gw pake gk ada masalah sama sekali emang udh paling betul pensi dari game ampas ini,gk login poco f pake wifipdhl wifi pake gk emang udh pensi ampas,gk login poco f pake wifipdhl wifi pake gk emang udh pensi ampas
